{"type":"FeatureCollection", "features": [
{"type":"Feature","geometry":{"type":"Polygon","coordinates":[[[-0.11033,40.2341],[-0.11301,40.23862],[-0.1199,40.24069],[-0.1219,40.24381],[-0.11935,40.24653],[-0.1188,40.25164],[-0.11562,40.25483],[-0.11201,40.26088],[-0.11337,40.26988],[-0.11074,40.2742],[-0.13888,40.28508],[-0.14184,40.28086],[-0.15443,40.27498],[-0.16078,40.2662],[-0.15964,40.25702],[-0.1569,40.25923],[-0.15369,40.2595],[-0.15327,40.25618],[-0.15072,40.25471],[-0.14935,40.24985],[-0.13811,40.24502],[-0.13925,40.24161],[-0.13541,40.23815],[-0.13765,40.23533],[-0.14764,40.23719],[-0.14987,40.23992],[-0.15748,40.24074],[-0.17017,40.23538],[-0.1779,40.23659],[-0.18243,40.23901],[-0.18415,40.24122],[-0.19266,40.2469],[-0.20979,40.25619],[-0.22774,40.2691],[-0.2385,40.27587],[-0.24535,40.27181],[-0.25362,40.26357],[-0.27775,40.25998],[-0.26337,40.24859],[-0.23964,40.23361],[-0.23393,40.22322],[-0.23113,40.22029],[-0.2272,40.21363],[-0.2249,40.21114],[-0.21892,40.20133],[-0.21264,40.19549],[-0.20653,40.18857],[-0.19683,40.17653],[-0.19113,40.18071],[-0.18722,40.18458],[-0.18326,40.18575],[-0.17554,40.19153],[-0.16866,40.19403],[-0.16246,40.19961],[-0.15748,40.20237],[-0.15485,40.20978],[-0.1451,40.21157],[-0.1406,40.21044],[-0.13898,40.21564],[-0.14115,40.21905],[-0.13599,40.22201],[-0.13451,40.22927],[-0.1276,40.22896],[-0.12429,40.22695],[-0.11627,40.22855],[-0.11026,40.23202],[-0.11033,40.2341]]]},"properties":{"NMUN":"Atzeneta del Maestrat","CMUN":"001"}},
{"type":"Feature","geometry":{"type":"Polygon","coordinates":[[[-0.31983,39.90218],[-0.32436,39.90733],[-0.32215,39.9092],[-0.33226,39.91157],[-0.35541,39.90718],[-0.36108,39.89752],[-0.37658,39.90142],[-0.38284,39.89473],[-0.37989,39.89419],[-0.3717,39.88726],[-0.3677,39.87993],[-0.36253,39.88048],[-0.35713,39.87858],[-0.34821,39.87703],[-0.34397,39.87431],[-0.33591,39.87435],[-0.3379,39.8779],[-0.33696,39.88613],[-0.33086,39.88611],[-0.32762,39.89343],[-0.32731,39.89723],[-0.31983,39.90218]]]},"properties":{"NMUN":"Aín","CMUN":"002"}},
{"type":"Feature","geometry":{"type":"Polygon","coordinates":[[[0.08398,40.38915],[0.07706,40.38738],[0.07623,40.39234],[0.06984,40.39456],[0.06849,40.39231],[0.06515,40.39299],[0.06445,40.39769],[0.05958,40.39398],[0.05547,40.39456],[0.05303,40.3997],[0.05043,40.39932],[0.04634,40.40321],[0.04706,40.40586],[0.04511,40.41035],[0.03512,40.41301],[0.03284,40.41705],[0.02977,40.41828],[0.02933,40.4216],[0.03215,40.42256],[0.0314,40.42819],[0.0329,40.43027],[0.0308,40.43695],[0.03161,40.44693],[0.02077,40.4444],[0.01412,40.44102],[0.00488,40.42757],[-0.00734,40.40801],[-0.01852,40.39549],[-0.03756,40.38499],[-0.04522,40.36689],[-0.0418,40.36529],[-0.03398,40.36505],[-0.02859,40.3625],[-0.02626,40.36159],[-0.01618,40.353],[-0.01812,40.34368],[-0.02284,40.3396],[-0.03166,40.32944],[-0.03356,40.32193],[-0.0313,40.31778],[-0.00746,40.31837],[0.00658,40.31795],[0.02299,40.32139],[0.03938,40.33574],[0.04938,40.34078],[0.05776,40.34996],[0.07167,40.36385],[0.08154,40.37523],[0.08398,40.38915]]]},"properties":{"NMUN":"Albocàsser","CMUN":"003"}},
{"type":"Feature","geometry":{"type":"Polygon","coordinates":[[[0.18073,40.34321],[0.16588,40.32783],[0.17391,40.3108],[0.18021,40.30338],[0.1808,40.2992],[0.18004,40.29419],[0.17405,40.29042],[0.17217,40.28691],[0.17393,40.27883],[0.17566,40.27736],[0.17681,40.26531],[0.17447,40.25688],[0.16041,40.23147],[0.16007,40.23147],[0.15381,40.22343],[0.15797,40.22114],[0.16605,40.21969],[0.17093,40.22164],[0.17928,40.2315],[0.19528,40.23582],[0.20665,40.23417],[0.21692,40.22987],[0.2305,40.22343],[0.23623,40.21889],[0.24625,40.21414],[0.24976,40.21186],[0.25375,40.20886],[0.25584,40.20346],[0.26028,40.20716],[0.26501,40.2095],[0.26817,40.21933],[0.2718,40.22473],[0.27327,40.2306],[0.27254,40.23414],[0.2765,40.23719],[0.27607,40.23926],[0.27859,40.2442],[0.28304,40.24577],[0.2863,40.24841],[0.28988,40.25416],[0.29614,40.25837],[0.30357,40.25938],[0.31141,40.26909],[0.31784,40.27074],[0.32261,40.27435],[0.32124,40.27698],[0.30959,40.29073],[0.30243,40.30028],[0.2962,40.30718],[0.29846,40.30969],[0.30064,40.31525],[0.30276,40.32346],[0.30131,40.3233],[0.26911,40.34482],[0.2421,40.36258],[0.21534,40.37802],[0.18953,40.39342],[0.18701,40.39136],[0.18458,40.3857],[0.17741,40.38084],[0.16921,40.37309],[0.16789,40.37058],[0.16973,40.36777],[0.16491,40.35977],[0.18073,40.34321]]]},"properties":{"NMUN":"Alcalà de Xivert","CMUN":"004"}},
{"type":"Feature","geometry":{"type":"Polygon","coordinates":[[[-0.14881,40.08802],[-0.15057,40.08982],[-0.15875,40.09428],[-0.16046,40.0973],[-0.1734,40.09894],[-0.176,40.10512],[-0.1859,40.11036],[-0.18934,40.11083],[-0.19146,40.11623],[-0.19256,40.122],[-0.1903,40.12507],[-0.19454,40.12761],[-0.20118,40.12598],[-0.22134,40.1178],[-0.22632,40.10855],[-0.22917,40.10615],[-0.23497,40.09683],[-0.24211,40.09969],[-0.25235,40.09854],[-0.25902,40.09555],[-0.25994,40.09236],[-0.25842,40.08807],[-0.26401,40.08507],[-0.27133,40.08295],[-0.2807,40.07915],[-0.29401,40.07141],[-0.30109,40.06544],[-0.30485,40.05863],[-0.30033,40.0584],[-0.29427,40.05542],[-0.29269,40.04731],[-0.28763,40.04793],[-0.28378,40.04856],[-0.27662,40.04352],[-0.27197,40.0411],[-0.2638,40.03896],[-0.25523,40.03368],[-0.24349,40.03125],[-0.23227,40.02603],[-0.22506,40.02585],[-0.21769,40.02252],[-0.21369,40.02267],[-0.21069,40.02083],[-0.20882,40.01225],[-0.20738,40.01145],[-0.19816,40.01426],[-0.18952,40.01801],[-0.18162,40.01914],[-0.17218,40.0227],[-0.1612,40.0198],[-0.16124,40.02537],[-0.16436,40.02865],[-0.15796,40.03302],[-0.16061,40.03711],[-0.15759,40.04596],[-0.15465,40.04949],[-0.15649,40.05352],[-0.15158,40.05659],[-0.15461,40.0619],[-0.16464,40.06634],[-0.16562,40.07157],[-0.1629,40.07556],[-0.15554,40.0807],[-0.15366,40.08601],[-0.14881,40.08802]]]},"properties":{"NMUN":"Alcora, l'","CMUN":"005"}},
{"type":"Feature","geometry":{"type":"Polygon","coordinates":[[[-0.31983,39.90218],[-0.31338,39.90176],[-0.31076,39.90319],[-0.3072,39.90819],[-0.30075,39.90863],[-0.29732,39.90692],[-0.29209,39.90756],[-0.291,39.9102],[-0.28181,39.90865],[-0.27903,39.91805],[-0.28046,39.92136],[-0.29015,39.92238],[-0.29529,39.92989],[-0.3056,39.93148],[-0.31748,39.93413],[-0.32035,39.93704],[-0.32459,39.93765],[-0.32819,39.94021],[-0.32997,39.94491],[-0.33715,39.94438],[-0.34304,39.93898],[-0.34376,39.93646],[-0.35326,39.93227],[-0.36456,39.93319],[-0.36917,39.93195],[-0.37217,39.92938],[-0.38174,39.92773],[-0.38553,39.93069],[-0.38968,39.93124],[-0.39557,39.93575],[-0.40083,39.9343],[-0.40601,39.9378],[-0.41137,39.93864],[-0.41679,39.93588],[-0.41337,39.92811],[-0.40406,39.92245],[-0.39005,39.9183],[-0.38918,39.91153],[-0.38561,39.90774],[-0.38094,39.90575],[-0.37658,39.90142],[-0.36108,39.89752],[-0.35541,39.90718],[-0.33226,39.91157],[-0.32215,39.9092],[-0.32436,39.90733],[-0.31983,39.90218]]]},"properties":{"NMUN":"Alcudia de Veo","CMUN":"006"}},
{"type":"Feature","geometry":{"type":"Polygon","coordinates":[[[-0.23921,39.86354],[-0.24218,39.86641],[-0.24821,39.86501],[-0.25348,39.86653],[-0.26651,39.86906],[-0.27334,39.87119],[-0.27901,39.87044],[-0.28157,39.87155],[-0.28524,39.8707],[-0.28895,39.86483],[-0.29339,39.86375],[-0.29229,39.8579],[-0.30006,39.85345],[-0.30247,39.84131],[-0.31279,39.8308],[-0.31629,39.82305],[-0.31347,39.82274],[-0.31047,39.81419],[-0.31602,39.79983],[-0.30857,39.79699],[-0.29831,39.80477],[-0.29238,39.80504],[-0.28742,39.80719],[-0.28619,39.80973],[-0.27263,39.8222],[-0.26976,39.82252],[-0.26618,39.82257],[-0.26282,39.82461],[-0.25761,39.83055],[-0.2532,39.83347],[-0.2558,39.83883],[-0.25635,39.84293],[-0.25415,39.84796],[-0.25211,39.84917],[-0.2455,39.85273],[-0.23997,39.85481],[-0.24275,39.8577],[-0.23921,39.86354]]]},"properties":{"NMUN":"Alfondeguilla","CMUN":"007"}},
{"type":"Feature","geometry":{"type":"Polygon","coordinates":[[[-0.37658,39.90142],[-0.38094,39.90575],[-0.38561,39.90774],[-0.38918,39.91153],[-0.39005,39.9183],[-0.40406,39.92245],[-0.41337,39.92811],[-0.41679,39.93588],[-0.4282,39.93706],[-0.43424,39.94003],[-0.44202,39.93725],[-0.45639,39.92748],[-0.46377,39.92674],[-0.46941,39.92372],[-0.45697,39.91976],[-0.45377,39.91766],[-0.45281,39.91404],[-0.45034,39.91295],[-0.44902,39.9091],[-0.44102,39.9043],[-0.43398,39.90239],[-0.41925,39.90592],[-0.41833,39.90085],[-0.40953,39.89843],[-0.41111,39.89166],[-0.40166,39.893],[-0.38284,39.89473],[-0.37658,39.90142]]]},"properties":{"NMUN":"Algimia de Almonacid","CMUN":"008"}},
{"type":"Feature","geometry":{"type":"Polygon","coordinates":[[[-0.05418,39.95488],[-0.05702,39.95553],[-0.05836,39.9557],[-0.06147,39.95587],[-0.07058,39.96],[-0.08537,39.97183],[-0.09194,39.97518],[-0.10366,39.98113],[-0.10784,39.98253],[-0.12223,39.98399],[-0.13379,39.98899],[-0.13461,39.98702],[-0.13647,39.98335],[-0.1466,39.97787],[-0.15369,39.97116],[-0.14907,39.9702],[-0.14145,39.96591],[-0.13417,39.96553],[-0.12993,39.96181],[-0.12026,39.96034],[-0.11841,39.96322],[-0.11533,39.96268],[-0.11326,39.95966],[-0.10662,39.95888],[-0.10308,39.95579],[-0.09513,39.95408],[-0.08627,39.95395],[-0.08234,39.95145],[-0.07775,39.94779],[-0.07636,39.94672],[-0.07479,39.94558],[-0.06894,39.94144],[-0.06629,39.93926],[-0.06108,39.9329],[-0.05515,39.92897],[-0.04487,39.92625],[-0.03573,39.92288],[-0.02359,39.91861],[-0.02069,39.91823],[-0.01366,39.91413],[-0.0101,39.91104],[-0.00592,39.91594],[-0.00417,39.92193],[0.00152,39.93612],[0.00198,39.93826],[0.00244,39.94283],[-0.01215,39.94795],[-0.01592,39.94905],[-0.0203,39.9468],[-0.02409,39.94629],[-0.03416,39.94962],[-0.03902,39.95068],[-0.04463,39.95066],[-0.05418,39.95488]]]},"properties":{"NMUN":"Almassora","CMUN":"009"}},
{"type":"Feature","geometry":{"type":"Polygon","coordinates":[[[-0.38284,39.89473],[-0.40166,39.893],[-0.41111,39.89166],[-0.42266,39.88763],[-0.43345,39.88541],[-0.44417,39.88102],[-0.44195,39.87657],[-0.43443,39.87026],[-0.43428,39.86112],[-0.42886,39.85662],[-0.42396,39.84923],[-0.42343,39.84547],[-0.4195,39.83846],[-0.41537,39.84181],[-0.40466,39.84828],[-0.40135,39.84888],[-0.39785,39.85321],[-0.39521,39.86086],[-0.39269,39.86241],[-0.39254,39.86579],[-0.38162,39.87565],[-0.37546,39.87684],[-0.3677,39.87993],[-0.3717,39.88726],[-0.37989,39.89419],[-0.38284,39.89473]]]},"properties":{"NMUN":"Almedíjar","CMUN":"010"}},
{"type":"Feature","geometry":{"type":"Polygon","coordinates":[[[-0.1767,39.74598],[-0.1916,39.75436],[-0.21107,39.76273],[-0.21854,39.76588],[-0.2282,39.76995],[-0.2461,39.7768],[-0.27653,39.77054],[-0.27543,39.76409],[-0.27156,39.76036],[-0.2737,39.7551],[-0.27119,39.75045],[-0.25981,39.74353],[-0.25713,39.74267],[-0.24622,39.7429],[-0.2423,39.74072],[-0.23474,39.73901],[-0.23396,39.74006],[-0.22577,39.7354],[-0.1956,39.72434],[-0.18857,39.72196],[-0.18294,39.73258],[-0.17755,39.7403],[-0.17229,39.74585],[-0.1767,39.74598]]]},"properties":{"NMUN":"Almenara","CMUN":"011"}},
{"type":"Feature","geometry":{"type":"Polygon","coordinates":[[[-0.52098,39.87288],[-0.52618,39.87338],[-0.53395,39.87248],[-0.53934,39.87012],[-0.55308,39.86587],[-0.56491,39.86546],[-0.59147,39.86624],[-0.60031,39.86702],[-0.61268,39.86617],[-0.61843,39.86401],[-0.62772,39.85807],[-0.6357,39.8519],[-0.63931,39.84691],[-0.6444,39.84136],[-0.65178,39.8373],[-0.65615,39.83596],[-0.65418,39.82788],[-0.65226,39.82286],[-0.65172,39.81856],[-0.65103,39.81195],[-0.64471,39.79159],[-0.64772,39.78793],[-0.64908,39.77084],[-0.65235,39.75409],[-0.64234,39.75012],[-0.63101,39.74633],[-0.62151,39.74505],[-0.59768,39.74305],[-0.58822,39.74169],[-0.58131,39.75672],[-0.57715,39.76802],[-0.57705,39.7732],[-0.55855,39.79054],[-0.5484,39.79573],[-0.53059,39.79598],[-0.51285,39.81318],[-0.50764,39.81523],[-0.50182,39.827],[-0.49436,39.83267],[-0.49395,39.83934],[-0.49949,39.84836],[-0.49989,39.84904],[-0.50204,39.85297],[-0.50745,39.85724],[-0.51299,39.86486],[-0.51618,39.87121],[-0.52098,39.87288]]]},"properties":{"NMUN":"Altura","CMUN":"012"}},
{"type":"Feature","geometry":{"type":"Polygon","coordinates":[[[-0.45654,40.08798],[-0.46175,40.09351],[-0.47276,40.10014],[-0.47767,40.09993],[-0.48845,40.10521],[-0.50029,40.10766],[-0.5045,40.1042],[-0.50835,40.09971],[-0.52893,40.08945],[-0.52501,40.08694],[-0.51353,40.08326],[-0.5024,40.07575],[-0.50153,40.07202],[-0.50329,40.06356],[-0.49223,40.0526],[-0.48826,40.05648],[-0.48362,40.05868],[-0.47847,40.06315],[-0.47569,40.06385],[-0.47193,40.06692],[-0.4611,40.07331],[-0.46101,40.0796],[-0.45646,40.08454],[-0.45654,40.08798]]]},"properties":{"NMUN":"Arañuel","CMUN":"013"}},
{"type":"Feature","geometry":{"type":"Polygon","coordinates":[[[-0.04288,40.41374],[-0.04463,40.41622],[-0.04559,40.42153],[-0.04901,40.42478],[-0.05083,40.42826],[-0.05138,40.4331],[-0.05488,40.43668],[-0.05675,40.44029],[-0.05532,40.44365],[-0.05803,40.45205],[-0.05558,40.45894],[-0.06159,40.46511],[-0.06315,40.47172],[-0.06808,40.47718],[-0.07524,40.48123],[-0.07334,40.48529],[-0.07379,40.48904],[-0.07624,40.49155],[-0.07916,40.49194],[-0.0799,40.49523],[-0.08309,40.49878],[-0.0861,40.50872],[-0.09366,40.51049],[-0.10177,40.50946],[-0.11154,40.51135],[-0.12176,40.5067],[-0.12518,40.50652],[-0.12906,40.50953],[-0.13445,40.50845],[-0.13809,40.50383],[-0.14217,40.50011],[-0.15061,40.49385],[-0.16459,40.48134],[-0.16891,40.47281],[-0.17542,40.46707],[-0.18033,40.46634],[-0.19365,40.46667],[-0.19868,40.46626],[-0.2127,40.46343],[-0.20581,40.45812],[-0.20453,40.45544],[-0.20045,40.45352],[-0.19123,40.446],[-0.18366,40.4456],[-0.17555,40.44013],[-0.16285,40.43263],[-0.15968,40.43083],[-0.15518,40.42582],[-0.14667,40.41914],[-0.14689,40.41132],[-0.14309,40.41073],[-0.14197,40.4071],[-0.13757,40.40632],[-0.13243,40.40367],[-0.12587,40.40547],[-0.12124,40.40142],[-0.11726,40.40147],[-0.11681,40.39732],[-0.11431,40.39212],[-0.10747,40.38742],[-0.10062,40.38403],[-0.09367,40.38297],[-0.07829,40.37817],[-0.07198,40.37976],[-0.06942,40.37963],[-0.05716,40.37305],[-0.05285,40.37127],[-0.05117,40.36729],[-0.04522,40.36689],[-0.04597,40.36913],[-0.04971,40.37014],[-0.05558,40.38061],[-0.0541,40.38408],[-0.05115,40.38535],[-0.04764,40.38932],[-0.04285,40.39309],[-0.04004,40.39763],[-0.0412,40.40098],[-0.03965,40.40315],[-0.04288,40.41374]]]},"properties":{"NMUN":"Ares del Maestrat","CMUN":"014"}},
{"type":"Feature","geometry":{"type":"Polygon","coordinates":[[[-0.31019,40.06581],[-0.31089,40.06733],[-0.31871,40.06677],[-0.32182,40.06984],[-0.31981,40.07356],[-0.32343,40.07982],[-0.32425,40.08353],[-0.322,40.08553],[-0.32073,40.09132],[-0.32111,40.09503],[-0.31774,40.09895],[-0.31821,40.10048],[-0.32967,40.09338],[-0.33384,40.09272],[-0.33776,40.08616],[-0.34331,40.08221],[-0.36354,40.07432],[-0.3678,40.07449],[-0.36878,40.0734],[-0.3631,40.06746],[-0.36327,40.064],[-0.36662,40.05989],[-0.36765,40.05536],[-0.36322,40.0526],[-0.36209,40.0492],[-0.35588,40.04699],[-0.35512,40.04423],[-0.35191,40.04236],[-0.34488,40.04282],[-0.3424,40.04412],[-0.34181,40.0462],[-0.3281,40.05372],[-0.31302,40.06488],[-0.31019,40.06581]]]},"properties":{"NMUN":"Argelita","CMUN":"015"}},
{"type":"Feature","geometry":{"type":"Polygon","coordinates":[[[-0.23921,39.86354],[-0.23598,39.86102],[-0.21932,39.87624],[-0.20845,39.88836],[-0.20138,39.89424],[-0.19723,39.89889],[-0.20139,39.90259],[-0.20373,39.90185],[-0.21195,39.90666],[-0.21537,39.90997],[-0.22621,39.91829],[-0.23424,39.92605],[-0.24794,39.92609],[-0.25577,39.93005],[-0.26084,39.92602],[-0.2691,39.92206],[-0.27445,39.92301],[-0.27954,39.92281],[-0.28046,39.92136],[-0.27903,39.91805],[-0.28181,39.90865],[-0.27414,39.89602],[-0.27998,39.88666],[-0.28403,39.8833],[-0.2897,39.87493],[-0.28524,39.8707],[-0.28157,39.87155],[-0.27901,39.87044],[-0.27334,39.87119],[-0.26651,39.86906],[-0.25348,39.86653],[-0.24821,39.86501],[-0.24218,39.86641],[-0.23921,39.86354]]]},"properties":{"NMUN":"Artana","CMUN":"016"}},
{"type":"Feature","geometry":{"type":"Polygon","coordinates":[[[-0.34622,40.00467],[-0.35604,40.00703],[-0.37003,40.00607],[-0.37157,40.00666],[-0.38734,40.01667],[-0.40289,40.01994],[-0.40326,40.01184],[-0.41318,40.00319],[-0.42157,39.99906],[-0.41997,39.99335],[-0.41601,39.98762],[-0.41736,39.98323],[-0.42037,39.97989],[-0.4222,39.97601],[-0.41102,39.96908],[-0.40443,39.97424],[-0.39056,39.97661],[-0.38252,39.97106],[-0.36723,39.97131],[-0.36531,39.97359],[-0.36146,39.97433],[-0.35667,39.98135],[-0.35027,39.97801],[-0.34811,39.97534],[-0.345,39.9784],[-0.34131,39.97986],[-0.34972,39.98966],[-0.35263,39.99893],[-0.34622,40.00467]]]},"properties":{"NMUN":"Ayódar","CMUN":"017"}},
{"type":"Feature","geometry":{"type":"Polygon","coordinates":[[[-0.3677,39.87993],[-0.37546,39.87684],[-0.38162,39.87565],[-0.39254,39.86579],[-0.39269,39.86241],[-0.39521,39.86086],[-0.39785,39.85321],[-0.394,39.84924],[-0.38736,39.83848],[-0.37869,39.83175],[-0.37812,39.82452],[-0.3765,39.81788],[-0.36401,39.82189],[-0.3563,39.82369],[-0.34248,39.82156],[-0.33419,39.82354],[-0.32964,39.82352],[-0.33819,39.82922],[-0.34118,39.82917],[-0.34906,39.83267],[-0.35093,39.83805],[-0.34772,39.84677],[-0.34413,39.85132],[-0.34478,39.85712],[-0.34071,39.86434],[-0.34115,39.86714],[-0.34474,39.87151],[-0.34397,39.87431],[-0.34821,39.87703],[-0.35713,39.87858],[-0.36253,39.88048],[-0.3677,39.87993]]]},"properties":{"NMUN":"Azuébar","CMUN":"018"}},
{"type":"Feature","geometry":{"type":"Polygon","coordinates":[[[-0.65448,39.97995],[-0.66309,39.98465],[-0.66542,39.98837],[-0.66552,39.99134],[-0.67221,40.01116],[-0.67372,40.01729],[-0.6852,40.03159],[-0.68927,40.03595],[-0.68753,40.04099],[-0.7019,40.04565],[-0.71144,40.0366],[-0.71534,40.03252],[-0.74214,40.03589],[-0.74178,40.03204],[-0.73802,40.02063],[-0.73031,40.00514],[-0.71941,39.99869],[-0.71485,39.98784],[-0.70449,39.9559],[-0.70422,39.94835],[-0.69971,39.95287],[-0.68999,39.95191],[-0.6918,39.95664],[-0.68647,39.95716],[-0.68324,39.95877],[-0.67746,39.95913],[-0.6742,39.9624],[-0.66741,39.9607],[-0.66133,39.96188],[-0.65586,39.96388],[-0.65448,39.97995]]]},"properties":{"NMUN":"Barracas","CMUN":"020"}},
{"type":"Feature","geometry":{"type":"Polygon","coordinates":[[[-0.22621,39.91829],[-0.21537,39.90997],[-0.21195,39.90666],[-0.20373,39.90185],[-0.20139,39.90259],[-0.19723,39.89889],[-0.19356,39.89546],[-0.17944,39.89502],[-0.16972,39.8959],[-0.17096,39.90137],[-0.17062,39.9055],[-0.16824,39.91775],[-0.17146,39.93058],[-0.17495,39.93801],[-0.17719,39.94028],[-0.18284,39.94159],[-0.1883,39.94106],[-0.20196,39.94568],[-0.21005,39.94909],[-0.21289,39.94599],[-0.22503,39.93083],[-0.23021,39.92644],[-0.23424,39.92605],[-0.22621,39.91829]]]},"properties":{"NMUN":"Betxí","CMUN":"021"}},
{"type":"Feature","geometry":{"type":"Polygon","coordinates":[[[-0.68981,39.90308],[-0.69533,39.90754],[-0.69649,39.91362],[-0.6987,39.9184],[-0.70997,39.93083],[-0.72195,39.93989],[-0.72863,39.93425],[-0.73038,39.9343],[-0.73992,39.92947],[-0.75929,39.9239],[-0.76263,39.92363],[-0.76503,39.9209],[-0.77209,39.91841],[-0.77069,39.91628],[-0.77506,39.90891],[-0.78276,39.90477],[-0.78543,39.90234],[-0.79027,39.89565],[-0.79012,39.8916],[-0.79538,39.88498],[-0.79758,39.88325],[-0.78891,39.88581],[-0.78422,39.88619],[-0.77247,39.8834],[-0.75528,39.87853],[-0.74976,39.87546],[-0.73758,39.87031],[-0.7312,39.86879],[-0.72317,39.86926],[-0.71945,39.8681],[-0.71568,39.86952],[-0.71045,39.86908],[-0.70876,39.86726],[-0.70411,39.86841],[-0.70689,39.86997],[-0.70755,39.87291],[-0.71008,39.87535],[-0.7026,39.87947],[-0.69622,39.88765],[-0.69709,39.89603],[-0.68981,39.90308]]]},"properties":{"NMUN":"Bejís","CMUN":"022"}},
{"type":"Feature","geometry":{"type":"Polygon","coordinates":[[[-0.56364,39.93325],[-0.56399,39.93539],[-0.57454,39.94103],[-0.57751,39.94326],[-0.57887,39.94637],[-0.5852,39.94829],[-0.58766,39.95274],[-0.59719,39.95577],[-0.60057,39.95785],[-0.60201,39.96062],[-0.60243,39.96598],[-0.5985,39.97118],[-0.59552,39.97351],[-0.59522,39.97609],[-0.60166,39.9842],[-0.59716,39.99378],[-0.59723,39.99896],[-0.60013,40.00552],[-0.6031,40.00867],[-0.6055,40.00926],[-0.61641,40.01749],[-0.61839,40.01385],[-0.60994,40.00678],[-0.60929,40.00478],[-0.61334,39.99639],[-0.62106,39.99031],[-0.62391,39.98659],[-0.63687,39.98104],[-0.64314,39.98218],[-0.64718,39.98169],[-0.6414,39.97711],[-0.63787,39.9717],[-0.63115,39.96788],[-0.62635,39.96786],[-0.62336,39.96501],[-0.61179,39.95847],[-0.60429,39.95659],[-0.59859,39.95321],[-0.59551,39.94918],[-0.59609,39.9445],[-0.5896,39.93047],[-0.58464,39.92974],[-0.58005,39.92749],[-0.57367,39.92682],[-0.56868,39.933],[-0.56364,39.93325]]]},"properties":{"NMUN":"Benafer","CMUN":"024"}},
{"type":"Feature","geometry":{"type":"Polygon","coordinates":[[[-0.15964,40.25702],[-0.16232,40.25783],[-0.16347,40.26226],[-0.16986,40.26588],[-0.17034,40.27061],[-0.1685,40.27233],[-0.17114,40.27466],[-0.17208,40.27782],[-0.16906,40.28028],[-0.16837,40.28296],[-0.17179,40.28428],[-0.17517,40.28387],[-0.18153,40.2861],[-0.18534,40.2842],[-0.18885,40.28801],[-0.19418,40.28673],[-0.19569,40.2885],[-0.19298,40.29449],[-0.19756,40.30164],[-0.19536,40.30417],[-0.19562,40.3094],[-0.19789,40.31209],[-0.20294,40.31249],[-0.20049,40.31591],[-0.2062,40.31611],[-0.20418,40.31925],[-0.20446,40.32222],[-0.20934,40.32245],[-0.20941,40.32071],[-0.21584,40.3157],[-0.21634,40.31374],[-0.22469,40.30546],[-0.23141,40.29978],[-0.23765,40.29156],[-0.23863,40.28459],[-0.2385,40.27587],[-0.22774,40.2691],[-0.20979,40.25619],[-0.19266,40.2469],[-0.18415,40.24122],[-0.18243,40.23901],[-0.1779,40.23659],[-0.17017,40.23538],[-0.15748,40.24074],[-0.14987,40.23992],[-0.14764,40.23719],[-0.13765,40.23533],[-0.13541,40.23815],[-0.13925,40.24161],[-0.13811,40.24502],[-0.14935,40.24985],[-0.15072,40.25471],[-0.15327,40.25618],[-0.15369,40.2595],[-0.1569,40.25923],[-0.15964,40.25702]]]},"properties":{"NMUN":"Benafigos","CMUN":"025"}},
{"type":"Feature","geometry":{"type":"Polygon","coordinates":[[[-0.16285,40.43263],[-0.16503,40.43081],[-0.17432,40.43177],[-0.18091,40.43133],[-0.18751,40.42848],[-0.18997,40.42835],[-0.19661,40.42466],[-0.19899,40.42174],[-0.2088,40.42376],[-0.21205,40.42099],[-0.21393,40.4137],[-0.22415,40.40767],[-0.23154,40.40698],[-0.23002,40.40421],[-0.22961,40.39708],[-0.23576,40.394],[-0.23652,40.39176],[-0.24096,40.38935],[-0.25319,40.38632],[-0.26017,40.38374],[-0.26083,40.38111],[-0.26438,40.37795],[-0.26015,40.37428],[-0.25854,40.37129],[-0.25239,40.37548],[-0.24412,40.37508],[-0.24087,40.37352],[-0.23604,40.37426],[-0.23404,40.37071],[-0.2272,40.37184],[-0.22241,40.37147],[-0.2233,40.36905],[-0.21805,40.36874],[-0.21271,40.36443],[-0.21649,40.36014],[-0.21318,40.35244],[-0.20949,40.35215],[-0.20445,40.35335],[-0.2032,40.35105],[-0.20006,40.35033],[-0.19958,40.35475],[-0.19722,40.35559],[-0.19724,40.35951],[-0.19151,40.35869],[-0.18846,40.3609],[-0.17621,40.36049],[-0.16331,40.35646],[-0.15455,40.35643],[-0.14667,40.36031],[-0.13824,40.35959],[-0.12547,40.35556],[-0.11748,40.35433],[-0.11234,40.3526],[-0.0995,40.35056],[-0.09739,40.35165],[-0.09405,40.35623],[-0.08881,40.35902],[-0.08193,40.3604],[-0.07653,40.36706],[-0.07582,40.37165],[-0.07221,40.3772],[-0.07198,40.37976],[-0.07829,40.37817],[-0.09367,40.38297],[-0.10062,40.38403],[-0.10747,40.38742],[-0.11431,40.39212],[-0.11681,40.39732],[-0.11726,40.40147],[-0.12124,40.40142],[-0.12587,40.40547],[-0.13243,40.40367],[-0.13757,40.40632],[-0.14197,40.4071],[-0.14309,40.41073],[-0.14689,40.41132],[-0.14667,40.41914],[-0.15518,40.42582],[-0.15968,40.43083],[-0.16285,40.43263]]]},"properties":{"NMUN":"Benassal","CMUN":"026"}},
{"type":"Feature","geometry":{"type":"Polygon","coordinates":[[[0.43666,40.41637],[0.44153,40.42869],[0.44888,40.43927],[0.4536,40.44277],[0.4478,40.44755],[0.44447,40.44882],[0.44072,40.44812],[0.43712,40.45188],[0.43226,40.45959],[0.43287,40.46239],[0.42847,40.46568],[0.42623,40.47069],[0.42228,40.47192],[0.42281,40.47445],[0.41787,40.47824],[0.41078,40.48131],[0.40455,40.48116],[0.40024,40.48313],[0.39802,40.48737],[0.39426,40.48767],[0.39081,40.49052],[0.38286,40.49195],[0.37897,40.49018],[0.37416,40.48984],[0.37254,40.48084],[0.37397,40.47254],[0.37782,40.46425],[0.37611,40.45931],[0.37011,40.44866],[0.36848,40.44118],[0.35887,40.43658],[0.35718,40.42877],[0.35493,40.42425],[0.35593,40.42417],[0.39739,40.4079],[0.41483,40.40076],[0.41759,40.39958],[0.41892,40.4016],[0.42715,40.40903],[0.42981,40.40973],[0.43058,40.41167],[0.43258,40.41504],[0.43666,40.41637]]]},"properties":{"NMUN":"Benicarló","CMUN":"027"}},
{"type":"Feature","geometry":{"type":"Polygon","coordinates":[[[0.04796,40.07727],[0.04323,40.08043],[0.03657,40.08614],[0.03502,40.08646],[0.03092,40.08556],[0.01892,40.07943],[0.01246,40.07664],[0.00228,40.07035],[-0.0033,40.06441],[0.0041,40.05167],[0.00952,40.04315],[0.01331,40.03117],[0.01398,40.02946],[0.01581,40.02533],[0.03948,40.01538],[0.04058,40.0164],[0.04465,40.02605],[0.04685,40.03153],[0.05201,40.03761],[0.0624,40.04377],[0.06606,40.04634],[0.0706,40.04693],[0.07588,40.05209],[0.0831,40.05656],[0.08535,40.05719],[0.09003,40.05578],[0.08843,40.0594],[0.08702,40.06298],[0.08881,40.06813],[0.09297,40.07142],[0.09395,40.07403],[0.08874,40.07507],[0.08541,40.0794],[0.08556,40.08327],[0.07952,40.08329],[0.06366,40.0811],[0.05976,40.07992],[0.05367,40.07605],[0.04796,40.07727]]]},"properties":{"NMUN":"Benicàssim/Benicassim","CMUN":"028"}},
{"type":"Feature","geometry":{"type":"Polygon","coordinates":[[[0.15381,40.22343],[0.149,40.22262],[0.14721,40.22056],[0.14796,40.2162],[0.14582,40.21309],[0.13975,40.21315],[0.14028,40.20945],[0.13815,40.20648],[0.13348,40.20772],[0.1336,40.20307],[0.12955,40.20054],[0.10864,40.20052],[0.10474,40.2009],[0.09956,40.1988],[0.09155,40.20093],[0.08198,40.20498],[0.05183,40.20983],[0.04843,40.21244],[0.04842,40.22102],[0.04448,40.22506],[0.04078,40.2334],[0.03464,40.23696],[0.03083,40.24193],[0.02961,40.24529],[0.02403,40.24967],[0.00886,40.24222],[-0.00637,40.23415],[-0.01176,40.232],[-0.00758,40.22747],[-0.01094,40.2247],[-0.00833,40.21856],[-0.00868,40.21535],[-0.00582,40.20815],[-0.00348,40.20658],[0.00324,40.20677],[0.00955,40.20526],[0.0135,40.20171],[0.01448,40.19886],[0.0194,40.19512],[0.0211,40.18977],[0.02759,40.1877],[0.02522,40.18357],[0.04503,40.18563],[0.04942,40.18645],[0.07304,40.18625],[0.07856,40.18544],[0.08817,40.18251],[0.10352,40.18529],[0.10705,40.18541],[0.11261,40.18263],[0.11803,40.18092],[0.12304,40.18195],[0.12969,40.18649],[0.13439,40.18772],[0.14305,40.19459],[0.15064,40.19717],[0.15642,40.20528],[0.15476,40.21611],[0.15797,40.22114],[0.15381,40.22343]]]},"properties":{"NMUN":"Benlloc","CMUN":"029"}},
{"type":"Feature","geometry":{"type":"Polygon","coordinates":[[[0.00228,40.07035],[-0.00069,40.07414],[-0.00923,40.08185],[-0.01139,40.09739],[-0.02518,40.0903],[-0.04602,40.08961],[-0.05506,40.09154],[-0.05987,40.09101],[-0.06274,40.0876],[-0.0618,40.08268],[-0.06496,40.08067],[-0.06637,40.07977],[-0.07588,40.07371],[-0.09219,40.06157],[-0.09831,40.05876],[-0.10016,40.05905],[-0.10814,40.05388],[-0.1183,40.05355],[-0.12625,40.051],[-0.13056,40.0469],[-0.13787,40.03803],[-0.14495,40.0353],[-0.14842,40.03521],[-0.1536,40.03285],[-0.15791,40.03302],[-0.15154,40.02999],[-0.14984,40.03077],[-0.14138,40.02238],[-0.13221,40.01938],[-0.12058,40.00946],[-0.11432,40.00976],[-0.09729,40.0122],[-0.09165,40.01358],[-0.08708,40.01575],[-0.07542,40.0235],[-0.07002,40.02413],[-0.06285,40.02625],[-0.05906,40.02585],[-0.04825,40.0275],[-0.0439,40.02814],[-0.04104,40.03028],[-0.04205,40.03342],[-0.04025,40.03871],[-0.03609,40.04167],[-0.02827,40.04483],[-0.01681,40.04803],[-0.0043,40.06406],[-0.0033,40.06441],[0.00228,40.07035]]]},"properties":{"NMUN":"Borriol","CMUN":"031"}},
{"type":"Feature","geometry":{"type":"Polygon","coordinates":[[[-0.06108,39.9329],[-0.06278,39.93044],[-0.07161,39.92617],[-0.07725,39.92259],[-0.0836,39.92094],[-0.08777,39.91764],[-0.08991,39.91388],[-0.09084,39.90911],[-0.09624,39.90409],[-0.09628,39.90403],[-0.0955,39.90221],[-0.10337,39.89811],[-0.10209,39.89566],[-0.10454,39.89216],[-0.10809,39.88913],[-0.10919,39.88337],[-0.1195,39.87679],[-0.12761,39.87438],[-0.12996,39.87128],[-0.13735,39.86674],[-0.133,39.8647],[-0.12354,39.85649],[-0.11762,39.85356],[-0.10559,39.84653],[-0.09647,39.84131],[-0.08401,39.85631],[-0.0763,39.86248],[-0.07074,39.86472],[-0.06159,39.87186],[-0.05199,39.87819],[-0.04015,39.88715],[-0.03547,39.89231],[-0.0221,39.90217],[-0.01382,39.90671],[-0.0101,39.91104],[-0.01366,39.91413],[-0.02069,39.91823],[-0.02359,39.91861],[-0.03573,39.92288],[-0.04487,39.92625],[-0.05515,39.92897],[-0.06108,39.9329]]]},"properties":{"NMUN":"Borriana/Burriana","CMUN":"032"}},
{"type":"Feature","geometry":{"type":"Polygon","coordinates":[[[0.08556,40.08327],[0.09636,40.08932],[0.10544,40.09013],[0.10569,40.09577],[0.11052,40.09881],[0.11328,40.10326],[0.12038,40.11038],[0.11648,40.11175],[0.11615,40.11482],[0.12072,40.11959],[0.12381,40.12441],[0.13406,40.12834],[0.14582,40.12677],[0.16087,40.12391],[0.16597,40.13402],[0.17213,40.14452],[0.18165,40.15884],[0.18672,40.16512],[0.18803,40.16793],[0.19456,40.17464],[0.20148,40.18074],[0.18863,40.18755],[0.17029,40.19794],[0.15642,40.20528],[0.15064,40.19717],[0.14305,40.19459],[0.13439,40.18772],[0.12969,40.18649],[0.12304,40.18195],[0.11803,40.18092],[0.11261,40.18263],[0.10705,40.18541],[0.10352,40.18529],[0.08817,40.18251],[0.07856,40.18544],[0.07304,40.18625],[0.04942,40.18645],[0.04503,40.18563],[0.02522,40.18357],[0.01459,40.16552],[0.01763,40.15252],[0.01854,40.14289],[0.01701,40.14257],[0.0146,40.13428],[0.01856,40.12584],[0.01892,40.11865],[0.02028,40.11866],[0.0228,40.11825],[0.02427,40.10572],[0.03192,40.09007],[0.03502,40.08646],[0.03657,40.08614],[0.04323,40.08043],[0.04796,40.07727],[0.05367,40.07605],[0.05976,40.07992],[0.06366,40.0811],[0.07952,40.08329],[0.08556,40.08327]]]},"properties":{"NMUN":"Cabanes","CMUN":"033"}},
{"type":"Feature","geometry":{"type":"Polygon","coordinates":[[[0.37416,40.48984],[0.3765,40.49255],[0.37481,40.49514],[0.37029,40.49323],[0.3696,40.49693],[0.36073,40.50612],[0.3537,40.51184],[0.34586,40.50879],[0.3405,40.50007],[0.3279,40.48626],[0.33172,40.47537],[0.3374,40.46552],[0.33517,40.4555],[0.33212,40.4537],[0.33421,40.44824],[0.33288,40.44248],[0.32949,40.43735],[0.3391,40.43063],[0.34575,40.42138],[0.34803,40.42297],[0.35463,40.42425],[0.35493,40.42425],[0.35718,40.42877],[0.35887,40.43658],[0.36848,40.44118],[0.37011,40.44866],[0.37611,40.45931],[0.37782,40.46425],[0.37397,40.47254],[0.37254,40.48084],[0.37416,40.48984]]]},"properties":{"NMUN":"Càlig","CMUN":"034"}},
{"type":"Feature","geometry":{"type":"Polygon","coordinates":[[[0.30028,40.59162],[0.30087,40.59616],[0.30336,40.59889],[0.31104,40.61691],[0.30745,40.61359],[0.30147,40.61323],[0.29456,40.61403],[0.28606,40.61371],[0.2758,40.60467],[0.27029,40.59672],[0.26748,40.5898],[0.25888,40.57665],[0.25641,40.57487],[0.24898,40.57537],[0.24514,40.57902],[0.24092,40.58057],[0.24024,40.58277],[0.2308,40.58174],[0.22476,40.58641],[0.21916,40.58769],[0.21688,40.5864],[0.21364,40.59054],[0.21011,40.59236],[0.20827,40.5887],[0.20436,40.58723],[0.20252,40.59225],[0.19944,40.59261],[0.19465,40.59091],[0.18583,40.59555],[0.18353,40.5928],[0.17732,40.5899],[0.17399,40.58522],[0.17461,40.58401],[0.16319,40.57939],[0.18291,40.56444],[0.18584,40.55489],[0.18195,40.54162],[0.1708,40.53562],[0.18574,40.52675],[0.20107,40.51565],[0.21064,40.51696],[0.21569,40.51624],[0.21767,40.51716],[0.22973,40.51705],[0.23071,40.51912],[0.23608,40.52056],[0.25285,40.52694],[0.25925,40.53222],[0.27002,40.54429],[0.27717,40.5501],[0.2826,40.55346],[0.28389,40.55829],[0.29078,40.57246],[0.29785,40.586],[0.30028,40.59162]]]},"properties":{"NMUN":"Canet lo Roig","CMUN":"036"}},
{"type":"Feature","geometry":{"type":"Polygon","coordinates":[[[0.02644,40.69495],[0.02092,40.69356],[0.01597,40.6954],[0.00679,40.69601],[0.00137,40.69429],[-0.00598,40.69561],[-0.0096,40.69372],[-0.00967,40.68935],[-0.00146,40.68381],[0.00067,40.68107],[-0.00415,40.67684],[0.00203,40.67585],[0.00539,40.67358],[0.00478,40.66906],[0.00787,40.66462],[0.01121,40.66236],[0.01811,40.65877],[0.02128,40.65199],[0.01405,40.6486],[0.03813,40.65014],[0.04381,40.64953],[0.04952,40.64566],[0.06082,40.64434],[0.06401,40.64718],[0.06659,40.64724],[0.08182,40.64986],[0.08968,40.65026],[0.08926,40.65313],[0.09197,40.65471],[0.09789,40.65378],[0.09998,40.65483],[0.09614,40.66072],[0.08119,40.67609],[0.0706,40.67612],[0.06651,40.67805],[0.06055,40.68769],[0.0517,40.68278],[0.04701,40.68295],[0.04217,40.69101],[0.03718,40.69326],[0.02644,40.69495]]]},"properties":{"NMUN":"Castell de Cabres","CMUN":"037"}},
{"type":"Feature","geometry":{"type":"Polygon","coordinates":[[[-0.13809,40.50383],[-0.13984,40.50509],[-0.14314,40.51105],[-0.14278,40.51323],[-0.14752,40.5157],[-0.15096,40.51481],[-0.15719,40.52],[-0.16091,40.52064],[-0.16161,40.52844],[-0.16412,40.53106],[-0.16036,40.5333],[-0.16334,40.53925],[-0.16306,40.54223],[-0.15747,40.54555],[-0.15704,40.54853],[-0.16027,40.55021],[-0.16535,40.54783],[-0.16781,40.54338],[-0.17161,40.54409],[-0.17323,40.54703],[-0.17115,40.54893],[-0.16949,40.55367],[-0.17522,40.55534],[-0.1751,40.55927],[-0.17939,40.56031],[-0.18217,40.55924],[-0.1859,40.56001],[-0.18549,40.55493],[-0.18894,40.55259],[-0.19242,40.55353],[-0.19926,40.55163],[-0.20404,40.54498],[-0.2123,40.54176],[-0.2133,40.5379],[-0.21629,40.5369],[-0.22594,40.53822],[-0.23664,40.53828],[-0.23876,40.53331],[-0.236,40.53138],[-0.24438,40.52759],[-0.2404,40.52536],[-0.24308,40.5238],[-0.24339,40.51711],[-0.24698,40.51804],[-0.24885,40.5159],[-0.24651,40.51354],[-0.24859,40.50877],[-0.24295,40.50401],[-0.24492,40.5026],[-0.24458,40.4993],[-0.24827,40.49967],[-0.24686,40.49444],[-0.25056,40.49089],[-0.25518,40.49119],[-0.25229,40.48562],[-0.25601,40.48232],[-0.25405,40.47744],[-0.25642,40.47406],[-0.24542,40.47113],[-0.23754,40.47091],[-0.2202,40.46683],[-0.2127,40.46343],[-0.19868,40.46626],[-0.19365,40.46667],[-0.18033,40.46634],[-0.17542,40.46707],[-0.16891,40.47281],[-0.16459,40.48134],[-0.15061,40.49385],[-0.14217,40.50011],[-0.13809,40.50383]]]},"properties":{"NMUN":"Castellfort","CMUN":"038"}},
{"type":"Feature","geometry":{"type":"Polygon","coordinates":[[[-0.44417,39.88102],[-0.45384,39.88068],[-0.45977,39.87907],[-0.4658,39.87947],[-0.47728,39.87872],[-0.47729,39.87872],[-0.47984,39.8766],[-0.47987,39.87041],[-0.47722,39.86952],[-0.47724,39.86564],[-0.47272,39.86188],[-0.4725,39.85608],[-0.47066,39.85627],[-0.46778,39.85236],[-0.46519,39.84671],[-0.4624,39.84531],[-0.46081,39.84163],[-0.46441,39.83938],[-0.4623,39.83651],[-0.45869,39.8353],[-0.45427,39.83589],[-0.45208,39.83818],[-0.44558,39.83929],[-0.44494,39.83574],[-0.44239,39.83277],[-0.44626,39.8271],[-0.4449,39.82539],[-0.43947,39.82439],[-0.43713,39.82042],[-0.42851,39.82177],[-0.42577,39.82112],[-0.42877,39.82982],[-0.4195,39.83846],[-0.42343,39.84547],[-0.42396,39.84923],[-0.42886,39.85662],[-0.43428,39.86112],[-0.43443,39.87026],[-0.44195,39.87657],[-0.44417,39.88102]]]},"properties":{"NMUN":"Castellnovo","CMUN":"039"}},
{"type":"Feature","geometry":{"type":"Polygon","coordinates":[[[-0.1612,40.0198],[-0.15833,40.01136],[-0.15948,40.00479],[-0.15805,40.00142],[-0.15046,39.99803],[-0.14757,39.99562],[-0.14211,39.99296],[-0.13461,39.98702],[-0.13379,39.98899],[-0.12223,39.98399],[-0.10784,39.98253],[-0.10366,39.98113],[-0.09194,39.97518],[-0.08537,39.97183],[-0.07058,39.96],[-0.06147,39.95587],[-0.05836,39.9557],[-0.05702,39.95553],[-0.05418,39.95488],[-0.04463,39.95066],[-0.03902,39.95068],[-0.03416,39.94962],[-0.02409,39.94629],[-0.0203,39.9468],[-0.01592,39.94905],[-0.01215,39.94795],[0.00244,39.94283],[0.00492,39.95503],[0.00716,39.96192],[0.01099,39.96829],[0.01428,39.97041],[0.01717,39.97436],[0.02319,39.97308],[0.02053,39.97434],[0.02259,39.97835],[0.0246,39.98519],[0.02777,39.99255],[0.02722,39.99361],[0.03181,40.00208],[0.03557,40.012],[0.03948,40.01538],[0.01581,40.02533],[0.01398,40.02946],[0.01331,40.03117],[0.00952,40.04315],[0.0041,40.05167],[-0.0033,40.06441],[-0.0043,40.06406],[-0.01681,40.04803],[-0.02827,40.04483],[-0.03609,40.04167],[-0.04025,40.03871],[-0.04205,40.03342],[-0.04104,40.03028],[-0.0439,40.02814],[-0.04825,40.0275],[-0.05906,40.02585],[-0.06285,40.02625],[-0.07002,40.02413],[-0.07542,40.0235],[-0.08708,40.01575],[-0.09165,40.01358],[-0.09729,40.0122],[-0.11432,40.00976],[-0.12058,40.00946],[-0.13221,40.01938],[-0.14138,40.02238],[-0.14984,40.03077],[-0.15154,40.02999],[-0.15791,40.03302],[-0.15796,40.03302],[-0.16436,40.02865],[-0.16124,40.02537],[-0.1612,40.0198]]]},"properties":{"NMUN":"Castelló de la Plana","CMUN":"040"}},
{"type":"Feature","geometry":{"type":"Polygon","coordinates":[[[-0.32546,40.1169],[-0.33066,40.12856],[-0.33652,40.13211],[-0.3401,40.13678],[-0.34491,40.1382],[-0.35068,40.1426],[-0.35748,40.14357],[-0.36105,40.14571],[-0.36124,40.15092],[-0.3602,40.15566],[-0.36074,40.1639],[-0.36254,40.17355],[-0.35851,40.17804],[-0.34919,40.17936],[-0.34611,40.18291],[-0.34008,40.18359],[-0.33613,40.18592],[-0.33102,40.18493],[-0.32213,40.18995],[-0.32117,40.19133],[-0.3225,40.19736],[-0.31984,40.20377],[-0.32114,40.2091],[-0.33819,40.22051],[-0.33961,40.21322],[-0.34326,40.19965],[-0.34614,40.19816],[-0.34924,40.19188],[-0.34985,40.18685],[-0.36214,40.18066],[-0.36455,40.17788],[-0.36888,40.17575],[-0.37167,40.17073],[-0.37046,40.16919],[-0.37515,40.16461],[-0.38098,40.16373],[-0.38507,40.16128],[-0.39428,40.16173],[-0.39848,40.16293],[-0.40153,40.15782],[-0.39855,40.15648],[-0.39741,40.14864],[-0.3938,40.14427],[-0.39447,40.14189],[-0.40086,40.14192],[-0.40511,40.13761],[-0.40531,40.13402],[-0.40357,40.1294],[-0.4039,40.12304],[-0.40705,40.12116],[-0.41193,40.12221],[-0.41576,40.11963],[-0.41624,40.11621],[-0.42018,40.1144],[-0.42387,40.11108],[-0.4227,40.10932],[-0.41481,40.10745],[-0.40898,40.10433],[-0.40564,40.10129],[-0.40472,40.10592],[-0.40263,40.1091],[-0.39793,40.11074],[-0.38259,40.1139],[-0.37666,40.11298],[-0.37019,40.11536],[-0.36053,40.11569],[-0.35871,40.11358],[-0.35824,40.10735],[-0.34186,40.1119],[-0.32546,40.1169]]]},"properties":{"NMUN":"Castillo de Villamalefa","CMUN":"041"}},
{"type":"Feature","geometry":{"type":"Polygon","coordinates":[[[0.03161,40.44693],[0.03588,40.44966],[0.04037,40.44852],[0.04722,40.45465],[0.04983,40.46119],[0.05456,40.46589],[0.0581,40.46497],[0.06546,40.46801],[0.07152,40.46756],[0.07846,40.46862],[0.08081,40.47273],[0.08501,40.47742],[0.09163,40.48107],[0.08753,40.48799],[0.08711,40.49207],[0.08336,40.49655],[0.0819,40.50162],[0.07969,40.5028],[0.08138,40.50776],[0.08579,40.51492],[0.09105,40.5196],[0.092,40.52486],[0.09374,40.52558],[0.09258,40.52967],[0.09571,40.53614],[0.09875,40.53726],[0.09721,40.5456],[0.095,40.54742],[0.08311,40.54855],[0.08121,40.54778],[0.0792,40.54378],[0.07606,40.54201],[0.07082,40.53402],[0.06668,40.53264],[0.06405,40.53015],[0.06035,40.53211],[0.05169,40.53272],[0.04177,40.53186],[0.03583,40.53363],[0.02999,40.53125],[0.02046,40.53132],[0.01559,40.53345],[0.01044,40.53211],[0.00761,40.533],[0.00538,40.52996],[0.0092,40.52813],[0.00646,40.52427],[0.00412,40.5162],[0.00031,40.51397],[-0.00337,40.51422],[-0.00496,40.51167],[-0.0081,40.51116],[-0.00997,40.50007],[-0.01576,40.49248],[-0.01872,40.48545],[-0.02277,40.48387],[-0.02806,40.47758],[-0.0302,40.47217],[-0.02888,40.47008],[-0.03318,40.46533],[-0.03408,40.46134],[-0.03683,40.45685],[-0.04023,40.45498],[-0.04122,40.45264],[-0.03886,40.44416],[-0.03946,40.44148],[-0.03684,40.43174],[-0.04045,40.43107],[-0.03933,40.42764],[-0.04049,40.42314],[-0.03859,40.41675],[-0.03913,40.41452],[-0.04288,40.41374],[-0.03965,40.40315],[-0.0412,40.40098],[-0.04004,40.39763],[-0.04285,40.39309],[-0.04764,40.38932],[-0.05115,40.38535],[-0.0541,40.38408],[-0.05558,40.38061],[-0.04971,40.37014],[-0.04597,40.36913],[-0.04522,40.36689],[-0.03756,40.38499],[-0.01852,40.39549],[-0.00734,40.40801],[0.00488,40.42757],[0.01412,40.44102],[0.02077,40.4444],[0.03161,40.44693]]]},"properties":{"NMUN":"Catí","CMUN":"042"}},
{"type":"Feature","geometry":{"type":"Polygon","coordinates":[[[-0.56364,39.93325],[-0.56106,39.9316],[-0.55606,39.93331],[-0.5531,39.93307],[-0.5371,39.94457],[-0.52524,39.94971],[-0.51979,39.95107],[-0.51859,39.95337],[-0.51582,39.95832],[-0.5125,39.96354],[-0.50971,39.96585],[-0.51847,39.97088],[-0.5187,39.97812],[-0.52242,39.98221],[-0.52612,39.98464],[-0.5293,39.99248],[-0.5334,40.00051],[-0.52643,40.00943],[-0.53674,40.01273],[-0.54772,40.01128],[-0.55512,40.01278],[-0.5821,40.01458],[-0.58127,40.02082],[-0.58527,40.0244],[-0.59897,40.02624],[-0.60243,40.02886],[-0.60972,40.03785],[-0.61324,40.03737],[-0.6184,40.04521],[-0.62051,40.04585],[-0.63085,40.04804],[-0.64575,40.04983],[-0.66411,40.05144],[-0.67988,40.04568],[-0.66803,40.04251],[-0.65994,40.04443],[-0.65568,40.04431],[-0.65238,40.04283],[-0.64974,40.03844],[-0.64411,40.037],[-0.64153,40.03533],[-0.63277,40.03493],[-0.63076,40.03284],[-0.61879,40.03155],[-0.61897,40.02827],[-0.6212,40.0218],[-0.61766,40.02049],[-0.61641,40.01749],[-0.6055,40.00926],[-0.6031,40.00867],[-0.60013,40.00552],[-0.59723,39.99896],[-0.59716,39.99378],[-0.60166,39.9842],[-0.59522,39.97609],[-0.59552,39.97351],[-0.5985,39.97118],[-0.60243,39.96598],[-0.60201,39.96062],[-0.60057,39.95785],[-0.59719,39.95577],[-0.58766,39.95274],[-0.5852,39.94829],[-0.57887,39.94637],[-0.57751,39.94326],[-0.57454,39.94103],[-0.56399,39.93539],[-0.56364,39.93325]]]},"properties":{"NMUN":"Caudiel","CMUN":"043"}},
{"type":"Feature","geometry":{"type":"Polygon","coordinates":[[[0.3279,40.48626],[0.3207,40.49094],[0.30699,40.49582],[0.29314,40.49978],[0.28762,40.49674],[0.28417,40.49214],[0.27997,40.48987],[0.271,40.4895],[0.26833,40.48644],[0.26433,40.48499],[0.24966,40.4877],[0.2481,40.47772],[0.23374,40.48006],[0.22886,40.47326],[0.2266,40.46457],[0.22389,40.44945],[0.22152,40.44195],[0.22097,40.43344],[0.21983,40.42811],[0.21152,40.42112],[0.21565,40.41595],[0.21836,40.41628],[0.22115,40.41312],[0.22952,40.41168],[0.2346,40.40734],[0.23944,40.40673],[0.24605,40.40404],[0.2514,40.40415],[0.26211,40.40194],[0.26759,40.39857],[0.27371,40.40004],[0.27805,40.39868],[0.28239,40.39487],[0.28658,40.39617],[0.29927,40.39758],[0.30427,40.39338],[0.31248,40.39342],[0.32935,40.40147],[0.33816,40.40763],[0.34037,40.41708],[0.34575,40.42138],[0.3391,40.43063],[0.32949,40.43735],[0.33288,40.44248],[0.33421,40.44824],[0.33212,40.4537],[0.33517,40.4555],[0.3374,40.46552],[0.33172,40.47537],[0.3279,40.48626]]]},"properties":{"NMUN":"Cervera del Maestre","CMUN":"044"}},
{"type":"Feature","geometry":{"type":"Polygon","coordinates":[[[-0.1859,40.56001],[-0.1883,40.56426],[-0.18616,40.56775],[-0.18704,40.57181],[-0.18253,40.57881],[-0.182,40.58192],[-0.18674,40.58528],[-0.18884,40.5885],[-0.18693,40.59764],[-0.19363,40.59874],[-0.19702,40.59192],[-0.20088,40.59349],[-0.20735,40.59837],[-0.20752,40.60319],[-0.21576,40.61283],[-0.21524,40.61436],[-0.21915,40.61594],[-0.22441,40.61563],[-0.22498,40.61299],[-0.23062,40.60851],[-0.23792,40.60777],[-0.24237,40.60617],[-0.24466,40.59947],[-0.24637,40.59829],[-0.25495,40.60546],[-0.25875,40.60641],[-0.26229,40.60367],[-0.26144,40.60072],[-0.25398,40.59764],[-0.24822,40.59238],[-0.24813,40.58614],[-0.25336,40.58017],[-0.25366,40.57845],[-0.25129,40.57274],[-0.25113,40.56607],[-0.24934,40.56207],[-0.24098,40.55626],[-0.22925,40.54953],[-0.22827,40.54519],[-0.23265,40.54354],[-0.23653,40.54485],[-0.23664,40.53828],[-0.22594,40.53822],[-0.21629,40.5369],[-0.2133,40.5379],[-0.2123,40.54176],[-0.20404,40.54498],[-0.19926,40.55163],[-0.19242,40.55353],[-0.18894,40.55259],[-0.18549,40.55493],[-0.1859,40.56001]]]},"properties":{"NMUN":"Cinctorres","CMUN":"045"}},
{"type":"Feature","geometry":{"type":"Polygon","coordinates":[[[-0.49223,40.0526],[-0.4995,40.04932],[-0.50081,40.04308],[-0.50468,40.04215],[-0.50551,40.03761],[-0.50389,40.03306],[-0.50652,40.03034],[-0.50105,40.02676],[-0.49044,40.02258],[-0.48837,40.0232],[-0.48352,40.01545],[-0.4827,40.01229],[-0.48405,40.00902],[-0.47848,40.00733],[-0.468,40.00745],[-0.46557,40.01203],[-0.45686,40.0212],[-0.45129,40.0284],[-0.44763,40.03081],[-0.4467,40.03162],[-0.43274,40.03775],[-0.43226,40.03887],[-0.42888,40.04386],[-0.42326,40.04711],[-0.41816,40.05156],[-0.41385,40.06046],[-0.40583,40.0722],[-0.40347,40.07469],[-0.40582,40.08547],[-0.42253,40.08482],[-0.44166,40.08643],[-0.45654,40.08798],[-0.45646,40.08454],[-0.46101,40.0796],[-0.4611,40.07331],[-0.47193,40.06692],[-0.47569,40.06385],[-0.47847,40.06315],[-0.48362,40.05868],[-0.48826,40.05648],[-0.49223,40.0526]]]},"properties":{"NMUN":"Cirat","CMUN":"046"}},
{"type":"Feature","geometry":{"type":"Polygon","coordinates":[[[-0.50029,40.10766],[-0.48863,40.12329],[-0.48288,40.13249],[-0.49139,40.16079],[-0.48224,40.16156],[-0.48446,40.17533],[-0.48811,40.18378],[-0.48962,40.18919],[-0.4942,40.19647],[-0.49492,40.19991],[-0.50174,40.19967],[-0.50717,40.20085],[-0.50663,40.20348],[-0.5075,40.21142],[-0.51026,40.21595],[-0.5135,40.22966],[-0.51059,40.23178],[-0.5259,40.23732],[-0.53123,40.24079],[-0.54419,40.25166],[-0.5479,40.24426],[-0.55761,40.21271],[-0.55907,40.21011],[-0.55789,40.20084],[-0.56096,40.19736],[-0.56374,40.18865],[-0.57216,40.18147],[-0.57085,40.18069],[-0.57127,40.17585],[-0.57397,40.17296],[-0.57329,40.16884],[-0.56965,40.16285],[-0.56896,40.15859],[-0.57085,40.15519],[-0.57548,40.15165],[-0.57466,40.14902],[-0.57896,40.14789],[-0.57988,40.14496],[-0.58013,40.13723],[-0.57971,40.13636],[-0.5709,40.13278],[-0.56366,40.12802],[-0.5569,40.12638],[-0.54526,40.12233],[-0.53797,40.12106],[-0.53416,40.12252],[-0.52916,40.12616],[-0.52289,40.12527],[-0.51685,40.11828],[-0.51312,40.11042],[-0.50943,40.1099],[-0.5045,40.1042],[-0.50029,40.10766]]]},"properties":{"NMUN":"Cortes de Arenoso","CMUN":"048"}},
{"type":"Feature","geometry":{"type":"Polygon","coordinates":[[[-0.14881,40.08802],[-0.14325,40.09022],[-0.14573,40.09589],[-0.14517,40.09763],[-0.14791,40.10167],[-0.14142,40.10552],[-0.14174,40.11098],[-0.13805,40.11278],[-0.14237,40.11474],[-0.14232,40.11682],[-0.13752,40.12124],[-0.13435,40.12796],[-0.13013,40.12954],[-0.13348,40.1327],[-0.13436,40.13605],[-0.13145,40.13886],[-0.13594,40.14388],[-0.14525,40.14539],[-0.1506,40.14009],[-0.15448,40.14002],[-0.15967,40.1421],[-0.16504,40.14318],[-0.17004,40.14265],[-0.17092,40.14562],[-0.17904,40.14465],[-0.18561,40.14119],[-0.18988,40.13641],[-0.19322,40.13468],[-0.19221,40.13276],[-0.19454,40.12761],[-0.1903,40.12507],[-0.19256,40.122],[-0.19146,40.11623],[-0.18934,40.11083],[-0.1859,40.11036],[-0.176,40.10512],[-0.1734,40.09894],[-0.16046,40.0973],[-0.15875,40.09428],[-0.15057,40.08982],[-0.14881,40.08802]]]},"properties":{"NMUN":"Costur","CMUN":"049"}},
{"type":"Feature","geometry":{"type":"Polygon","coordinates":[[[0.04938,40.34078],[0.05418,40.33865],[0.06018,40.33469],[0.06107,40.32295],[0.05946,40.3138],[0.05627,40.30746],[0.05843,40.30188],[0.05818,40.29856],[0.04585,40.28785],[0.03503,40.28168],[0.02742,40.27931],[0.03134,40.27584],[0.0395,40.27201],[0.0452,40.27227],[0.05768,40.2739],[0.06054,40.27829],[0.06382,40.28067],[0.07213,40.28108],[0.07994,40.2836],[0.08794,40.27963],[0.09415,40.28048],[0.09772,40.28356],[0.10343,40.28355],[0.10831,40.28621],[0.11298,40.28271],[0.11634,40.26885],[0.14327,40.24295],[0.15405,40.23614],[0.15511,40.23437],[0.16007,40.23147],[0.16041,40.23147],[0.17447,40.25688],[0.17681,40.26531],[0.17566,40.27736],[0.17393,40.27883],[0.17217,40.28691],[0.17405,40.29042],[0.18004,40.29419],[0.1808,40.2992],[0.18021,40.30338],[0.17391,40.3108],[0.16588,40.32783],[0.18073,40.34321],[0.16491,40.35977],[0.16973,40.36777],[0.16789,40.37058],[0.16921,40.37309],[0.15091,40.38212],[0.13754,40.38149],[0.134,40.38334],[0.12889,40.39198],[0.12393,40.39232],[0.12016,40.39452],[0.12045,40.397],[0.11569,40.4026],[0.11242,40.40484],[0.11306,40.40847],[0.10679,40.41635],[0.10042,40.41786],[0.09085,40.40826],[0.08711,40.40218],[0.08617,40.39437],[0.08398,40.38915],[0.08154,40.37523],[0.07167,40.36385],[0.05776,40.34996],[0.04938,40.34078]]]},"properties":{"NMUN":"Coves de Vinromà, les","CMUN":"050"}},
{"type":"Feature","geometry":{"type":"Polygon","coordinates":[[[-0.11033,40.2341],[-0.10403,40.23309],[-0.10353,40.23907],[-0.0985,40.23997],[-0.09412,40.23622],[-0.09336,40.23119],[-0.09403,40.22807],[-0.09851,40.2239],[-0.0946,40.22134],[-0.08863,40.22112],[-0.0855,40.22001],[-0.08449,40.22588],[-0.08145,40.2263],[-0.08005,40.23312],[-0.07769,40.23848],[-0.07727,40.24828],[-0.07593,40.25429],[-0.08189,40.25705],[-0.08178,40.26089],[-0.07943,40.26233],[-0.07345,40.26283],[-0.07049,40.26457],[-0.06893,40.26859],[-0.07072,40.27097],[-0.06859,40.27475],[-0.06506,40.27511],[-0.06774,40.27908],[-0.0583,40.28379],[-0.0569,40.28709],[-0.0571,40.29154],[-0.0559,40.29895],[-0.04859,40.3021],[-0.04521,40.31348],[-0.04421,40.31496],[-0.03939,40.31483],[-0.03356,40.32193],[-0.03166,40.32944],[-0.02284,40.3396],[-0.01812,40.34368],[-0.01618,40.353],[-0.02626,40.36159],[-0.02859,40.3625],[-0.03893,40.34997],[-0.04472,40.34378],[-0.04494,40.33983],[-0.04843,40.33678],[-0.05878,40.32158],[-0.08578,40.29785],[-0.10485,40.31294],[-0.10547,40.32469],[-0.10231,40.32815],[-0.09789,40.33019],[-0.09107,40.33076],[-0.08363,40.33436],[-0.09263,40.33736],[-0.0901,40.34437],[-0.08772,40.34794],[-0.08718,40.35118],[-0.08881,40.35902],[-0.09405,40.35623],[-0.09739,40.35165],[-0.0995,40.35056],[-0.11234,40.3526],[-0.11748,40.35433],[-0.12547,40.35556],[-0.13824,40.35959],[-0.14667,40.36031],[-0.15455,40.35643],[-0.16331,40.35646],[-0.17621,40.36049],[-0.18846,40.3609],[-0.19151,40.35869],[-0.19724,40.35951],[-0.19722,40.35559],[-0.19958,40.35475],[-0.20006,40.35033],[-0.2032,40.35105],[-0.20591,40.34743],[-0.20924,40.34503],[-0.2025,40.3441],[-0.20594,40.33944],[-0.2031,40.33778],[-0.20216,40.33405],[-0.20494,40.33283],[-0.20403,40.33012],[-0.20934,40.32245],[-0.20446,40.32222],[-0.20418,40.31925],[-0.2062,40.31611],[-0.20049,40.31591],[-0.20294,40.31249],[-0.19789,40.31209],[-0.19562,40.3094],[-0.19536,40.30417],[-0.19756,40.30164],[-0.19298,40.29449],[-0.19569,40.2885],[-0.19418,40.28673],[-0.18885,40.28801],[-0.18534,40.2842],[-0.18153,40.2861],[-0.17517,40.28387],[-0.17179,40.28428],[-0.16837,40.28296],[-0.16906,40.28028],[-0.17208,40.27782],[-0.17114,40.27466],[-0.1685,40.27233],[-0.17034,40.27061],[-0.16986,40.26588],[-0.16347,40.26226],[-0.16232,40.25783],[-0.15964,40.25702],[-0.16078,40.2662],[-0.15443,40.27498],[-0.14184,40.28086],[-0.13888,40.28508],[-0.11074,40.2742],[-0.11337,40.26988],[-0.11201,40.26088],[-0.11562,40.25483],[-0.1188,40.25164],[-0.11935,40.24653],[-0.1219,40.24381],[-0.1199,40.24069],[-0.11301,40.23862],[-0.11033,40.2341]]]},"properties":{"NMUN":"Culla","CMUN":"051"}},
{"type":"Feature","geometry":{"type":"Polygon","coordinates":[[[0.16319,40.57939],[0.15354,40.57599],[0.14461,40.5749],[0.14133,40.57687],[0.12817,40.58059],[0.12199,40.58506],[0.11629,40.58659],[0.10806,40.58558],[0.09934,40.58293],[0.0877,40.57574],[0.07863,40.5721],[0.07776,40.56589],[0.08256,40.56111],[0.08499,40.55624],[0.08424,40.54978],[0.08311,40.54855],[0.095,40.54742],[0.09721,40.5456],[0.09875,40.53726],[0.09571,40.53614],[0.09258,40.52967],[0.09374,40.52558],[0.092,40.52486],[0.09105,40.5196],[0.08579,40.51492],[0.08138,40.50776],[0.07969,40.5028],[0.0819,40.50162],[0.08336,40.49655],[0.08711,40.49207],[0.08753,40.48799],[0.09163,40.48107],[0.09747,40.48133],[0.09997,40.47978],[0.10453,40.481],[0.10964,40.4858],[0.11653,40.48774],[0.11842,40.48974],[0.12489,40.48995],[0.13142,40.4874],[0.13917,40.48982],[0.15928,40.50008],[0.16971,40.5049],[0.17174,40.50599],[0.17932,40.50207],[0.18224,40.49891],[0.18999,40.49683],[0.20095,40.49786],[0.20608,40.49947],[0.20288,40.51109],[0.20107,40.51565],[0.18574,40.52675],[0.1708,40.53562],[0.18195,40.54162],[0.18584,40.55489],[0.18291,40.56444],[0.16319,40.57939]]]},"properties":{"NMUN":"Xert","CMUN":"052"}},
{"type":"Feature","geometry":{"type":"Polygon","coordinates":[[[-0.18142,39.79855],[-0.18442,39.80028],[-0.20267,39.80191],[-0.20507,39.79661],[-0.20668,39.79078],[-0.2102,39.78699],[-0.19811,39.77671],[-0.17069,39.75528],[-0.16648,39.7524],[-0.16132,39.75873],[-0.15222,39.77015],[-0.155,39.77216],[-0.16074,39.77888],[-0.16945,39.78821],[-0.17945,39.79723],[-0.18142,39.79855]]]},"properties":{"NMUN":"Chilches/Xilxes","CMUN":"053"}},
{"type":"Feature","geometry":{"type":"Polygon","coordinates":[[[-0.27775,40.25998],[-0.28293,40.26472],[-0.29065,40.26616],[-0.29646,40.26821],[-0.3031,40.26736],[-0.3063,40.26603],[-0.31181,40.26552],[-0.31297,40.25776],[-0.31744,40.25497],[-0.31878,40.24867],[-0.32453,40.2482],[-0.32923,40.24017],[-0.32971,40.23736],[-0.33298,40.23436],[-0.3374,40.23609],[-0.34473,40.23478],[-0.3486,40.23101],[-0.34974,40.22271],[-0.33819,40.22051],[-0.32114,40.2091],[-0.31753,40.21131],[-0.29171,40.2052],[-0.26867,40.19666],[-0.25188,40.20348],[-0.23881,40.22386],[-0.23393,40.22322],[-0.23964,40.23361],[-0.26337,40.24859],[-0.27775,40.25998]]]},"properties":{"NMUN":"Xodos/Chodos","CMUN":"055"}},
{"type":"Feature","geometry":{"type":"Polygon","coordinates":[[[-0.34397,39.87431],[-0.34474,39.87151],[-0.34115,39.86714],[-0.34071,39.86434],[-0.34478,39.85712],[-0.34413,39.85132],[-0.34772,39.84677],[-0.35093,39.83805],[-0.34906,39.83267],[-0.34118,39.82917],[-0.33819,39.82922],[-0.32964,39.82352],[-0.32742,39.82441],[-0.31629,39.82305],[-0.31279,39.8308],[-0.30247,39.84131],[-0.30006,39.85345],[-0.29229,39.8579],[-0.29339,39.86375],[-0.298,39.86702],[-0.30442,39.86825],[-0.30626,39.86735],[-0.31216,39.86821],[-0.31753,39.86531],[-0.3245,39.86692],[-0.32542,39.8722],[-0.33591,39.87435],[-0.34397,39.87431]]]},"properties":{"NMUN":"Chóvar","CMUN":"056"}},
{"type":"Feature","geometry":{"type":"Polygon","coordinates":[[[-0.33591,39.87435],[-0.32542,39.8722],[-0.3245,39.86692],[-0.31753,39.86531],[-0.31216,39.86821],[-0.30626,39.86735],[-0.30442,39.86825],[-0.298,39.86702],[-0.29339,39.86375],[-0.28895,39.86483],[-0.28524,39.8707],[-0.2897,39.87493],[-0.28403,39.8833],[-0.27998,39.88666],[-0.27414,39.89602],[-0.28181,39.90865],[-0.291,39.9102],[-0.29209,39.90756],[-0.29732,39.90692],[-0.30075,39.90863],[-0.3072,39.90819],[-0.31076,39.90319],[-0.31338,39.90176],[-0.31983,39.90218],[-0.32731,39.89723],[-0.32762,39.89343],[-0.33086,39.88611],[-0.33696,39.88613],[-0.3379,39.8779],[-0.33591,39.87435]]]},"properties":{"NMUN":"Eslida","CMUN":"057"}},
{"type":"Feature","geometry":{"type":"Polygon","coordinates":[[[-0.34622,40.00467],[-0.34038,40.01451],[-0.33627,40.02238],[-0.34113,40.02129],[-0.34413,40.02207],[-0.34507,40.02779],[-0.34334,40.03216],[-0.34604,40.0367],[-0.34561,40.03831],[-0.35291,40.03898],[-0.35827,40.03644],[-0.36024,40.03225],[-0.36864,40.0298],[-0.37649,40.02838],[-0.3843,40.0295],[-0.39051,40.0276],[-0.39664,40.02693],[-0.39872,40.03028],[-0.39972,40.02823],[-0.40735,40.02565],[-0.40289,40.01994],[-0.38734,40.01667],[-0.37157,40.00666],[-0.37003,40.00607],[-0.35604,40.00703],[-0.34622,40.00467]]]},"properties":{"NMUN":"Espadilla","CMUN":"058"}},
{"type":"Feature","geometry":{"type":"Polygon","coordinates":[[[-0.30485,40.05863],[-0.30995,40.06281],[-0.31019,40.06581],[-0.31302,40.06488],[-0.3281,40.05372],[-0.3223,40.04594],[-0.32256,40.03546],[-0.32418,40.02981],[-0.33627,40.02238],[-0.34038,40.01451],[-0.34622,40.00467],[-0.35263,39.99893],[-0.34972,39.98966],[-0.34131,39.97986],[-0.33041,39.97812],[-0.32845,39.97342],[-0.32081,39.96977],[-0.31584,39.97242],[-0.31288,39.97535],[-0.30833,39.97848],[-0.30487,39.97942],[-0.29969,39.98322],[-0.29378,39.99173],[-0.28131,40.00186],[-0.28471,40.01156],[-0.28697,40.0193],[-0.29112,40.0227],[-0.29747,40.03472],[-0.29878,40.03982],[-0.29269,40.04731],[-0.29427,40.05542],[-0.30033,40.0584],[-0.30485,40.05863]]]},"properties":{"NMUN":"Fanzara","CMUN":"059"}},
{"type":"Feature","geometry":{"type":"Polygon","coordinates":[[[-0.19454,40.12761],[-0.19221,40.13276],[-0.19322,40.13468],[-0.18988,40.13641],[-0.18561,40.14119],[-0.18828,40.13994],[-0.19357,40.14101],[-0.198,40.14417],[-0.21301,40.14488],[-0.22038,40.14133],[-0.22116,40.13705],[-0.23231,40.13363],[-0.25172,40.12477],[-0.24718,40.12034],[-0.25583,40.11428],[-0.25018,40.1106],[-0.23515,40.10666],[-0.22917,40.10615],[-0.22632,40.10855],[-0.22134,40.1178],[-0.20118,40.12598],[-0.19454,40.12761]]]},"properties":{"NMUN":"Figueroles","CMUN":"060"}},
{"type":"Feature","geometry":{"type":"Polygon","coordinates":[[[-0.21524,40.61436],[-0.20169,40.61862],[-0.19989,40.61653],[-0.19388,40.61706],[-0.1875,40.62073],[-0.18139,40.62304],[-0.17624,40.62728],[-0.17864,40.63088],[-0.18229,40.63369],[-0.18712,40.63561],[-0.18551,40.64223],[-0.18104,40.63813],[-0.17409,40.63352],[-0.16824,40.64191],[-0.17126,40.64368],[-0.17644,40.64384],[-0.17728,40.64679],[-0.17435,40.64854],[-0.17222,40.64982],[-0.18514,40.65539],[-0.18306,40.66101],[-0.1807,40.66147],[-0.17273,40.65956],[-0.16462,40.65662],[-0.16183,40.6593],[-0.15139,40.66475],[-0.15855,40.6672],[-0.15949,40.66889],[-0.16578,40.66837],[-0.17156,40.67013],[-0.1755,40.67413],[-0.1815,40.67431],[-0.18479,40.67303],[-0.19048,40.67502],[-0.1926,40.67027],[-0.20126,40.67191],[-0.20563,40.67111],[-0.211,40.67245],[-0.21649,40.67251],[-0.22165,40.67476],[-0.22322,40.67384],[-0.23103,40.67776],[-0.23503,40.68133],[-0.23288,40.6858],[-0.22412,40.68372],[-0.21511,40.68614],[-0.20882,40.68697],[-0.20843,40.68923],[-0.21103,40.69671],[-0.23753,40.69794],[-0.23599,40.69111],[-0.24459,40.69145],[-0.25044,40.69077],[-0.25774,40.68776],[-0.26099,40.68509],[-0.25713,40.67672],[-0.2582,40.67384],[-0.26287,40.67246],[-0.26661,40.67007],[-0.26482,40.66489],[-0.2599,40.66045],[-0.24739,40.65949],[-0.24005,40.65294],[-0.22809,40.64684],[-0.22588,40.64678],[-0.22555,40.64006],[-0.22455,40.63843],[-0.21801,40.6346],[-0.21879,40.62589],[-0.22441,40.61563],[-0.21915,40.61594],[-0.21524,40.61436]]]},"properties":{"NMUN":"Forcall","CMUN":"061"}},
{"type":"Feature","geometry":{"type":"Polygon","coordinates":[[[-0.60972,40.03785],[-0.60739,40.03972],[-0.6067,40.04404],[-0.5994,40.04775],[-0.59695,40.05269],[-0.59399,40.05393],[-0.58927,40.05996],[-0.58301,40.05827],[-0.57829,40.06068],[-0.58337,40.0622],[-0.58594,40.06524],[-0.58904,40.06559],[-0.59102,40.06348],[-0.5974,40.06494],[-0.60121,40.06451],[-0.60516,40.06592],[-0.61013,40.06959],[-0.61359,40.07001],[-0.61872,40.06835],[-0.62321,40.06961],[-0.6229,40.07489],[-0.62722,40.0762],[-0.62908,40.07471],[-0.6272,40.07205],[-0.62631,40.06055],[-0.62226,40.05728],[-0.62051,40.04585],[-0.6184,40.04521],[-0.61324,40.03737],[-0.60972,40.03785]]]},"properties":{"NMUN":"Fuente la Reina","CMUN":"063"}},
{"type":"Feature","geometry":{"type":"Polygon","coordinates":[[[-0.40289,40.01994],[-0.40735,40.02565],[-0.41115,40.02947],[-0.41406,40.03057],[-0.41639,40.03389],[-0.4217,40.03724],[-0.42786,40.03894],[-0.43226,40.03887],[-0.43274,40.03775],[-0.4467,40.03162],[-0.44763,40.03081],[-0.44949,40.02421],[-0.44674,40.0159],[-0.44508,40.01387],[-0.43261,40.01025],[-0.42809,40.00659],[-0.42248,40.00431],[-0.42157,39.99906],[-0.41318,40.00319],[-0.40326,40.01184],[-0.40289,40.01994]]]},"properties":{"NMUN":"Fuentes de Ayódar","CMUN":"064"}},
{"type":"Feature","geometry":{"type":"Polygon","coordinates":[[[-0.51859,39.95337],[-0.5145,39.95078],[-0.51638,39.94857],[-0.51913,39.94241],[-0.51783,39.94097],[-0.51714,39.9356],[-0.51869,39.93243],[-0.52527,39.93182],[-0.52458,39.92916],[-0.52059,39.92706],[-0.52447,39.92364],[-0.51786,39.91808],[-0.51891,39.91514],[-0.51604,39.91201],[-0.50852,39.9079],[-0.50241,39.89702],[-0.48238,39.91336],[-0.47658,39.91556],[-0.46941,39.92372],[-0.47584,39.93061],[-0.48074,39.93167],[-0.48113,39.93368],[-0.48794,39.93852],[-0.48632,39.94173],[-0.48618,39.95358],[-0.4853,39.95487],[-0.48648,39.95609],[-0.49713,39.95826],[-0.50713,39.95502],[-0.51582,39.95832],[-0.51859,39.95337]]]},"properties":{"NMUN":"Gaibiel","CMUN":"065"}},
{"type":"Feature","geometry":{"type":"Polygon","coordinates":[[[-0.46441,39.83938],[-0.46598,39.84184],[-0.47024,39.83768],[-0.46952,39.83518],[-0.46458,39.83078],[-0.46017,39.83295],[-0.4623,39.83651],[-0.46441,39.83938]]]},"properties":{"NMUN":"Geldo","CMUN":"067"}},
{"type":"Feature","geometry":{"type":"Polygon","coordinates":[[[0.02644,40.69495],[0.02545,40.69714],[0.02684,40.70037],[0.0242,40.70234],[0.0245,40.70727],[0.02837,40.71318],[0.02435,40.71724],[0.0202,40.71955],[0.0161,40.72326],[0.01792,40.72585],[0.0152,40.72862],[0.00898,40.72964],[-0.00287,40.73069],[-0.00922,40.72994],[-0.01772,40.7312],[-0.02264,40.73021],[-0.02571,40.72716],[-0.02866,40.72629],[-0.03198,40.72244],[-0.04367,40.7262],[-0.05371,40.72788],[-0.05348,40.72113],[-0.05172,40.71656],[-0.06267,40.70864],[-0.06912,40.70837],[-0.06866,40.70577],[-0.04325,40.69943],[-0.02714,40.68632],[-0.00445,40.67759],[-0.00415,40.67684],[0.00067,40.68107],[-0.00146,40.68381],[-0.00967,40.68935],[-0.0096,40.69372],[-0.00598,40.69561],[0.00137,40.69429],[0.00679,40.69601],[0.01597,40.6954],[0.02092,40.69356],[0.02644,40.69495]]]},"properties":{"NMUN":"Herbers","CMUN":"068"}},
{"type":"Feature","geometry":{"type":"Polygon","coordinates":[[[-0.50971,39.96585],[-0.50757,39.96838],[-0.50723,39.97346],[-0.50584,39.9762],[-0.49994,39.98189],[-0.49337,39.98275],[-0.48605,39.98715],[-0.48388,39.99194],[-0.48045,39.99246],[-0.48018,39.99552],[-0.48558,39.9987],[-0.48858,40.00543],[-0.4918,40.00689],[-0.49545,40.00456],[-0.50262,40.00425],[-0.50814,40.00615],[-0.51325,40.00561],[-0.52643,40.00943],[-0.5334,40.00051],[-0.5293,39.99248],[-0.52612,39.98464],[-0.52242,39.98221],[-0.5187,39.97812],[-0.51847,39.97088],[-0.50971,39.96585]]]},"properties":{"NMUN":"Higueras","CMUN":"069"}},
{"type":"Feature","geometry":{"type":"Polygon","coordinates":[[[0.20107,40.51565],[0.20288,40.51109],[0.20608,40.49947],[0.21289,40.49752],[0.21527,40.49564],[0.22012,40.4887],[0.22577,40.48395],[0.23374,40.48006],[0.2481,40.47772],[0.24966,40.4877],[0.26433,40.48499],[0.26833,40.48644],[0.271,40.4895],[0.26835,40.4954],[0.27178,40.50097],[0.25967,40.50754],[0.26133,40.51603],[0.25834,40.52365],[0.25285,40.52694],[0.23608,40.52056],[0.23071,40.51912],[0.22973,40.51705],[0.21767,40.51716],[0.21569,40.51624],[0.21064,40.51696],[0.20107,40.51565]]]},"properties":{"NMUN":"Jana, la","CMUN":"070"}},
{"type":"Feature","geometry":{"type":"Polygon","coordinates":[[[-0.52098,39.87288],[-0.51618,39.87121],[-0.51917,39.87672],[-0.52063,39.8838],[-0.51385,39.89059],[-0.51001,39.89347],[-0.50241,39.89702],[-0.50852,39.9079],[-0.51604,39.91201],[-0.51891,39.91514],[-0.51786,39.91808],[-0.52447,39.92364],[-0.52059,39.92706],[-0.52458,39.92916],[-0.52527,39.93182],[-0.51869,39.93243],[-0.51714,39.9356],[-0.51783,39.94097],[-0.51913,39.94241],[-0.51638,39.94857],[-0.5145,39.95078],[-0.51859,39.95337],[-0.51979,39.95107],[-0.52524,39.94971],[-0.5371,39.94457],[-0.5531,39.93307],[-0.55606,39.93331],[-0.56106,39.9316],[-0.56364,39.93325],[-0.56868,39.933],[-0.57367,39.92682],[-0.58005,39.92749],[-0.58464,39.92974],[-0.58412,39.92566],[-0.58511,39.92134],[-0.58769,39.91345],[-0.59051,39.91221],[-0.59589,39.91192],[-0.59759,39.90614],[-0.59645,39.90323],[-0.5981,39.90031],[-0.59818,39.89474],[-0.60199,39.89194],[-0.6027,39.88992],[-0.60832,39.88516],[-0.61412,39.88141],[-0.61538,39.87926],[-0.62044,39.87852],[-0.62703,39.88263],[-0.63022,39.88686],[-0.63251,39.89389],[-0.64008,39.90269],[-0.64156,39.897],[-0.64757,39.89532],[-0.65175,39.88913],[-0.66045,39.88633],[-0.66245,39.88235],[-0.66085,39.8807],[-0.66123,39.87091],[-0.66618,39.86899],[-0.67074,39.8691],[-0.67679,39.86643],[-0.68263,39.86485],[-0.68692,39.85654],[-0.69069,39.85666],[-0.69111,39.85246],[-0.68753,39.84987],[-0.68141,39.84759],[-0.66855,39.8404],[-0.66237,39.83891],[-0.65615,39.83596],[-0.65178,39.8373],[-0.6444,39.84136],[-0.63931,39.84691],[-0.6357,39.8519],[-0.62772,39.85807],[-0.61843,39.86401],[-0.61268,39.86617],[-0.60031,39.86702],[-0.59147,39.86624],[-0.56491,39.86546],[-0.55308,39.86587],[-0.53934,39.87012],[-0.53395,39.87248],[-0.52618,39.87338],[-0.52098,39.87288]]]},"properties":{"NMUN":"Jérica","CMUN":"071"}},
{"type":"Feature","geometry":{"type":"Polygon","coordinates":[[[-0.23393,40.22322],[-0.23881,40.22386],[-0.25188,40.20348],[-0.26867,40.19666],[-0.29171,40.2052],[-0.31753,40.21131],[-0.32114,40.2091],[-0.31984,40.20377],[-0.3225,40.19736],[-0.32117,40.19133],[-0.32213,40.18995],[-0.33102,40.18493],[-0.33613,40.18592],[-0.34008,40.18359],[-0.34611,40.18291],[-0.34919,40.17936],[-0.35851,40.17804],[-0.36254,40.17355],[-0.36074,40.1639],[-0.3602,40.15566],[-0.36124,40.15092],[-0.36105,40.14571],[-0.35748,40.14357],[-0.35068,40.1426],[-0.34491,40.1382],[-0.3401,40.13678],[-0.33652,40.13211],[-0.33066,40.12856],[-0.32546,40.1169],[-0.32359,40.11526],[-0.32016,40.10814],[-0.31821,40.10048],[-0.31774,40.09895],[-0.32111,40.09503],[-0.32073,40.09132],[-0.322,40.08553],[-0.32425,40.08353],[-0.32343,40.07982],[-0.31981,40.07356],[-0.32182,40.06984],[-0.31871,40.06677],[-0.31089,40.06733],[-0.31019,40.06581],[-0.30995,40.06281],[-0.30485,40.05863],[-0.30109,40.06544],[-0.29401,40.07141],[-0.2807,40.07915],[-0.27133,40.08295],[-0.26401,40.08507],[-0.25842,40.08807],[-0.25994,40.09236],[-0.25902,40.09555],[-0.25235,40.09854],[-0.24211,40.09969],[-0.23497,40.09683],[-0.22917,40.10615],[-0.23515,40.10666],[-0.25018,40.1106],[-0.25583,40.11428],[-0.24718,40.12034],[-0.25172,40.12477],[-0.23231,40.13363],[-0.22116,40.13705],[-0.22038,40.14133],[-0.21301,40.14488],[-0.198,40.14417],[-0.20769,40.14988],[-0.20718,40.15521],[-0.21012,40.15719],[-0.20158,40.17366],[-0.19683,40.17653],[-0.20653,40.18857],[-0.21264,40.19549],[-0.21892,40.20133],[-0.2249,40.21114],[-0.2272,40.21363],[-0.23113,40.22029],[-0.23393,40.22322]]]},"properties":{"NMUN":"Llucena/Lucena del Cid","CMUN":"072"}},
{"type":"Feature","geometry":{"type":"Polygon","coordinates":[[[-0.31821,40.10048],[-0.32016,40.10814],[-0.32359,40.11526],[-0.32546,40.1169],[-0.34186,40.1119],[-0.35824,40.10735],[-0.35871,40.11358],[-0.36053,40.11569],[-0.37019,40.11536],[-0.37666,40.11298],[-0.38259,40.1139],[-0.39793,40.11074],[-0.40263,40.1091],[-0.40472,40.10592],[-0.40564,40.10129],[-0.4409,40.0988],[-0.45654,40.08798],[-0.44166,40.08643],[-0.42253,40.08482],[-0.40582,40.08547],[-0.40347,40.07469],[-0.39712,40.07637],[-0.39149,40.07828],[-0.38208,40.07962],[-0.3678,40.07449],[-0.36354,40.07432],[-0.34331,40.08221],[-0.33776,40.08616],[-0.33384,40.09272],[-0.32967,40.09338],[-0.31821,40.10048]]]},"properties":{"NMUN":"Ludiente","CMUN":"073"}},
{"type":"Feature","geometry":{"type":"Polygon","coordinates":[[[-0.21854,39.76588],[-0.21107,39.76273],[-0.1916,39.75436],[-0.1767,39.74598],[-0.17212,39.746],[-0.16648,39.7524],[-0.17069,39.75528],[-0.19811,39.77671],[-0.2102,39.78699],[-0.21553,39.78228],[-0.21889,39.78051],[-0.22718,39.77911],[-0.2461,39.7768],[-0.2282,39.76995],[-0.21854,39.76588]]]},"properties":{"NMUN":"Llosa, la","CMUN":"074"}},
{"type":"Feature","geometry":{"type":"Polygon","coordinates":[[[-0.23792,40.60777],[-0.2434,40.61461],[-0.25527,40.60764],[-0.25987,40.60973],[-0.26669,40.61805],[-0.26566,40.6222],[-0.26183,40.62318],[-0.25882,40.62668],[-0.26524,40.62959],[-0.27018,40.63078],[-0.27775,40.63116],[-0.28538,40.63412],[-0.2878,40.63741],[-0.29636,40.63823],[-0.29563,40.63569],[-0.29749,40.62777],[-0.2975,40.62377],[-0.30128,40.62226],[-0.2986,40.61284],[-0.29328,40.61104],[-0.29401,40.60946],[-0.29238,40.60441],[-0.29502,40.60008],[-0.29333,40.59638],[-0.29541,40.59524],[-0.29348,40.59146],[-0.29537,40.586],[-0.29431,40.58395],[-0.28257,40.58757],[-0.2817,40.5898],[-0.27418,40.59179],[-0.26952,40.58928],[-0.26645,40.59613],[-0.26144,40.60072],[-0.26229,40.60367],[-0.25875,40.60641],[-0.25495,40.60546],[-0.24637,40.59829],[-0.24466,40.59947],[-0.24237,40.60617],[-0.23792,40.60777]]]},"properties":{"NMUN":"Mata de Morella, la","CMUN":"075"}},
{"type":"Feature","geometry":{"type":"Polygon","coordinates":[[[-0.41137,39.93864],[-0.4182,39.9439],[-0.4257,39.94785],[-0.43249,39.95236],[-0.44035,39.95569],[-0.44754,39.96181],[-0.45163,39.96099],[-0.45357,39.95801],[-0.45763,39.95629],[-0.46221,39.95733],[-0.46777,39.95683],[-0.47224,39.95752],[-0.4853,39.95487],[-0.48618,39.95358],[-0.48632,39.94173],[-0.48794,39.93852],[-0.48113,39.93368],[-0.48074,39.93167],[-0.47584,39.93061],[-0.46941,39.92372],[-0.46377,39.92674],[-0.45639,39.92748],[-0.44202,39.93725],[-0.43424,39.94003],[-0.4282,39.93706],[-0.41679,39.93588],[-0.41137,39.93864]]]},"properties":{"NMUN":"Matet","CMUN":"076"}},
{"type":"Feature","geometry":{"type":"Polygon","coordinates":[[[-0.17945,39.79723],[-0.16945,39.78821],[-0.16074,39.77888],[-0.155,39.77216],[-0.15222,39.77015],[-0.14633,39.77796],[-0.14282,39.7817],[-0.13923,39.78769],[-0.12946,39.79978],[-0.12343,39.80888],[-0.13383,39.81329],[-0.14024,39.81646],[-0.15371,39.82096],[-0.1624,39.81289],[-0.16416,39.80949],[-0.17212,39.81359],[-0.18142,39.79855],[-0.17945,39.79723]]]},"properties":{"NMUN":"Moncofa","CMUN":"077"}},
{"type":"Feature","geometry":{"type":"Polygon","coordinates":[[[-0.52643,40.00943],[-0.51325,40.00561],[-0.50814,40.00615],[-0.50262,40.00425],[-0.49545,40.00456],[-0.4918,40.00689],[-0.48858,40.00543],[-0.48405,40.00902],[-0.4827,40.01229],[-0.48352,40.01545],[-0.48837,40.0232],[-0.49044,40.02258],[-0.50105,40.02676],[-0.50652,40.03034],[-0.50802,40.03285],[-0.51401,40.02987],[-0.51792,40.03013],[-0.51824,40.0351],[-0.5311,40.03406],[-0.53439,40.03553],[-0.53496,40.03978],[-0.53865,40.04366],[-0.53664,40.0487],[-0.54336,40.04993],[-0.55783,40.04851],[-0.56379,40.0503],[-0.56827,40.05343],[-0.57306,40.05336],[-0.58301,40.05827],[-0.58927,40.05996],[-0.59399,40.05393],[-0.59695,40.05269],[-0.5994,40.04775],[-0.6067,40.04404],[-0.60739,40.03972],[-0.60972,40.03785],[-0.60243,40.02886],[-0.59897,40.02624],[-0.58527,40.0244],[-0.58127,40.02082],[-0.5821,40.01458],[-0.55512,40.01278],[-0.54772,40.01128],[-0.53674,40.01273],[-0.52643,40.00943]]]},"properties":{"NMUN":"Montán","CMUN":"078"}},
{"type":"Feature","geometry":{"type":"Polygon","coordinates":[[[-0.5045,40.1042],[-0.50943,40.1099],[-0.51312,40.11042],[-0.53282,40.1028],[-0.56156,40.09761],[-0.56958,40.08427],[-0.57356,40.07694],[-0.57829,40.06068],[-0.58301,40.05827],[-0.57306,40.05336],[-0.56827,40.05343],[-0.56379,40.0503],[-0.55783,40.04851],[-0.54336,40.04993],[-0.53664,40.0487],[-0.53865,40.04366],[-0.53496,40.03978],[-0.53439,40.03553],[-0.5311,40.03406],[-0.51824,40.0351],[-0.51792,40.03013],[-0.51401,40.02987],[-0.50802,40.03285],[-0.50652,40.03034],[-0.50389,40.03306],[-0.50551,40.03761],[-0.50468,40.04215],[-0.50081,40.04308],[-0.4995,40.04932],[-0.49223,40.0526],[-0.50329,40.06356],[-0.50153,40.07202],[-0.5024,40.07575],[-0.51353,40.08326],[-0.52501,40.08694],[-0.52893,40.08945],[-0.50835,40.09971],[-0.5045,40.1042]]]},"properties":{"NMUN":"Montanejos","CMUN":"079"}},
{"type":"Feature","geometry":{"type":"Polygon","coordinates":[[[-0.04288,40.41374],[-0.03913,40.41452],[-0.03859,40.41675],[-0.04049,40.42314],[-0.03933,40.42764],[-0.04045,40.43107],[-0.03684,40.43174],[-0.03946,40.44148],[-0.03886,40.44416],[-0.04122,40.45264],[-0.04023,40.45498],[-0.03683,40.45685],[-0.03408,40.46134],[-0.03318,40.46533],[-0.02888,40.47008],[-0.0302,40.47217],[-0.02806,40.47758],[-0.02277,40.48387],[-0.01872,40.48545],[-0.01576,40.49248],[-0.00997,40.50007],[-0.0081,40.51116],[-0.00496,40.51167],[-0.00337,40.51422],[0.00031,40.51397],[0.00412,40.5162],[0.00646,40.52427],[0.0092,40.52813],[0.00538,40.52996],[0.00761,40.533],[0.01044,40.53211],[0.01559,40.53345],[0.02046,40.53132],[0.02999,40.53125],[0.03583,40.53363],[0.04177,40.53186],[0.05169,40.53272],[0.06035,40.53211],[0.06405,40.53015],[0.06668,40.53264],[0.07082,40.53402],[0.07606,40.54201],[0.0792,40.54378],[0.08121,40.54778],[0.08311,40.54855],[0.08424,40.54978],[0.08499,40.55624],[0.08256,40.56111],[0.07776,40.56589],[0.07863,40.5721],[0.07687,40.5722],[0.06714,40.56932],[0.06071,40.56846],[0.05444,40.57154],[0.05298,40.5741],[0.04828,40.57398],[0.04104,40.57568],[0.03321,40.57884],[0.02766,40.57695],[0.01908,40.5794],[0.01274,40.58397],[0.0029,40.58484],[0.00304,40.5864],[0.00366,40.59358],[0.00996,40.59865],[0.01619,40.59914],[0.02048,40.60139],[0.02411,40.60472],[0.02024,40.61014],[0.011,40.61404],[0.00907,40.62265],[0.01957,40.62626],[0.02544,40.6272],[0.02912,40.63269],[0.03461,40.63736],[0.03508,40.64633],[0.03813,40.65014],[0.01405,40.6486],[0.02128,40.65199],[0.01811,40.65877],[0.01121,40.66236],[0.00787,40.66462],[0.00478,40.66906],[0.00539,40.67358],[0.00203,40.67585],[-0.00415,40.67684],[-0.00445,40.67759],[-0.02714,40.68632],[-0.04325,40.69943],[-0.06866,40.70577],[-0.06912,40.70837],[-0.06267,40.70864],[-0.05172,40.71656],[-0.05348,40.72113],[-0.05371,40.72788],[-0.05591,40.72673],[-0.0647,40.72741],[-0.07985,40.73334],[-0.08594,40.73793],[-0.09293,40.73923],[-0.09604,40.74181],[-0.10204,40.74271],[-0.10172,40.73552],[-0.10363,40.73116],[-0.10255,40.72448],[-0.1049,40.71847],[-0.10406,40.71295],[-0.10247,40.70956],[-0.10551,40.70438],[-0.11073,40.6929],[-0.11553,40.6938],[-0.13171,40.6999],[-0.13267,40.69797],[-0.14031,40.69513],[-0.14321,40.69222],[-0.15687,40.69825],[-0.16519,40.70594],[-0.17836,40.70928],[-0.18425,40.70886],[-0.187,40.70964],[-0.19637,40.7079],[-0.19915,40.70809],[-0.20149,40.70577],[-0.20726,40.70532],[-0.21116,40.69954],[-0.21103,40.69671],[-0.20843,40.68923],[-0.20253,40.68836],[-0.19877,40.68584],[-0.19009,40.68349],[-0.18711,40.68014],[-0.19048,40.67502],[-0.18479,40.67303],[-0.1815,40.67431],[-0.1755,40.67413],[-0.17156,40.67013],[-0.16578,40.66837],[-0.15949,40.66889],[-0.15855,40.6672],[-0.15139,40.66475],[-0.16183,40.6593],[-0.16462,40.65662],[-0.17273,40.65956],[-0.1807,40.66147],[-0.18306,40.66101],[-0.18514,40.65539],[-0.17222,40.64982],[-0.17435,40.64854],[-0.17728,40.64679],[-0.17644,40.64384],[-0.17126,40.64368],[-0.16824,40.64191],[-0.17409,40.63352],[-0.18104,40.63813],[-0.18551,40.64223],[-0.18712,40.63561],[-0.18229,40.63369],[-0.17864,40.63088],[-0.17624,40.62728],[-0.18139,40.62304],[-0.1875,40.62073],[-0.19388,40.61706],[-0.19989,40.61653],[-0.20169,40.61862],[-0.21524,40.61436],[-0.21576,40.61283],[-0.20752,40.60319],[-0.20735,40.59837],[-0.20088,40.59349],[-0.19702,40.59192],[-0.19363,40.59874],[-0.18693,40.59764],[-0.18884,40.5885],[-0.18674,40.58528],[-0.182,40.58192],[-0.18253,40.57881],[-0.18704,40.57181],[-0.18616,40.56775],[-0.1883,40.56426],[-0.1859,40.56001],[-0.18217,40.55924],[-0.17939,40.56031],[-0.1751,40.55927],[-0.17522,40.55534],[-0.16949,40.55367],[-0.17115,40.54893],[-0.17323,40.54703],[-0.17161,40.54409],[-0.16781,40.54338],[-0.16535,40.54783],[-0.16027,40.55021],[-0.15704,40.54853],[-0.15747,40.54555],[-0.16306,40.54223],[-0.16334,40.53925],[-0.16036,40.5333],[-0.16412,40.53106],[-0.16161,40.52844],[-0.16091,40.52064],[-0.15719,40.52],[-0.15096,40.51481],[-0.14752,40.5157],[-0.14278,40.51323],[-0.14314,40.51105],[-0.13984,40.50509],[-0.13809,40.50383],[-0.13445,40.50845],[-0.12906,40.50953],[-0.12518,40.50652],[-0.12176,40.5067],[-0.11154,40.51135],[-0.10177,40.50946],[-0.09366,40.51049],[-0.0861,40.50872],[-0.08309,40.49878],[-0.0799,40.49523],[-0.07916,40.49194],[-0.07624,40.49155],[-0.07379,40.48904],[-0.07334,40.48529],[-0.07524,40.48123],[-0.06808,40.47718],[-0.06315,40.47172],[-0.06159,40.46511],[-0.05558,40.45894],[-0.05803,40.45205],[-0.05532,40.44365],[-0.05675,40.44029],[-0.05488,40.43668],[-0.05138,40.4331],[-0.05083,40.42826],[-0.04901,40.42478],[-0.04559,40.42153],[-0.04463,40.41622],[-0.04288,40.41374]]]},"properties":{"NMUN":"Morella","CMUN":"080"}},
{"type":"Feature","geometry":{"type":"Polygon","coordinates":[[[-0.47728,39.87872],[-0.48625,39.88686],[-0.48695,39.88909],[-0.49537,39.8964],[-0.50241,39.89702],[-0.51001,39.89347],[-0.51385,39.89059],[-0.52063,39.8838],[-0.51917,39.87672],[-0.50803,39.86941],[-0.50156,39.86455],[-0.49278,39.86921],[-0.48775,39.87287],[-0.47729,39.87872],[-0.47728,39.87872]]]},"properties":{"NMUN":"Navajas","CMUN":"081"}},
{"type":"Feature","geometry":{"type":"Polygon","coordinates":[[[-0.23598,39.86102],[-0.22568,39.86115],[-0.22307,39.86242],[-0.21599,39.86074],[-0.21521,39.8565],[-0.21353,39.85534],[-0.20697,39.85501],[-0.20193,39.8513],[-0.17809,39.83494],[-0.1748,39.83322],[-0.1724,39.83194],[-0.17432,39.81684],[-0.17191,39.81415],[-0.17212,39.81359],[-0.16416,39.80949],[-0.1624,39.81289],[-0.15371,39.82096],[-0.14024,39.81646],[-0.13383,39.81329],[-0.12343,39.80888],[-0.11817,39.81624],[-0.11457,39.81999],[-0.10741,39.82921],[-0.09972,39.83655],[-0.09647,39.84131],[-0.10559,39.84653],[-0.11762,39.85356],[-0.12354,39.85649],[-0.133,39.8647],[-0.13735,39.86674],[-0.14238,39.87187],[-0.14437,39.87691],[-0.15069,39.88252],[-0.15885,39.88509],[-0.16658,39.89028],[-0.16837,39.89302],[-0.16972,39.8959],[-0.17944,39.89502],[-0.19356,39.89546],[-0.19723,39.89889],[-0.20138,39.89424],[-0.20845,39.88836],[-0.21932,39.87624],[-0.23598,39.86102]],[[-0.2094,39.87323],[-0.20101,39.87757],[-0.19634,39.87725],[-0.19036,39.87328],[-0.18753,39.87043],[-0.18227,39.86867],[-0.17441,39.86467],[-0.17177,39.86047],[-0.17649,39.85573],[-0.17304,39.8521],[-0.17512,39.85092],[-0.17984,39.85277],[-0.18364,39.85281],[-0.18887,39.85047],[-0.19666,39.85201],[-0.19606,39.85727],[-0.199,39.86051],[-0.20421,39.86251],[-0.20885,39.86169],[-0.21292,39.86225],[-0.21522,39.86452],[-0.2094,39.87323]]]},"properties":{"NMUN":"Nules","CMUN":"082"}},
{"type":"Feature","geometry":{"type":"Polygon","coordinates":[[[-0.29636,40.63823],[-0.30617,40.64692],[-0.30943,40.65584],[-0.307,40.6595],[-0.31657,40.66332],[-0.32043,40.66837],[-0.32218,40.67343],[-0.32211,40.67772],[-0.32586,40.678],[-0.32882,40.68028],[-0.33695,40.6792],[-0.34642,40.67933],[-0.3522,40.67775],[-0.35617,40.67769],[-0.35901,40.67556],[-0.37051,40.67228],[-0.37381,40.66821],[-0.37796,40.66754],[-0.38113,40.66423],[-0.38151,40.66158],[-0.37941,40.65704],[-0.37096,40.6511],[-0.3724,40.64704],[-0.37115,40.64354],[-0.37641,40.63635],[-0.37692,40.63064],[-0.37819,40.62985],[-0.37967,40.62353],[-0.37758,40.61889],[-0.37048,40.61359],[-0.36025,40.61551],[-0.34401,40.6112],[-0.34329,40.60652],[-0.33773,40.60729],[-0.3291,40.60562],[-0.32208,40.60284],[-0.31852,40.6074],[-0.31158,40.61145],[-0.30301,40.6115],[-0.2986,40.61284],[-0.30128,40.62226],[-0.2975,40.62377],[-0.29749,40.62777],[-0.29563,40.63569],[-0.29636,40.63823]]]},"properties":{"NMUN":"Olocau del Rey","CMUN":"083"}},
{"type":"Feature","geometry":{"type":"Polygon","coordinates":[[[-0.30084,39.95089],[-0.29871,39.95052],[-0.29238,39.95326],[-0.28985,39.95212],[-0.28794,39.94595],[-0.27548,39.93275],[-0.26084,39.92602],[-0.25577,39.93005],[-0.24794,39.92609],[-0.23424,39.92605],[-0.23021,39.92644],[-0.22503,39.93083],[-0.21289,39.94599],[-0.21005,39.94909],[-0.20196,39.94568],[-0.1883,39.94106],[-0.18284,39.94159],[-0.17719,39.94028],[-0.17495,39.93801],[-0.17261,39.94787],[-0.17223,39.9496],[-0.17165,39.95214],[-0.16963,39.96171],[-0.16834,39.97453],[-0.16665,39.9805],[-0.15822,39.97505],[-0.15703,39.97251],[-0.15369,39.97116],[-0.1466,39.97787],[-0.13647,39.98335],[-0.13461,39.98702],[-0.14211,39.99296],[-0.14757,39.99562],[-0.15046,39.99803],[-0.15805,40.00142],[-0.15948,40.00479],[-0.15833,40.01136],[-0.1612,40.0198],[-0.17218,40.0227],[-0.18162,40.01914],[-0.18952,40.01801],[-0.19816,40.01426],[-0.20738,40.01145],[-0.20882,40.01225],[-0.21069,40.02083],[-0.21369,40.02267],[-0.21769,40.02252],[-0.22506,40.02585],[-0.23227,40.02603],[-0.24349,40.03125],[-0.25523,40.03368],[-0.2638,40.03896],[-0.27197,40.0411],[-0.27662,40.04352],[-0.28378,40.04856],[-0.28763,40.04793],[-0.27616,40.03994],[-0.27292,40.03592],[-0.27087,40.03052],[-0.26546,40.02438],[-0.25833,40.02164],[-0.24856,40.02063],[-0.24967,40.01551],[-0.25228,40.0125],[-0.25578,40.01109],[-0.26133,40.01567],[-0.26378,40.0134],[-0.27087,40.01134],[-0.27573,40.01138],[-0.28099,40.01339],[-0.28471,40.01156],[-0.28131,40.00186],[-0.29378,39.99173],[-0.29969,39.98322],[-0.30487,39.97942],[-0.30833,39.97848],[-0.31288,39.97535],[-0.2953,39.96739],[-0.29549,39.95425],[-0.30084,39.95089]]]},"properties":{"NMUN":"Onda","CMUN":"084"}},
{"type":"Feature","geometry":{"type":"Polygon","coordinates":[[[0.11052,40.09881],[0.10569,40.09577],[0.10544,40.09013],[0.09636,40.08932],[0.08556,40.08327],[0.08541,40.0794],[0.08874,40.07507],[0.09395,40.07403],[0.09297,40.07142],[0.08881,40.06813],[0.08702,40.06298],[0.08843,40.0594],[0.09003,40.05578],[0.0945,40.05666],[0.0983,40.05604],[0.10886,40.05764],[0.11422,40.06149],[0.12048,40.06238],[0.12493,40.06518],[0.12792,40.06933],[0.13303,40.07311],[0.13217,40.07528],[0.136,40.07909],[0.13665,40.08143],[0.14218,40.08317],[0.14763,40.08278],[0.14788,40.08632],[0.14652,40.09037],[0.14786,40.09723],[0.14974,40.10153],[0.15335,40.10628],[0.15561,40.1134],[0.16087,40.12391],[0.14582,40.12677],[0.13406,40.12834],[0.12381,40.12441],[0.12072,40.11959],[0.11615,40.11482],[0.11648,40.11175],[0.12038,40.11038],[0.11328,40.10326],[0.11052,40.09881]]]},"properties":{"NMUN":"Orpesa/Oropesa del Mar","CMUN":"085"}},
{"type":"Feature","geometry":{"type":"Polygon","coordinates":[[[-0.21103,40.69671],[-0.21116,40.69954],[-0.20726,40.70532],[-0.20149,40.70577],[-0.19915,40.70809],[-0.19637,40.7079],[-0.187,40.70964],[-0.18425,40.70886],[-0.17836,40.70928],[-0.16519,40.70594],[-0.15687,40.69825],[-0.14321,40.69222],[-0.14031,40.69513],[-0.13267,40.69797],[-0.13171,40.6999],[-0.13626,40.70297],[-0.13998,40.70675],[-0.1493,40.70857],[-0.16318,40.71489],[-0.16929,40.71404],[-0.17631,40.71577],[-0.17865,40.71824],[-0.18015,40.72441],[-0.18171,40.72669],[-0.18881,40.72822],[-0.19261,40.7275],[-0.19948,40.72364],[-0.2033,40.72384],[-0.20947,40.72261],[-0.21166,40.72117],[-0.21806,40.72181],[-0.22521,40.71618],[-0.22999,40.70944],[-0.23356,40.70855],[-0.23753,40.69794],[-0.21103,40.69671]]]},"properties":{"NMUN":"Palanques","CMUN":"087"}},
{"type":"Feature","geometry":{"type":"Polygon","coordinates":[[[-0.51582,39.95832],[-0.50713,39.95502],[-0.49713,39.95826],[-0.48648,39.95609],[-0.4853,39.95487],[-0.47224,39.95752],[-0.46777,39.95683],[-0.46221,39.95733],[-0.45763,39.95629],[-0.45357,39.95801],[-0.45163,39.96099],[-0.44754,39.96181],[-0.44878,39.96784],[-0.45188,39.96902],[-0.46529,39.97954],[-0.4686,39.98337],[-0.46989,39.9887],[-0.48045,39.99246],[-0.48388,39.99194],[-0.48605,39.98715],[-0.49337,39.98275],[-0.49994,39.98189],[-0.50584,39.9762],[-0.50723,39.97346],[-0.50757,39.96838],[-0.50971,39.96585],[-0.5125,39.96354],[-0.51582,39.95832]]]},"properties":{"NMUN":"Pavías","CMUN":"088"}},
{"type":"Feature","geometry":{"type":"Polygon","coordinates":[[[0.40383,40.36198],[0.4055,40.37003],[0.41127,40.38712],[0.41759,40.39958],[0.41483,40.40076],[0.39739,40.4079],[0.35593,40.42417],[0.35493,40.42425],[0.35463,40.42425],[0.34803,40.42297],[0.34575,40.42138],[0.34037,40.41708],[0.33816,40.40763],[0.32935,40.40147],[0.31248,40.39342],[0.32185,40.3904],[0.32522,40.3881],[0.33204,40.38533],[0.34819,40.37306],[0.34884,40.37037],[0.34392,40.36464],[0.34333,40.35976],[0.34158,40.35674],[0.34196,40.3533],[0.32901,40.3475],[0.32583,40.34747],[0.32025,40.34171],[0.31365,40.33919],[0.30438,40.32917],[0.30276,40.32346],[0.30064,40.31525],[0.29846,40.30969],[0.2962,40.30718],[0.30243,40.30028],[0.30959,40.29073],[0.32124,40.27698],[0.32261,40.27435],[0.32666,40.27643],[0.33342,40.2831],[0.33427,40.28929],[0.33896,40.29384],[0.34714,40.29607],[0.35123,40.30018],[0.35289,40.30451],[0.35242,40.30668],[0.35444,40.31214],[0.36337,40.32005],[0.36498,40.32385],[0.37025,40.3285],[0.37439,40.32983],[0.37595,40.33279],[0.38536,40.33886],[0.38839,40.34447],[0.39255,40.34995],[0.39253,40.3515],[0.39849,40.35413],[0.39984,40.35781],[0.40904,40.35774],[0.40734,40.36028],[0.40383,40.36198]]]},"properties":{"NMUN":"Peníscola/Peñíscola","CMUN":"089"}},
{"type":"Feature","geometry":{"type":"Polygon","coordinates":[[[-0.65448,39.97995],[-0.64995,39.97998],[-0.64718,39.98169],[-0.64314,39.98218],[-0.63687,39.98104],[-0.62391,39.98659],[-0.62106,39.99031],[-0.61334,39.99639],[-0.60929,40.00478],[-0.60994,40.00678],[-0.61839,40.01385],[-0.61641,40.01749],[-0.61766,40.02049],[-0.6212,40.0218],[-0.61897,40.02827],[-0.61879,40.03155],[-0.63076,40.03284],[-0.63277,40.03493],[-0.64153,40.03533],[-0.64411,40.037],[-0.64974,40.03844],[-0.65238,40.04283],[-0.65568,40.04431],[-0.65994,40.04443],[-0.66803,40.04251],[-0.67988,40.04568],[-0.68364,40.0442],[-0.70287,40.0466],[-0.70905,40.04465],[-0.71331,40.04222],[-0.71595,40.04027],[-0.71144,40.0366],[-0.7019,40.04565],[-0.68753,40.04099],[-0.68927,40.03595],[-0.6852,40.03159],[-0.67372,40.01729],[-0.67221,40.01116],[-0.66552,39.99134],[-0.66542,39.98837],[-0.66309,39.98465],[-0.65448,39.97995]]]},"properties":{"NMUN":"Pina de Montalgrao","CMUN":"090"}},
{"type":"Feature","geometry":{"type":"Polygon","coordinates":[[[-0.23664,40.53828],[-0.23653,40.54485],[-0.23265,40.54354],[-0.22827,40.54519],[-0.22925,40.54953],[-0.24098,40.55626],[-0.24934,40.56207],[-0.25113,40.56607],[-0.25129,40.57274],[-0.25366,40.57845],[-0.25336,40.58017],[-0.24813,40.58614],[-0.24822,40.59238],[-0.25398,40.59764],[-0.26144,40.60072],[-0.26645,40.59613],[-0.26952,40.58928],[-0.27418,40.59179],[-0.2817,40.5898],[-0.28257,40.58757],[-0.29431,40.58395],[-0.29529,40.58096],[-0.29913,40.5784],[-0.29915,40.57323],[-0.29495,40.57039],[-0.29545,40.56619],[-0.29619,40.56452],[-0.29606,40.56049],[-0.29245,40.5561],[-0.29331,40.55357],[-0.29045,40.55211],[-0.29255,40.54665],[-0.29011,40.54395],[-0.29166,40.53954],[-0.29748,40.53129],[-0.29873,40.52495],[-0.30158,40.51737],[-0.29943,40.5131],[-0.29769,40.50577],[-0.29063,40.50758],[-0.28881,40.50926],[-0.28484,40.50722],[-0.27764,40.50153],[-0.27455,40.49658],[-0.27527,40.49303],[-0.27958,40.48821],[-0.27779,40.48251],[-0.2739,40.48147],[-0.27143,40.4785],[-0.26869,40.47806],[-0.26837,40.47444],[-0.26154,40.47466],[-0.26266,40.47761],[-0.25719,40.47663],[-0.25405,40.47744],[-0.25601,40.48232],[-0.25229,40.48562],[-0.25518,40.49119],[-0.25056,40.49089],[-0.24686,40.49444],[-0.24827,40.49967],[-0.24458,40.4993],[-0.24492,40.5026],[-0.24295,40.50401],[-0.24859,40.50877],[-0.24651,40.51354],[-0.24885,40.5159],[-0.24698,40.51804],[-0.24339,40.51711],[-0.24308,40.5238],[-0.2404,40.52536],[-0.24438,40.52759],[-0.236,40.53138],[-0.23876,40.53331],[-0.23664,40.53828]]]},"properties":{"NMUN":"Portell de Morella","CMUN":"091"}},
{"type":"Feature","geometry":{"type":"Polygon","coordinates":[[[-0.58013,40.13723],[-0.58698,40.13143],[-0.59047,40.13364],[-0.59683,40.13235],[-0.59808,40.12897],[-0.60402,40.12675],[-0.60741,40.12798],[-0.60929,40.1257],[-0.62749,40.10462],[-0.6287,40.1021],[-0.62468,40.09473],[-0.6225,40.08924],[-0.61835,40.08207],[-0.61359,40.07001],[-0.61013,40.06959],[-0.60516,40.06592],[-0.60121,40.06451],[-0.5974,40.06494],[-0.59102,40.06348],[-0.58904,40.06559],[-0.58594,40.06524],[-0.58337,40.0622],[-0.57829,40.06068],[-0.57356,40.07694],[-0.56958,40.08427],[-0.56156,40.09761],[-0.53282,40.1028],[-0.51312,40.11042],[-0.51685,40.11828],[-0.52289,40.12527],[-0.52916,40.12616],[-0.53416,40.12252],[-0.53797,40.12106],[-0.54526,40.12233],[-0.5569,40.12638],[-0.56366,40.12802],[-0.5709,40.13278],[-0.57971,40.13636],[-0.58013,40.13723]]]},"properties":{"NMUN":"Puebla de Arenoso","CMUN":"092"}},
{"type":"Feature","geometry":{"type":"Polygon","coordinates":[[[0.08968,40.65026],[0.10901,40.63872],[0.11909,40.63445],[0.13941,40.63679],[0.14809,40.64061],[0.15104,40.64386],[0.15797,40.64621],[0.16383,40.64593],[0.16807,40.64744],[0.17142,40.64682],[0.17878,40.64993],[0.18857,40.65065],[0.21057,40.65524],[0.21491,40.65539],[0.23881,40.66079],[0.24257,40.65981],[0.24889,40.65998],[0.25516,40.66325],[0.26935,40.66047],[0.27224,40.6644],[0.27524,40.67047],[0.28213,40.67285],[0.28675,40.67949],[0.29233,40.68518],[0.29184,40.68855],[0.28657,40.69003],[0.28229,40.69298],[0.27656,40.69559],[0.27013,40.70308],[0.26604,40.70356],[0.26243,40.70585],[0.25206,40.70497],[0.24188,40.70037],[0.23652,40.70168],[0.23541,40.70489],[0.22744,40.71502],[0.22414,40.72563],[0.22587,40.73277],[0.21792,40.7326],[0.21192,40.72949],[0.20881,40.72911],[0.20325,40.72596],[0.19729,40.72417],[0.19398,40.72875],[0.19103,40.73116],[0.18555,40.72826],[0.18223,40.72826],[0.17072,40.73284],[0.16836,40.72949],[0.16466,40.72774],[0.16449,40.72437],[0.16184,40.7226],[0.14392,40.71825],[0.14135,40.71847],[0.12379,40.7208],[0.1125,40.72714],[0.07269,40.71431],[0.04217,40.69101],[0.04701,40.68295],[0.0517,40.68278],[0.06055,40.68769],[0.06651,40.67805],[0.0706,40.67612],[0.08119,40.67609],[0.09614,40.66072],[0.09998,40.65483],[0.09789,40.65378],[0.09197,40.65471],[0.08926,40.65313],[0.08968,40.65026]]]},"properties":{"NMUN":"Pobla de Benifassà, la","CMUN":"093"}},
{"type":"Feature","geometry":{"type":"Polygon","coordinates":[[[0.03502,40.08646],[0.03192,40.09007],[0.02427,40.10572],[0.0228,40.11825],[0.02028,40.11866],[0.01892,40.11865],[0.01856,40.12584],[0.0146,40.13428],[0.01701,40.14257],[0.0008,40.1412],[-0.0021,40.13657],[-0.0047,40.1276],[-0.00508,40.11943],[-0.0134,40.11743],[-0.01857,40.11282],[-0.03012,40.11203],[-0.03235,40.10785],[-0.04256,40.10163],[-0.04833,40.10004],[-0.04938,40.09667],[-0.05506,40.09154],[-0.04602,40.08961],[-0.02518,40.0903],[-0.01139,40.09739],[-0.00923,40.08185],[-0.00069,40.07414],[0.00228,40.07035],[0.01246,40.07664],[0.01892,40.07943],[0.03092,40.08556],[0.03502,40.08646]]]},"properties":{"NMUN":"Pobla Tornesa, la","CMUN":"094"}},
{"type":"Feature","geometry":{"type":"Polygon","coordinates":[[[-0.29269,40.04731],[-0.29878,40.03982],[-0.29747,40.03472],[-0.29112,40.0227],[-0.28697,40.0193],[-0.28471,40.01156],[-0.28099,40.01339],[-0.27573,40.01138],[-0.27087,40.01134],[-0.26378,40.0134],[-0.26133,40.01567],[-0.25578,40.01109],[-0.25228,40.0125],[-0.24967,40.01551],[-0.24856,40.02063],[-0.25833,40.02164],[-0.26546,40.02438],[-0.27087,40.03052],[-0.27292,40.03592],[-0.27616,40.03994],[-0.28763,40.04793],[-0.29269,40.04731]]]},"properties":{"NMUN":"Ribesalbes","CMUN":"095"}},
{"type":"Feature","geometry":{"type":"Polygon","coordinates":[[[0.31104,40.61691],[0.30709,40.61975],[0.30107,40.62261],[0.29875,40.626],[0.29264,40.62328],[0.28855,40.62521],[0.28341,40.62718],[0.279,40.63105],[0.27804,40.63258],[0.27616,40.63684],[0.27134,40.63827],[0.27061,40.64052],[0.26654,40.64422],[0.26947,40.64782],[0.26961,40.65367],[0.26818,40.659],[0.26935,40.66047],[0.25516,40.66325],[0.24889,40.65998],[0.24257,40.65981],[0.23881,40.66079],[0.21491,40.65539],[0.21057,40.65524],[0.18857,40.65065],[0.17878,40.64993],[0.17142,40.64682],[0.16807,40.64744],[0.16383,40.64593],[0.15797,40.64621],[0.15104,40.64386],[0.14809,40.64061],[0.13941,40.63679],[0.14698,40.63102],[0.14707,40.62972],[0.15427,40.62766],[0.15558,40.62595],[0.15752,40.61368],[0.16265,40.61489],[0.1684,40.61334],[0.17023,40.61129],[0.17441,40.61036],[0.17665,40.60419],[0.18406,40.59941],[0.18583,40.59555],[0.19465,40.59091],[0.19944,40.59261],[0.20252,40.59225],[0.20436,40.58723],[0.20827,40.5887],[0.21011,40.59236],[0.21364,40.59054],[0.21688,40.5864],[0.21916,40.58769],[0.22476,40.58641],[0.2308,40.58174],[0.24024,40.58277],[0.24092,40.58057],[0.24514,40.57902],[0.24898,40.57537],[0.25641,40.57487],[0.25888,40.57665],[0.26748,40.5898],[0.27029,40.59672],[0.2758,40.60467],[0.28606,40.61371],[0.29456,40.61403],[0.30147,40.61323],[0.30745,40.61359],[0.31104,40.61691]]]},"properties":{"NMUN":"Rossell","CMUN":"096"}},
{"type":"Feature","geometry":{"type":"Polygon","coordinates":[[[-0.79758,39.88325],[-0.79769,39.88107],[-0.79377,39.88143],[-0.77922,39.8721],[-0.77356,39.8698],[-0.7642,39.85855],[-0.76266,39.85449],[-0.75366,39.84295],[-0.74915,39.84052],[-0.74517,39.83576],[-0.74521,39.83196],[-0.74109,39.83217],[-0.73774,39.82848],[-0.73785,39.82334],[-0.73572,39.81934],[-0.72252,39.81323],[-0.71255,39.81685],[-0.70954,39.82509],[-0.70956,39.82831],[-0.70705,39.83513],[-0.70224,39.83949],[-0.69512,39.85006],[-0.69111,39.85246],[-0.69069,39.85666],[-0.68692,39.85654],[-0.69235,39.8616],[-0.69932,39.86457],[-0.70411,39.86841],[-0.70876,39.86726],[-0.71045,39.86908],[-0.71568,39.86952],[-0.71945,39.8681],[-0.72317,39.86926],[-0.7312,39.86879],[-0.73758,39.87031],[-0.74976,39.87546],[-0.75528,39.87853],[-0.77247,39.8834],[-0.78422,39.88619],[-0.78891,39.88581],[-0.79758,39.88325]]]},"properties":{"NMUN":"Sacañet","CMUN":"097"}},
{"type":"Feature","geometry":{"type":"Polygon","coordinates":[[[0.18953,40.39342],[0.19111,40.39586],[0.18996,40.3998],[0.19187,40.40422],[0.19518,40.40562],[0.20173,40.41291],[0.20524,40.41543],[0.21565,40.41595],[0.21152,40.42112],[0.206,40.42621],[0.19695,40.42657],[0.19356,40.42329],[0.18769,40.42465],[0.17812,40.42861],[0.15859,40.43767],[0.13934,40.4478],[0.12246,40.45631],[0.1112,40.46273],[0.10201,40.46895],[0.09589,40.47784],[0.09163,40.48107],[0.09376,40.47818],[0.09157,40.47284],[0.09196,40.46314],[0.09715,40.45636],[0.09766,40.45334],[0.10303,40.45123],[0.10528,40.45183],[0.11174,40.45003],[0.11523,40.44811],[0.11225,40.44224],[0.10836,40.43922],[0.10915,40.43711],[0.10796,40.42895],[0.10236,40.42847],[0.10321,40.42363],[0.09727,40.42186],[0.10042,40.41786],[0.10679,40.41635],[0.11306,40.40847],[0.11242,40.40484],[0.11569,40.4026],[0.12045,40.397],[0.12016,40.39452],[0.12393,40.39232],[0.12889,40.39198],[0.134,40.38334],[0.13754,40.38149],[0.15091,40.38212],[0.16921,40.37309],[0.17741,40.38084],[0.18458,40.3857],[0.18701,40.39136],[0.18953,40.39342]]]},"properties":{"NMUN":"Salzadella, la","CMUN":"098"}},
{"type":"Feature","geometry":{"type":"Polygon","coordinates":[[[0.3537,40.51184],[0.35192,40.51435],[0.35454,40.51661],[0.36082,40.51925],[0.3667,40.52318],[0.37673,40.53185],[0.3831,40.53663],[0.38716,40.54029],[0.39979,40.54994],[0.39995,40.55167],[0.40625,40.56011],[0.41003,40.56407],[0.41409,40.57152],[0.42155,40.58002],[0.42422,40.58384],[0.4176,40.58781],[0.39232,40.57687],[0.36534,40.56405],[0.35852,40.56036],[0.35179,40.55296],[0.34381,40.5478],[0.33577,40.53907],[0.31935,40.52804],[0.32058,40.52043],[0.30308,40.50717],[0.30739,40.49702],[0.30699,40.49582],[0.3207,40.49094],[0.3279,40.48626],[0.3405,40.50007],[0.34586,40.50879],[0.3537,40.51184]]]},"properties":{"NMUN":"Sant Jordi/San Jorge","CMUN":"099"}},
{"type":"Feature","geometry":{"type":"Polygon","coordinates":[[[0.23374,40.48006],[0.22577,40.48395],[0.22012,40.4887],[0.21527,40.49564],[0.21289,40.49752],[0.20608,40.49947],[0.20095,40.49786],[0.18999,40.49683],[0.18224,40.49891],[0.17932,40.50207],[0.17174,40.50599],[0.16971,40.5049],[0.15928,40.50008],[0.13917,40.48982],[0.13142,40.4874],[0.12489,40.48995],[0.11842,40.48974],[0.11653,40.48774],[0.10964,40.4858],[0.10453,40.481],[0.09997,40.47978],[0.09747,40.48133],[0.09163,40.48107],[0.09589,40.47784],[0.10201,40.46895],[0.1112,40.46273],[0.12246,40.45631],[0.13934,40.4478],[0.15859,40.43767],[0.17812,40.42861],[0.18769,40.42465],[0.19356,40.42329],[0.19695,40.42657],[0.206,40.42621],[0.21152,40.42112],[0.21983,40.42811],[0.22097,40.43344],[0.22152,40.44195],[0.22389,40.44945],[0.2266,40.46457],[0.22886,40.47326],[0.23374,40.48006]]]},"properties":{"NMUN":"Sant Mateu","CMUN":"100"}},
{"type":"Feature","geometry":{"type":"Polygon","coordinates":[[[0.30028,40.59162],[0.30423,40.59117],[0.30889,40.58222],[0.31161,40.57919],[0.31557,40.57842],[0.31633,40.57596],[0.32033,40.57363],[0.33023,40.56935],[0.33259,40.56649],[0.33529,40.56605],[0.33743,40.57429],[0.34056,40.57615],[0.34675,40.58561],[0.34766,40.59492],[0.36977,40.58271],[0.37642,40.58679],[0.38217,40.59298],[0.38591,40.59586],[0.39234,40.60417],[0.38916,40.60662],[0.3824,40.606],[0.37474,40.60641],[0.37107,40.60504],[0.36797,40.60642],[0.36021,40.60597],[0.35379,40.60785],[0.34463,40.6076],[0.33793,40.60878],[0.3301,40.61104],[0.32354,40.61252],[0.31848,40.61495],[0.31578,40.61403],[0.31104,40.61691],[0.30336,40.59889],[0.30087,40.59616],[0.30028,40.59162]]]},"properties":{"NMUN":"San Rafael del Río","CMUN":"101"}},
{"type":"Feature","geometry":{"type":"Polygon","coordinates":[[[0.26911,40.34482],[0.30131,40.3233],[0.30276,40.32346],[0.30438,40.32917],[0.31365,40.33919],[0.32025,40.34171],[0.32583,40.34747],[0.32901,40.3475],[0.34196,40.3533],[0.34158,40.35674],[0.34333,40.35976],[0.34392,40.36464],[0.34884,40.37037],[0.34819,40.37306],[0.33204,40.38533],[0.32522,40.3881],[0.32185,40.3904],[0.31248,40.39342],[0.30427,40.39338],[0.29927,40.39758],[0.28658,40.39617],[0.28239,40.39487],[0.27805,40.39868],[0.27371,40.40004],[0.26759,40.39857],[0.26211,40.40194],[0.2514,40.40415],[0.24605,40.40404],[0.23944,40.40673],[0.2346,40.40734],[0.22952,40.41168],[0.22115,40.41312],[0.21836,40.41628],[0.21565,40.41595],[0.20524,40.41543],[0.20173,40.41291],[0.19518,40.40562],[0.19187,40.40422],[0.18996,40.3998],[0.19111,40.39586],[0.18953,40.39342],[0.21534,40.37802],[0.2421,40.36258],[0.26911,40.34482]]]},"properties":{"NMUN":"Santa Magdalena de Pulpis","CMUN":"102"}},
{"type":"Feature","geometry":{"type":"Polygon","coordinates":[[[-0.00746,40.31837],[-0.00246,40.31594],[0.00864,40.31408],[0.01608,40.3155],[0.01752,40.31379],[0.0235,40.3119],[0.01972,40.30565],[0.01365,40.30368],[0.01282,40.29983],[0.01711,40.2906],[0.0173,40.28605],[0.02202,40.2848],[0.02524,40.28261],[0.02742,40.27931],[0.03503,40.28168],[0.04585,40.28785],[0.05818,40.29856],[0.05843,40.30188],[0.05627,40.30746],[0.05946,40.3138],[0.06107,40.32295],[0.06018,40.33469],[0.05418,40.33865],[0.04938,40.34078],[0.03938,40.33574],[0.02299,40.32139],[0.00658,40.31795],[-0.00746,40.31837]]]},"properties":{"NMUN":"Serratella, la","CMUN":"103"}},
{"type":"Feature","geometry":{"type":"Polygon","coordinates":[[[-0.49989,39.84904],[-0.49949,39.84836],[-0.49395,39.83934],[-0.49436,39.83267],[-0.50182,39.827],[-0.50764,39.81523],[-0.51285,39.81318],[-0.53059,39.79598],[-0.52225,39.78735],[-0.52085,39.78447],[-0.51401,39.77928],[-0.513,39.77524],[-0.50852,39.77076],[-0.50586,39.75948],[-0.50325,39.757],[-0.49825,39.74756],[-0.48999,39.74181],[-0.4827,39.73419],[-0.47512,39.73184],[-0.47072,39.72644],[-0.46367,39.72057],[-0.461,39.71535],[-0.45618,39.7147],[-0.44838,39.71642],[-0.44509,39.7189],[-0.43943,39.72835],[-0.43939,39.73007],[-0.43749,39.73347],[-0.43908,39.73686],[-0.43304,39.73641],[-0.43017,39.73961],[-0.41919,39.746],[-0.4096,39.7452],[-0.40669,39.74755],[-0.39242,39.7633],[-0.38898,39.7687],[-0.38694,39.76918],[-0.38556,39.77295],[-0.38586,39.77644],[-0.3918,39.77989],[-0.39447,39.7818],[-0.39501,39.78643],[-0.40205,39.78927],[-0.4038,39.78859],[-0.41242,39.79393],[-0.41873,39.79905],[-0.42195,39.80055],[-0.42627,39.80832],[-0.43585,39.81406],[-0.43725,39.81483],[-0.4449,39.82539],[-0.44626,39.8271],[-0.44239,39.83277],[-0.44494,39.83574],[-0.44558,39.83929],[-0.45208,39.83818],[-0.45427,39.83589],[-0.45869,39.8353],[-0.4623,39.83651],[-0.46017,39.83295],[-0.46458,39.83078],[-0.46952,39.83518],[-0.47024,39.83768],[-0.46598,39.84184],[-0.46441,39.83938],[-0.46081,39.84163],[-0.4624,39.84531],[-0.46519,39.84671],[-0.46778,39.85236],[-0.47066,39.85627],[-0.4725,39.85608],[-0.47272,39.86188],[-0.47724,39.86564],[-0.47722,39.86952],[-0.47987,39.87041],[-0.47984,39.8766],[-0.47729,39.87872],[-0.48775,39.87287],[-0.49278,39.86921],[-0.50156,39.86455],[-0.50803,39.86941],[-0.51917,39.87672],[-0.51618,39.87121],[-0.51299,39.86486],[-0.50745,39.85724],[-0.50204,39.85297],[-0.49989,39.84904]]]},"properties":{"NMUN":"Segorbe","CMUN":"104"}},
{"type":"Feature","geometry":{"type":"Polygon","coordinates":[[[-0.03356,40.32193],[-0.03939,40.31483],[-0.04421,40.31496],[-0.04521,40.31348],[-0.04859,40.3021],[-0.0559,40.29895],[-0.0571,40.29154],[-0.0569,40.28709],[-0.0583,40.28379],[-0.06774,40.27908],[-0.06506,40.27511],[-0.06859,40.27475],[-0.07072,40.27097],[-0.06893,40.26859],[-0.07049,40.26457],[-0.07345,40.26283],[-0.07943,40.26233],[-0.08178,40.26089],[-0.08189,40.25705],[-0.07593,40.25429],[-0.07727,40.24828],[-0.07769,40.23848],[-0.08005,40.23312],[-0.08145,40.2263],[-0.08449,40.22588],[-0.0855,40.22001],[-0.08017,40.21791],[-0.0826,40.21535],[-0.05233,40.20905],[-0.00868,40.21535],[-0.00833,40.21856],[-0.01094,40.2247],[-0.00758,40.22747],[-0.01176,40.232],[-0.00637,40.23415],[0.00886,40.24222],[0.02403,40.24967],[0.03282,40.26953],[0.03134,40.27584],[0.02742,40.27931],[0.02524,40.28261],[0.02202,40.2848],[0.0173,40.28605],[0.01711,40.2906],[0.01282,40.29983],[0.01365,40.30368],[0.01972,40.30565],[0.0235,40.3119],[0.01752,40.31379],[0.01608,40.3155],[0.00864,40.31408],[-0.00246,40.31594],[-0.00746,40.31837],[-0.0313,40.31778],[-0.03356,40.32193]]]},"properties":{"NMUN":"Sierra Engarcerán","CMUN":"105"}},
{"type":"Feature","geometry":{"type":"Polygon","coordinates":[[[-0.31629,39.82305],[-0.32742,39.82441],[-0.32964,39.82352],[-0.33419,39.82354],[-0.34248,39.82156],[-0.3563,39.82369],[-0.36401,39.82189],[-0.3765,39.81788],[-0.37812,39.82452],[-0.37869,39.83175],[-0.38736,39.83848],[-0.394,39.84924],[-0.39785,39.85321],[-0.40135,39.84888],[-0.40466,39.84828],[-0.41537,39.84181],[-0.4195,39.83846],[-0.42877,39.82982],[-0.42577,39.82112],[-0.42851,39.82177],[-0.43713,39.82042],[-0.43947,39.82439],[-0.4449,39.82539],[-0.43725,39.81483],[-0.43585,39.81406],[-0.42627,39.80832],[-0.41566,39.81327],[-0.41406,39.81519],[-0.39489,39.81479],[-0.39057,39.81063],[-0.38399,39.80666],[-0.37792,39.79988],[-0.35739,39.79974],[-0.35001,39.80095],[-0.3385,39.80016],[-0.32826,39.80148],[-0.31602,39.79983],[-0.31047,39.81419],[-0.31347,39.82274],[-0.31629,39.82305]]]},"properties":{"NMUN":"Soneja","CMUN":"106"}},
{"type":"Feature","geometry":{"type":"Polygon","coordinates":[[[-0.3918,39.77989],[-0.38986,39.78801],[-0.38787,39.79108],[-0.38276,39.79419],[-0.37792,39.79988],[-0.38399,39.80666],[-0.39057,39.81063],[-0.39489,39.81479],[-0.41406,39.81519],[-0.41566,39.81327],[-0.42627,39.80832],[-0.42195,39.80055],[-0.41873,39.79905],[-0.41242,39.79393],[-0.4038,39.78859],[-0.40205,39.78927],[-0.39501,39.78643],[-0.39447,39.7818],[-0.3918,39.77989]]]},"properties":{"NMUN":"Sot de Ferrer","CMUN":"107"}},
{"type":"Feature","geometry":{"type":"Polygon","coordinates":[[[-0.32997,39.94491],[-0.32683,39.94483],[-0.31725,39.95458],[-0.32081,39.96977],[-0.32845,39.97342],[-0.33041,39.97812],[-0.34131,39.97986],[-0.345,39.9784],[-0.34811,39.97534],[-0.35027,39.97801],[-0.35667,39.98135],[-0.36146,39.97433],[-0.36531,39.97359],[-0.36723,39.97131],[-0.36851,39.96386],[-0.37432,39.9572],[-0.37509,39.95343],[-0.37967,39.95279],[-0.38326,39.94717],[-0.38442,39.94365],[-0.38679,39.942],[-0.39168,39.9429],[-0.39561,39.93753],[-0.39557,39.93575],[-0.38968,39.93124],[-0.38553,39.93069],[-0.38174,39.92773],[-0.37217,39.92938],[-0.36917,39.93195],[-0.36456,39.93319],[-0.35326,39.93227],[-0.34376,39.93646],[-0.34304,39.93898],[-0.33715,39.94438],[-0.32997,39.94491]]]},"properties":{"NMUN":"Suera/Sueras","CMUN":"108"}},
{"type":"Feature","geometry":{"type":"Polygon","coordinates":[[[-0.28046,39.92136],[-0.27954,39.92281],[-0.27445,39.92301],[-0.2691,39.92206],[-0.26084,39.92602],[-0.27548,39.93275],[-0.28794,39.94595],[-0.28985,39.95212],[-0.29238,39.95326],[-0.29871,39.95052],[-0.30084,39.95089],[-0.29549,39.95425],[-0.2953,39.96739],[-0.31288,39.97535],[-0.31584,39.97242],[-0.32081,39.96977],[-0.31725,39.95458],[-0.32683,39.94483],[-0.32997,39.94491],[-0.32819,39.94021],[-0.32459,39.93765],[-0.32035,39.93704],[-0.31748,39.93413],[-0.3056,39.93148],[-0.29529,39.92989],[-0.29015,39.92238],[-0.28046,39.92136]]]},"properties":{"NMUN":"Tales","CMUN":"109"}},
{"type":"Feature","geometry":{"type":"Polygon","coordinates":[[[-0.70411,39.86841],[-0.69932,39.86457],[-0.69235,39.8616],[-0.68692,39.85654],[-0.68263,39.86485],[-0.67679,39.86643],[-0.67074,39.8691],[-0.66618,39.86899],[-0.66123,39.87091],[-0.66085,39.8807],[-0.66245,39.88235],[-0.66045,39.88633],[-0.65175,39.88913],[-0.64757,39.89532],[-0.64156,39.897],[-0.64008,39.90269],[-0.64449,39.90763],[-0.64693,39.91241],[-0.64922,39.91411],[-0.65452,39.92065],[-0.65533,39.91767],[-0.65953,39.91437],[-0.67169,39.90923],[-0.68372,39.90713],[-0.68981,39.90308],[-0.69709,39.89603],[-0.69622,39.88765],[-0.7026,39.87947],[-0.71008,39.87535],[-0.70755,39.87291],[-0.70689,39.86997],[-0.70411,39.86841]]]},"properties":{"NMUN":"Teresa","CMUN":"110"}},
{"type":"Feature","geometry":{"type":"Polygon","coordinates":[[[0.08398,40.38915],[0.08617,40.39437],[0.08711,40.40218],[0.09085,40.40826],[0.10042,40.41786],[0.09727,40.42186],[0.10321,40.42363],[0.10236,40.42847],[0.10796,40.42895],[0.10915,40.43711],[0.10836,40.43922],[0.11225,40.44224],[0.11523,40.44811],[0.11174,40.45003],[0.10528,40.45183],[0.10303,40.45123],[0.09766,40.45334],[0.09715,40.45636],[0.09196,40.46314],[0.09157,40.47284],[0.09376,40.47818],[0.09163,40.48107],[0.08501,40.47742],[0.08081,40.47273],[0.07846,40.46862],[0.07152,40.46756],[0.06546,40.46801],[0.0581,40.46497],[0.05456,40.46589],[0.04983,40.46119],[0.04722,40.45465],[0.04037,40.44852],[0.03588,40.44966],[0.03161,40.44693],[0.0308,40.43695],[0.0329,40.43027],[0.0314,40.42819],[0.03215,40.42256],[0.02933,40.4216],[0.02977,40.41828],[0.03284,40.41705],[0.03512,40.41301],[0.04511,40.41035],[0.04706,40.40586],[0.04634,40.40321],[0.05043,40.39932],[0.05303,40.3997],[0.05547,40.39456],[0.05958,40.39398],[0.06445,40.39769],[0.06515,40.39299],[0.06849,40.39231],[0.06984,40.39456],[0.07623,40.39234],[0.07706,40.38738],[0.08398,40.38915]]]},"properties":{"NMUN":"Tírig","CMUN":"111"}},
{"type":"Feature","geometry":{"type":"Polygon","coordinates":[[[-0.22441,40.61563],[-0.21879,40.62589],[-0.21801,40.6346],[-0.22455,40.63843],[-0.22555,40.64006],[-0.22588,40.64678],[-0.22809,40.64684],[-0.24005,40.65294],[-0.24739,40.65949],[-0.2599,40.66045],[-0.26482,40.66489],[-0.26661,40.67007],[-0.26287,40.67246],[-0.2582,40.67384],[-0.25713,40.67672],[-0.26099,40.68509],[-0.26767,40.68404],[-0.27939,40.67986],[-0.28129,40.67741],[-0.29029,40.67227],[-0.29363,40.67396],[-0.29907,40.66764],[-0.30731,40.662],[-0.307,40.6595],[-0.30943,40.65584],[-0.30617,40.64692],[-0.29636,40.63823],[-0.2878,40.63741],[-0.28538,40.63412],[-0.27775,40.63116],[-0.27018,40.63078],[-0.26524,40.62959],[-0.25882,40.62668],[-0.26183,40.62318],[-0.26566,40.6222],[-0.26669,40.61805],[-0.25987,40.60973],[-0.25527,40.60764],[-0.2434,40.61461],[-0.23792,40.60777],[-0.23062,40.60851],[-0.22498,40.61299],[-0.22441,40.61563]]]},"properties":{"NMUN":"Todolella","CMUN":"112"}},
{"type":"Feature","geometry":{"type":"Polygon","coordinates":[[[-0.3678,40.07449],[-0.38208,40.07962],[-0.39149,40.07828],[-0.39712,40.07637],[-0.39704,40.07044],[-0.39226,40.06486],[-0.38786,40.06285],[-0.3848,40.05735],[-0.38469,40.04875],[-0.38874,40.04031],[-0.39396,40.03569],[-0.39872,40.03028],[-0.39664,40.02693],[-0.39051,40.0276],[-0.3843,40.0295],[-0.37649,40.02838],[-0.36864,40.0298],[-0.36024,40.03225],[-0.35827,40.03644],[-0.35291,40.03898],[-0.34561,40.03831],[-0.34315,40.04038],[-0.3424,40.04412],[-0.34488,40.04282],[-0.35191,40.04236],[-0.35512,40.04423],[-0.35588,40.04699],[-0.36209,40.0492],[-0.36322,40.0526],[-0.36765,40.05536],[-0.36662,40.05989],[-0.36327,40.064],[-0.3631,40.06746],[-0.36878,40.0734],[-0.3678,40.07449]]]},"properties":{"NMUN":"Toga","CMUN":"113"}},
{"type":"Feature","geometry":{"type":"Polygon","coordinates":[[[-0.70422,39.94835],[-0.71019,39.94469],[-0.71235,39.94097],[-0.71684,39.94375],[-0.72195,39.93989],[-0.70997,39.93083],[-0.6987,39.9184],[-0.69649,39.91362],[-0.69533,39.90754],[-0.68981,39.90308],[-0.68372,39.90713],[-0.67169,39.90923],[-0.65953,39.91437],[-0.65533,39.91767],[-0.65452,39.92065],[-0.66462,39.93381],[-0.6738,39.94061],[-0.6769,39.94446],[-0.68473,39.94982],[-0.68999,39.95191],[-0.69971,39.95287],[-0.70422,39.94835]]]},"properties":{"NMUN":"Torás","CMUN":"114"}},
{"type":"Feature","geometry":{"type":"Polygon","coordinates":[[[-0.71144,40.0366],[-0.71595,40.04027],[-0.7189,40.03871],[-0.7246,40.03931],[-0.72675,40.04151],[-0.73146,40.04163],[-0.74809,40.03837],[-0.75362,40.04661],[-0.75873,40.04225],[-0.76227,40.04126],[-0.76285,40.03027],[-0.76539,40.02682],[-0.76479,40.02252],[-0.76624,40.02066],[-0.76579,40.01704],[-0.76717,40.0148],[-0.76783,40.0092],[-0.77538,40.00313],[-0.77765,39.99841],[-0.77955,39.99793],[-0.78628,39.99204],[-0.79015,39.98978],[-0.80007,39.99133],[-0.80847,39.98798],[-0.80963,39.98563],[-0.81698,39.98223],[-0.82428,39.98235],[-0.83481,39.97934],[-0.8378,39.97681],[-0.83809,39.97226],[-0.84143,39.96911],[-0.83609,39.96281],[-0.83574,39.96],[-0.83923,39.95552],[-0.84418,39.95402],[-0.8463,39.9477],[-0.83983,39.94207],[-0.8368,39.93333],[-0.83641,39.92836],[-0.84042,39.92495],[-0.83765,39.92358],[-0.8334,39.9177],[-0.83289,39.911],[-0.82999,39.90678],[-0.81787,39.89883],[-0.81326,39.89821],[-0.8046,39.89211],[-0.80189,39.88508],[-0.79758,39.88325],[-0.79538,39.88498],[-0.79012,39.8916],[-0.79027,39.89565],[-0.78543,39.90234],[-0.78276,39.90477],[-0.77506,39.90891],[-0.77069,39.91628],[-0.77209,39.91841],[-0.76503,39.9209],[-0.76263,39.92363],[-0.75929,39.9239],[-0.73992,39.92947],[-0.73038,39.9343],[-0.72863,39.93425],[-0.72195,39.93989],[-0.71684,39.94375],[-0.71235,39.94097],[-0.71019,39.94469],[-0.70422,39.94835],[-0.70449,39.9559],[-0.71485,39.98784],[-0.71941,39.99869],[-0.73031,40.00514],[-0.73802,40.02063],[-0.74178,40.03204],[-0.74214,40.03589],[-0.71534,40.03252],[-0.71144,40.0366]]]},"properties":{"NMUN":"Toro, El","CMUN":"115"}},
{"type":"Feature","geometry":{"type":"Polygon","coordinates":[[[-0.42157,39.99906],[-0.42248,40.00431],[-0.42809,40.00659],[-0.43261,40.01025],[-0.44508,40.01387],[-0.44674,40.0159],[-0.44949,40.02421],[-0.44763,40.03081],[-0.45129,40.0284],[-0.45686,40.0212],[-0.46557,40.01203],[-0.468,40.00745],[-0.47848,40.00733],[-0.48405,40.00902],[-0.48858,40.00543],[-0.48558,39.9987],[-0.48018,39.99552],[-0.48045,39.99246],[-0.46989,39.9887],[-0.4686,39.98337],[-0.46529,39.97954],[-0.45188,39.96902],[-0.44028,39.97091],[-0.43602,39.97583],[-0.42867,39.97261],[-0.4222,39.97601],[-0.42037,39.97989],[-0.41736,39.98323],[-0.41601,39.98762],[-0.41997,39.99335],[-0.42157,39.99906]]]},"properties":{"NMUN":"Torralba del Pinar","CMUN":"116"}},
{"type":"Feature","geometry":{"type":"Polygon","coordinates":[[[0.21692,40.22987],[0.20665,40.23417],[0.19528,40.23582],[0.17928,40.2315],[0.17093,40.22164],[0.16605,40.21969],[0.15797,40.22114],[0.15476,40.21611],[0.15642,40.20528],[0.17029,40.19794],[0.18863,40.18755],[0.20148,40.18074],[0.20661,40.18343],[0.21031,40.1841],[0.22086,40.19204],[0.23071,40.19794],[0.23425,40.1992],[0.23959,40.19955],[0.244,40.20139],[0.25584,40.20346],[0.25375,40.20886],[0.24976,40.21186],[0.24625,40.21414],[0.23623,40.21889],[0.2305,40.22343],[0.21692,40.22987]]]},"properties":{"NMUN":"Torreblanca","CMUN":"117"}},
{"type":"Feature","geometry":{"type":"Polygon","coordinates":[[[-0.43226,40.03887],[-0.42786,40.03894],[-0.4217,40.03724],[-0.41639,40.03389],[-0.41406,40.03057],[-0.41115,40.02947],[-0.40735,40.02565],[-0.39972,40.02823],[-0.39872,40.03028],[-0.39396,40.03569],[-0.38874,40.04031],[-0.38469,40.04875],[-0.3848,40.05735],[-0.38786,40.06285],[-0.39226,40.06486],[-0.39704,40.07044],[-0.39712,40.07637],[-0.40347,40.07469],[-0.40583,40.0722],[-0.41385,40.06046],[-0.41816,40.05156],[-0.42326,40.04711],[-0.42888,40.04386],[-0.43226,40.03887]]]},"properties":{"NMUN":"Torrechiva","CMUN":"118"}},
{"type":"Feature","geometry":{"type":"Polygon","coordinates":[[[-0.04843,40.33678],[-0.05593,40.33847],[-0.06276,40.33487],[-0.06615,40.33651],[-0.07292,40.33583],[-0.07628,40.33448],[-0.07905,40.33604],[-0.08363,40.33436],[-0.09107,40.33076],[-0.09789,40.33019],[-0.10231,40.32815],[-0.10547,40.32469],[-0.10485,40.31294],[-0.08578,40.29785],[-0.05878,40.32158],[-0.04843,40.33678]]]},"properties":{"NMUN":"Torre d'en Besora, la","CMUN":"119"}},
{"type":"Feature","geometry":{"type":"Polygon","coordinates":[[[0.07713,40.27417],[0.0724,40.27432],[0.06419,40.27688],[0.05583,40.27245],[0.06763,40.26247],[0.07345,40.25972],[0.07588,40.25764],[0.08056,40.25934],[0.08494,40.26557],[0.0858,40.26833],[0.08891,40.27069],[0.07713,40.27417]]]},"properties":{"NMUN":"Torre d'en Doménec, la","CMUN":"120"}},
{"type":"Feature","geometry":{"type":"Polygon","coordinates":[[[0.25285,40.52694],[0.25834,40.52365],[0.26133,40.51603],[0.25967,40.50754],[0.27178,40.50097],[0.26835,40.4954],[0.271,40.4895],[0.27997,40.48987],[0.28417,40.49214],[0.28762,40.49674],[0.29314,40.49978],[0.30699,40.49582],[0.30739,40.49702],[0.30308,40.50717],[0.32058,40.52043],[0.31935,40.52804],[0.33577,40.53907],[0.34381,40.5478],[0.35179,40.55296],[0.35852,40.56036],[0.36534,40.56405],[0.39232,40.57687],[0.4176,40.58781],[0.4046,40.59483],[0.40638,40.59725],[0.40296,40.6018],[0.39506,40.60252],[0.39234,40.60417],[0.38591,40.59586],[0.38217,40.59298],[0.37642,40.58679],[0.36977,40.58271],[0.34766,40.59492],[0.34675,40.58561],[0.34056,40.57615],[0.33743,40.57429],[0.33529,40.56605],[0.33259,40.56649],[0.33023,40.56935],[0.32033,40.57363],[0.31633,40.57596],[0.31557,40.57842],[0.31161,40.57919],[0.30889,40.58222],[0.30423,40.59117],[0.30028,40.59162],[0.29785,40.586],[0.29078,40.57246],[0.28389,40.55829],[0.2826,40.55346],[0.27717,40.5501],[0.27002,40.54429],[0.25925,40.53222],[0.25285,40.52694]]]},"properties":{"NMUN":"Traiguera","CMUN":"121"}},
{"type":"Feature","geometry":{"type":"Polygon","coordinates":[[[-0.19683,40.17653],[-0.20158,40.17366],[-0.21012,40.15719],[-0.20718,40.15521],[-0.20769,40.14988],[-0.198,40.14417],[-0.19357,40.14101],[-0.18828,40.13994],[-0.18561,40.14119],[-0.17904,40.14465],[-0.17092,40.14562],[-0.17004,40.14265],[-0.16504,40.14318],[-0.15967,40.1421],[-0.15448,40.14002],[-0.1506,40.14009],[-0.14525,40.14539],[-0.13594,40.14388],[-0.13145,40.13886],[-0.13436,40.13605],[-0.13348,40.1327],[-0.13013,40.12954],[-0.11487,40.13045],[-0.11037,40.12945],[-0.10687,40.13068],[-0.10321,40.13704],[-0.09808,40.14225],[-0.09669,40.14936],[-0.09392,40.15177],[-0.08578,40.16458],[-0.08124,40.16988],[-0.08171,40.17354],[-0.07819,40.17933],[-0.07615,40.18681],[-0.07719,40.19306],[-0.08011,40.1986],[-0.08086,40.20329],[-0.08021,40.20699],[-0.08391,40.21061],[-0.0826,40.21535],[-0.08017,40.21791],[-0.0855,40.22001],[-0.08863,40.22112],[-0.0946,40.22134],[-0.09851,40.2239],[-0.09403,40.22807],[-0.09336,40.23119],[-0.09412,40.23622],[-0.0985,40.23997],[-0.10353,40.23907],[-0.10403,40.23309],[-0.11033,40.2341],[-0.11026,40.23202],[-0.11627,40.22855],[-0.12429,40.22695],[-0.1276,40.22896],[-0.13451,40.22927],[-0.13599,40.22201],[-0.14115,40.21905],[-0.13898,40.21564],[-0.1406,40.21044],[-0.1451,40.21157],[-0.15485,40.20978],[-0.15748,40.20237],[-0.16246,40.19961],[-0.16866,40.19403],[-0.17554,40.19153],[-0.18326,40.18575],[-0.18722,40.18458],[-0.19113,40.18071],[-0.19683,40.17653]]]},"properties":{"NMUN":"Useres, les/Useras","CMUN":"122"}},
{"type":"Feature","geometry":{"type":"Polygon","coordinates":[[[-0.3424,40.04412],[-0.34315,40.04038],[-0.34561,40.03831],[-0.34604,40.0367],[-0.34334,40.03216],[-0.34507,40.02779],[-0.34413,40.02207],[-0.34113,40.02129],[-0.33627,40.02238],[-0.32418,40.02981],[-0.32256,40.03546],[-0.3223,40.04594],[-0.3281,40.05372],[-0.34181,40.0462],[-0.3424,40.04412]]]},"properties":{"NMUN":"Vallat","CMUN":"123"}},
{"type":"Feature","geometry":{"type":"Polygon","coordinates":[[[-0.00868,40.21535],[-0.05233,40.20905],[-0.0826,40.21535],[-0.08391,40.21061],[-0.08021,40.20699],[-0.08086,40.20329],[-0.08011,40.1986],[-0.07719,40.19306],[-0.07615,40.18681],[-0.07819,40.17933],[-0.08171,40.17354],[-0.08124,40.16988],[-0.08578,40.16458],[-0.07828,40.16554],[-0.07282,40.16467],[-0.06258,40.16073],[-0.06122,40.15444],[-0.05401,40.15195],[-0.04862,40.15433],[-0.04657,40.1521],[-0.04011,40.15542],[-0.02493,40.15398],[-0.00785,40.14764],[-0.00253,40.14613],[0.00437,40.14815],[0.00798,40.14821],[0.01248,40.1523],[0.01763,40.15252],[0.01459,40.16552],[0.02522,40.18357],[0.02759,40.1877],[0.0211,40.18977],[0.0194,40.19512],[0.01448,40.19886],[0.0135,40.20171],[0.00955,40.20526],[0.00324,40.20677],[-0.00348,40.20658],[-0.00582,40.20815],[-0.00868,40.21535]]]},"properties":{"NMUN":"Vall d'Alba","CMUN":"124"}},
{"type":"Feature","geometry":{"type":"Polygon","coordinates":[[[-0.46941,39.92372],[-0.47658,39.91556],[-0.48238,39.91336],[-0.50241,39.89702],[-0.49537,39.8964],[-0.48695,39.88909],[-0.48625,39.88686],[-0.47728,39.87872],[-0.4658,39.87947],[-0.45977,39.87907],[-0.45384,39.88068],[-0.44417,39.88102],[-0.43345,39.88541],[-0.42266,39.88763],[-0.41111,39.89166],[-0.40953,39.89843],[-0.41833,39.90085],[-0.41925,39.90592],[-0.43398,39.90239],[-0.44102,39.9043],[-0.44902,39.9091],[-0.45034,39.91295],[-0.45281,39.91404],[-0.45377,39.91766],[-0.45697,39.91976],[-0.46941,39.92372]]]},"properties":{"NMUN":"Vall de Almonacid","CMUN":"125"}},
{"type":"Feature","geometry":{"type":"Polygon","coordinates":[[[-0.1748,39.83322],[-0.17809,39.83494],[-0.20193,39.8513],[-0.20697,39.85501],[-0.21353,39.85534],[-0.21521,39.8565],[-0.21599,39.86074],[-0.22307,39.86242],[-0.22568,39.86115],[-0.23598,39.86102],[-0.23921,39.86354],[-0.24275,39.8577],[-0.23997,39.85481],[-0.2455,39.85273],[-0.25211,39.84917],[-0.25415,39.84796],[-0.25635,39.84293],[-0.2558,39.83883],[-0.2532,39.83347],[-0.25761,39.83055],[-0.26282,39.82461],[-0.26618,39.82257],[-0.26976,39.82252],[-0.27263,39.8222],[-0.28619,39.80973],[-0.28742,39.80719],[-0.29238,39.80504],[-0.29831,39.80477],[-0.30857,39.79699],[-0.29748,39.78518],[-0.29057,39.78014],[-0.28236,39.77505],[-0.27653,39.77054],[-0.2461,39.7768],[-0.22718,39.77911],[-0.21889,39.78051],[-0.21553,39.78228],[-0.2102,39.78699],[-0.20668,39.79078],[-0.20507,39.79661],[-0.20267,39.80191],[-0.18442,39.80028],[-0.18142,39.79855],[-0.17212,39.81359],[-0.17191,39.81415],[-0.17432,39.81684],[-0.1724,39.83194],[-0.1748,39.83322]]]},"properties":{"NMUN":"Vall d'Uixó, la","CMUN":"126"}},
{"type":"Feature","geometry":{"type":"Polygon","coordinates":[[[0.18583,40.59555],[0.18406,40.59941],[0.17665,40.60419],[0.17441,40.61036],[0.17023,40.61129],[0.1684,40.61334],[0.16265,40.61489],[0.15752,40.61368],[0.15558,40.62595],[0.15427,40.62766],[0.14707,40.62972],[0.14698,40.63102],[0.13941,40.63679],[0.11909,40.63445],[0.10901,40.63872],[0.08968,40.65026],[0.08182,40.64986],[0.06659,40.64724],[0.06401,40.64718],[0.06082,40.64434],[0.04952,40.64566],[0.04381,40.64953],[0.03813,40.65014],[0.03508,40.64633],[0.03461,40.63736],[0.02912,40.63269],[0.02544,40.6272],[0.01957,40.62626],[0.00907,40.62265],[0.011,40.61404],[0.02024,40.61014],[0.02411,40.60472],[0.02048,40.60139],[0.01619,40.59914],[0.00996,40.59865],[0.00366,40.59358],[0.00304,40.5864],[0.0029,40.58484],[0.01274,40.58397],[0.01908,40.5794],[0.02766,40.57695],[0.03321,40.57884],[0.04104,40.57568],[0.04828,40.57398],[0.05298,40.5741],[0.05444,40.57154],[0.06071,40.56846],[0.06714,40.56932],[0.07687,40.5722],[0.07863,40.5721],[0.0877,40.57574],[0.09934,40.58293],[0.10806,40.58558],[0.11629,40.58659],[0.12199,40.58506],[0.12817,40.58059],[0.14133,40.57687],[0.14461,40.5749],[0.15354,40.57599],[0.16319,40.57939],[0.17461,40.58401],[0.17399,40.58522],[0.17732,40.5899],[0.18353,40.5928],[0.18583,40.59555]]]},"properties":{"NMUN":"Vallibona","CMUN":"127"}},
{"type":"Feature","geometry":{"type":"Polygon","coordinates":[[[-0.05506,40.09154],[-0.04938,40.09667],[-0.04833,40.10004],[-0.04256,40.10163],[-0.03235,40.10785],[-0.03012,40.11203],[-0.01857,40.11282],[-0.0134,40.11743],[-0.00508,40.11943],[-0.0047,40.1276],[-0.0021,40.13657],[0.0008,40.1412],[0.01701,40.14257],[0.01854,40.14289],[0.01763,40.15252],[0.01248,40.1523],[0.00798,40.14821],[0.00437,40.14815],[-0.00253,40.14613],[-0.00785,40.14764],[-0.02493,40.15398],[-0.04011,40.15542],[-0.04657,40.1521],[-0.04862,40.15433],[-0.05401,40.15195],[-0.06122,40.15444],[-0.06258,40.16073],[-0.07282,40.16467],[-0.07828,40.16554],[-0.08578,40.16458],[-0.09392,40.15177],[-0.09669,40.14936],[-0.09808,40.14225],[-0.10321,40.13704],[-0.10687,40.13068],[-0.11037,40.12945],[-0.11487,40.13045],[-0.13013,40.12954],[-0.13435,40.12796],[-0.13752,40.12124],[-0.14232,40.11682],[-0.14237,40.11474],[-0.13805,40.11278],[-0.14174,40.11098],[-0.14142,40.10552],[-0.14791,40.10167],[-0.14517,40.09763],[-0.14573,40.09589],[-0.14309,40.09391],[-0.13473,40.09737],[-0.13087,40.09669],[-0.12318,40.09763],[-0.11971,40.09984],[-0.11666,40.09531],[-0.1173,40.0936],[-0.11403,40.08725],[-0.11071,40.08481],[-0.10659,40.0839],[-0.10539,40.07728],[-0.09765,40.07607],[-0.09688,40.07944],[-0.09405,40.08381],[-0.08881,40.083],[-0.08481,40.08466],[-0.07953,40.08018],[-0.07278,40.08349],[-0.07006,40.08049],[-0.06637,40.07977],[-0.06496,40.08067],[-0.0618,40.08268],[-0.06274,40.0876],[-0.05987,40.09101],[-0.05506,40.09154]]]},"properties":{"NMUN":"Vilafamés","CMUN":"128"}},
{"type":"Feature","geometry":{"type":"Polygon","coordinates":[[[-0.2127,40.46343],[-0.2202,40.46683],[-0.23754,40.47091],[-0.24542,40.47113],[-0.25642,40.47406],[-0.25405,40.47744],[-0.25719,40.47663],[-0.26266,40.47761],[-0.26154,40.47466],[-0.26837,40.47444],[-0.26869,40.47806],[-0.27143,40.4785],[-0.27264,40.47376],[-0.27594,40.47567],[-0.28198,40.47382],[-0.28483,40.47069],[-0.29541,40.47041],[-0.29343,40.46709],[-0.30295,40.46675],[-0.30915,40.46573],[-0.32251,40.46012],[-0.3306,40.45974],[-0.33709,40.45655],[-0.33917,40.45298],[-0.33888,40.44892],[-0.34285,40.44659],[-0.34361,40.44315],[-0.34735,40.44394],[-0.34118,40.4382],[-0.33283,40.42554],[-0.32795,40.42169],[-0.31668,40.41717],[-0.30722,40.40919],[-0.30373,40.40395],[-0.30153,40.39773],[-0.29591,40.39539],[-0.29425,40.39314],[-0.28539,40.38649],[-0.28358,40.38377],[-0.28169,40.3734],[-0.28005,40.36949],[-0.27603,40.36964],[-0.27146,40.37208],[-0.26911,40.36963],[-0.26463,40.36787],[-0.25918,40.36859],[-0.25854,40.37129],[-0.26015,40.37428],[-0.26438,40.37795],[-0.26083,40.38111],[-0.26017,40.38374],[-0.25319,40.38632],[-0.24096,40.38935],[-0.23652,40.39176],[-0.23576,40.394],[-0.22961,40.39708],[-0.23002,40.40421],[-0.23154,40.40698],[-0.22415,40.40767],[-0.21393,40.4137],[-0.21205,40.42099],[-0.2088,40.42376],[-0.19899,40.42174],[-0.19661,40.42466],[-0.18997,40.42835],[-0.18751,40.42848],[-0.18091,40.43133],[-0.17432,40.43177],[-0.16503,40.43081],[-0.16285,40.43263],[-0.17555,40.44013],[-0.18366,40.4456],[-0.19123,40.446],[-0.20045,40.45352],[-0.20453,40.45544],[-0.20581,40.45812],[-0.2127,40.46343]]]},"properties":{"NMUN":"Vilafranca/Villafranca del Cid","CMUN":"129"}},
{"type":"Feature","geometry":{"type":"Polygon","coordinates":[[[-0.33819,40.22051],[-0.34974,40.22271],[-0.35679,40.23022],[-0.37188,40.23832],[-0.37197,40.24437],[-0.37568,40.24659],[-0.3812,40.25701],[-0.38855,40.26161],[-0.42807,40.2438],[-0.43467,40.24238],[-0.44431,40.23889],[-0.45181,40.23532],[-0.46159,40.23445],[-0.47136,40.23837],[-0.4773,40.23528],[-0.48664,40.23417],[-0.49198,40.23148],[-0.49451,40.22873],[-0.50157,40.23319],[-0.51059,40.23178],[-0.5135,40.22966],[-0.51026,40.21595],[-0.5075,40.21142],[-0.50663,40.20348],[-0.50717,40.20085],[-0.50174,40.19967],[-0.49492,40.19991],[-0.4942,40.19647],[-0.48962,40.18919],[-0.48811,40.18378],[-0.48446,40.17533],[-0.48224,40.16156],[-0.47534,40.16055],[-0.46577,40.16224],[-0.4594,40.1621],[-0.45439,40.16331],[-0.4483,40.16809],[-0.44499,40.16679],[-0.43889,40.16784],[-0.43197,40.16636],[-0.4299,40.16474],[-0.41531,40.16416],[-0.40153,40.15782],[-0.39848,40.16293],[-0.39428,40.16173],[-0.38507,40.16128],[-0.38098,40.16373],[-0.37515,40.16461],[-0.37046,40.16919],[-0.37167,40.17073],[-0.36888,40.17575],[-0.36455,40.17788],[-0.36214,40.18066],[-0.34985,40.18685],[-0.34924,40.19188],[-0.34614,40.19816],[-0.34326,40.19965],[-0.33961,40.21322],[-0.33819,40.22051]]]},"properties":{"NMUN":"Villahermosa del Río","CMUN":"130"}},
{"type":"Feature","geometry":{"type":"Polygon","coordinates":[[[-0.39557,39.93575],[-0.39561,39.93753],[-0.39168,39.9429],[-0.38679,39.942],[-0.38442,39.94365],[-0.38326,39.94717],[-0.37967,39.95279],[-0.37509,39.95343],[-0.37432,39.9572],[-0.36851,39.96386],[-0.36723,39.97131],[-0.38252,39.97106],[-0.39056,39.97661],[-0.40443,39.97424],[-0.41102,39.96908],[-0.4222,39.97601],[-0.42867,39.97261],[-0.43602,39.97583],[-0.44028,39.97091],[-0.45188,39.96902],[-0.44878,39.96784],[-0.44754,39.96181],[-0.44035,39.95569],[-0.43249,39.95236],[-0.4257,39.94785],[-0.4182,39.9439],[-0.41137,39.93864],[-0.40601,39.9378],[-0.40083,39.9343],[-0.39557,39.93575]]]},"properties":{"NMUN":"Villamalur","CMUN":"131"}},
{"type":"Feature","geometry":{"type":"Polygon","coordinates":[[[0.16007,40.23147],[0.15511,40.23437],[0.15405,40.23614],[0.14327,40.24295],[0.11634,40.26885],[0.11298,40.28271],[0.10831,40.28621],[0.10343,40.28355],[0.09772,40.28356],[0.09415,40.28048],[0.08794,40.27963],[0.07994,40.2836],[0.07213,40.28108],[0.06382,40.28067],[0.06054,40.27829],[0.05768,40.2739],[0.0452,40.27227],[0.0395,40.27201],[0.03134,40.27584],[0.03282,40.26953],[0.02403,40.24967],[0.02961,40.24529],[0.03083,40.24193],[0.03464,40.23696],[0.04078,40.2334],[0.04448,40.22506],[0.04842,40.22102],[0.04843,40.21244],[0.05183,40.20983],[0.08198,40.20498],[0.09155,40.20093],[0.09956,40.1988],[0.10474,40.2009],[0.10864,40.20052],[0.12955,40.20054],[0.1336,40.20307],[0.13348,40.20772],[0.13815,40.20648],[0.14028,40.20945],[0.13975,40.21315],[0.14582,40.21309],[0.14796,40.2162],[0.14721,40.22056],[0.149,40.22262],[0.15381,40.22343],[0.16007,40.23147]],[[0.07713,40.27417],[0.08891,40.27069],[0.0858,40.26833],[0.08494,40.26557],[0.08056,40.25934],[0.07588,40.25764],[0.07345,40.25972],[0.06763,40.26247],[0.05583,40.27245],[0.06419,40.27688],[0.0724,40.27432],[0.07713,40.27417]]]},"properties":{"NMUN":"Vilanova d'Alcolea","CMUN":"132"}},
{"type":"Feature","geometry":{"type":"Polygon","coordinates":[[[-0.62051,40.04585],[-0.62226,40.05728],[-0.62631,40.06055],[-0.6272,40.07205],[-0.62908,40.07471],[-0.6308,40.07101],[-0.63349,40.07063],[-0.63665,40.06746],[-0.64617,40.0675],[-0.65077,40.06235],[-0.66411,40.05144],[-0.64575,40.04983],[-0.63085,40.04804],[-0.62051,40.04585]]]},"properties":{"NMUN":"Villanueva de Viver","CMUN":"133"}},
{"type":"Feature","geometry":{"type":"Polygon","coordinates":[[[-0.04522,40.36689],[-0.05117,40.36729],[-0.05285,40.37127],[-0.05716,40.37305],[-0.06942,40.37963],[-0.07198,40.37976],[-0.07221,40.3772],[-0.07582,40.37165],[-0.07653,40.36706],[-0.08193,40.3604],[-0.08881,40.35902],[-0.08718,40.35118],[-0.08772,40.34794],[-0.0901,40.34437],[-0.09263,40.33736],[-0.08363,40.33436],[-0.07905,40.33604],[-0.07628,40.33448],[-0.07292,40.33583],[-0.06615,40.33651],[-0.06276,40.33487],[-0.05593,40.33847],[-0.04843,40.33678],[-0.04494,40.33983],[-0.04472,40.34378],[-0.03893,40.34997],[-0.02859,40.3625],[-0.03398,40.36505],[-0.0418,40.36529],[-0.04522,40.36689]]]},"properties":{"NMUN":"Vilar de Canes","CMUN":"134"}},
{"type":"Feature","geometry":{"type":"MultiPolygon","coordinates":[[[[-0.0836,39.92094],[-0.07725,39.92259],[-0.07161,39.92617],[-0.06278,39.93044],[-0.06108,39.9329],[-0.06629,39.93926],[-0.06894,39.94144],[-0.07479,39.94558],[-0.07636,39.94672],[-0.07775,39.94779],[-0.08234,39.95145],[-0.08627,39.95395],[-0.09513,39.95408],[-0.10308,39.95579],[-0.10662,39.95888],[-0.11326,39.95966],[-0.11533,39.96268],[-0.11841,39.96322],[-0.12026,39.96034],[-0.12993,39.96181],[-0.13417,39.96553],[-0.14145,39.96591],[-0.14907,39.9702],[-0.15369,39.97116],[-0.15703,39.97251],[-0.15822,39.97505],[-0.16665,39.9805],[-0.16834,39.97453],[-0.16963,39.96171],[-0.17165,39.95214],[-0.17223,39.9496],[-0.17261,39.94787],[-0.17495,39.93801],[-0.17146,39.93058],[-0.16824,39.91775],[-0.17062,39.9055],[-0.17096,39.90137],[-0.16972,39.8959],[-0.16837,39.89302],[-0.15257,39.89436],[-0.14775,39.8918],[-0.14413,39.89517],[-0.13424,39.90065],[-0.13041,39.90611],[-0.12364,39.90688],[-0.11596,39.90689],[-0.10936,39.90427],[-0.0991,39.90286],[-0.09628,39.90403],[-0.09624,39.90409],[-0.09084,39.90911],[-0.08991,39.91388],[-0.08777,39.91764],[-0.0836,39.92094]]],[[[-0.11993,39.9437],[-0.11611,39.94331],[-0.11513,39.94321],[-0.11993,39.9437]]]]},"properties":{"NMUN":"Vila-real","CMUN":"135"}},
{"type":"Feature","geometry":{"type":"Polygon","coordinates":[[[-0.2094,39.87323],[-0.21522,39.86452],[-0.21292,39.86225],[-0.20885,39.86169],[-0.20421,39.86251],[-0.199,39.86051],[-0.19606,39.85727],[-0.19666,39.85201],[-0.18887,39.85047],[-0.18364,39.85281],[-0.17984,39.85277],[-0.17512,39.85092],[-0.17304,39.8521],[-0.17649,39.85573],[-0.17177,39.86047],[-0.17441,39.86467],[-0.18227,39.86867],[-0.18753,39.87043],[-0.19036,39.87328],[-0.19634,39.87725],[-0.20101,39.87757],[-0.2094,39.87323]]]},"properties":{"NMUN":"Vilavella, la","CMUN":"136"}},
{"type":"Feature","geometry":{"type":"Polygon","coordinates":[[[-0.19048,40.67502],[-0.18711,40.68014],[-0.19009,40.68349],[-0.19877,40.68584],[-0.20253,40.68836],[-0.20843,40.68923],[-0.20882,40.68697],[-0.21511,40.68614],[-0.22412,40.68372],[-0.23288,40.6858],[-0.23503,40.68133],[-0.23103,40.67776],[-0.22322,40.67384],[-0.22165,40.67476],[-0.21649,40.67251],[-0.211,40.67245],[-0.20563,40.67111],[-0.20126,40.67191],[-0.1926,40.67027],[-0.19048,40.67502]]]},"properties":{"NMUN":"Villores","CMUN":"137"}},
{"type":"Feature","geometry":{"type":"Polygon","coordinates":[[[0.47756,40.46831],[0.47936,40.4712],[0.48055,40.47265],[0.48352,40.4751],[0.48561,40.47664],[0.48858,40.48479],[0.4914,40.48867],[0.49383,40.48928],[0.49956,40.4986],[0.50559,40.50455],[0.50532,40.50679],[0.50941,40.51308],[0.5117,40.5138],[0.5155,40.52292],[0.50916,40.5244],[0.50594,40.52609],[0.50195,40.52613],[0.49879,40.52784],[0.48703,40.52919],[0.48102,40.5322],[0.47723,40.53203],[0.47412,40.53408],[0.46071,40.53754],[0.45575,40.5406],[0.44737,40.5423],[0.44624,40.54494],[0.43831,40.54706],[0.43583,40.54983],[0.43657,40.55373],[0.43612,40.55881],[0.43341,40.56538],[0.43752,40.56929],[0.43649,40.57189],[0.43976,40.57611],[0.43797,40.57921],[0.43068,40.57967],[0.42422,40.58384],[0.42155,40.58002],[0.41409,40.57152],[0.41003,40.56407],[0.40625,40.56011],[0.39995,40.55167],[0.39979,40.54994],[0.38716,40.54029],[0.3831,40.53663],[0.37673,40.53185],[0.3667,40.52318],[0.36082,40.51925],[0.35454,40.51661],[0.35192,40.51435],[0.3537,40.51184],[0.36073,40.50612],[0.3696,40.49693],[0.37029,40.49323],[0.37481,40.49514],[0.3765,40.49255],[0.37416,40.48984],[0.37897,40.49018],[0.38286,40.49195],[0.39081,40.49052],[0.39426,40.48767],[0.39802,40.48737],[0.40024,40.48313],[0.40455,40.48116],[0.41078,40.48131],[0.41787,40.47824],[0.42281,40.47445],[0.42228,40.47192],[0.42623,40.47069],[0.42847,40.46568],[0.43287,40.46239],[0.43226,40.45959],[0.43712,40.45188],[0.44072,40.44812],[0.44447,40.44882],[0.4478,40.44755],[0.4536,40.44277],[0.45715,40.44782],[0.45968,40.44927],[0.46134,40.45421],[0.46662,40.46027],[0.46918,40.46177],[0.47466,40.46619],[0.47661,40.46626],[0.47756,40.46831]]]},"properties":{"NMUN":"Vinaròs","CMUN":"138"}},
{"type":"Feature","geometry":{"type":"Polygon","coordinates":[[[-0.2385,40.27587],[-0.23863,40.28459],[-0.23765,40.29156],[-0.23141,40.29978],[-0.22469,40.30546],[-0.21634,40.31374],[-0.21584,40.3157],[-0.20941,40.32071],[-0.20934,40.32245],[-0.20403,40.33012],[-0.20494,40.33283],[-0.20216,40.33405],[-0.2031,40.33778],[-0.20594,40.33944],[-0.2025,40.3441],[-0.20924,40.34503],[-0.20591,40.34743],[-0.2032,40.35105],[-0.20445,40.35335],[-0.20949,40.35215],[-0.21318,40.35244],[-0.21649,40.36014],[-0.21271,40.36443],[-0.21805,40.36874],[-0.2233,40.36905],[-0.22241,40.37147],[-0.2272,40.37184],[-0.23404,40.37071],[-0.23604,40.37426],[-0.24087,40.37352],[-0.24412,40.37508],[-0.25239,40.37548],[-0.25854,40.37129],[-0.25918,40.36859],[-0.26463,40.36787],[-0.26911,40.36963],[-0.27146,40.37208],[-0.27603,40.36964],[-0.28005,40.36949],[-0.28339,40.36685],[-0.28925,40.3656],[-0.28974,40.36797],[-0.29903,40.36145],[-0.30411,40.36268],[-0.30692,40.36085],[-0.3087,40.35763],[-0.31444,40.35834],[-0.31888,40.355],[-0.32049,40.35102],[-0.32398,40.34792],[-0.32767,40.3473],[-0.33161,40.34482],[-0.33222,40.34176],[-0.34062,40.33999],[-0.34308,40.3343],[-0.34135,40.32813],[-0.34677,40.32539],[-0.34865,40.32039],[-0.35487,40.31473],[-0.35825,40.31295],[-0.3613,40.3144],[-0.36466,40.31371],[-0.36993,40.31017],[-0.36755,40.307],[-0.37205,40.30416],[-0.37257,40.30859],[-0.37646,40.305],[-0.37899,40.31],[-0.38574,40.30547],[-0.39011,40.30564],[-0.39142,40.3022],[-0.38997,40.29988],[-0.39392,40.29762],[-0.39963,40.29619],[-0.4003,40.29437],[-0.39626,40.29253],[-0.38816,40.28549],[-0.38505,40.28007],[-0.38291,40.27852],[-0.38423,40.27541],[-0.38475,40.26894],[-0.38397,40.26446],[-0.38855,40.26161],[-0.3812,40.25701],[-0.37568,40.24659],[-0.37197,40.24437],[-0.37188,40.23832],[-0.35679,40.23022],[-0.34974,40.22271],[-0.3486,40.23101],[-0.34473,40.23478],[-0.3374,40.23609],[-0.33298,40.23436],[-0.32971,40.23736],[-0.32923,40.24017],[-0.32453,40.2482],[-0.31878,40.24867],[-0.31744,40.25497],[-0.31297,40.25776],[-0.31181,40.26552],[-0.3063,40.26603],[-0.3031,40.26736],[-0.29646,40.26821],[-0.29065,40.26616],[-0.28293,40.26472],[-0.27775,40.25998],[-0.25362,40.26357],[-0.24535,40.27181],[-0.2385,40.27587]]]},"properties":{"NMUN":"Vistabella del Maestrat","CMUN":"139"}},
{"type":"Feature","geometry":{"type":"Polygon","coordinates":[[[-0.68999,39.95191],[-0.68473,39.94982],[-0.6769,39.94446],[-0.6738,39.94061],[-0.66462,39.93381],[-0.65452,39.92065],[-0.64922,39.91411],[-0.64693,39.91241],[-0.64449,39.90763],[-0.64008,39.90269],[-0.63251,39.89389],[-0.63022,39.88686],[-0.62703,39.88263],[-0.62044,39.87852],[-0.61538,39.87926],[-0.61412,39.88141],[-0.60832,39.88516],[-0.6027,39.88992],[-0.60199,39.89194],[-0.59818,39.89474],[-0.5981,39.90031],[-0.59645,39.90323],[-0.59759,39.90614],[-0.59589,39.91192],[-0.59051,39.91221],[-0.58769,39.91345],[-0.58511,39.92134],[-0.58412,39.92566],[-0.58464,39.92974],[-0.5896,39.93047],[-0.59609,39.9445],[-0.59551,39.94918],[-0.59859,39.95321],[-0.60429,39.95659],[-0.61179,39.95847],[-0.62336,39.96501],[-0.62635,39.96786],[-0.63115,39.96788],[-0.63787,39.9717],[-0.6414,39.97711],[-0.64718,39.98169],[-0.64995,39.97998],[-0.65448,39.97995],[-0.65586,39.96388],[-0.66133,39.96188],[-0.66741,39.9607],[-0.6742,39.9624],[-0.67746,39.95913],[-0.68324,39.95877],[-0.68647,39.95716],[-0.6918,39.95664],[-0.68999,39.95191]]]},"properties":{"NMUN":"Viver","CMUN":"140"}},
{"type":"Feature","geometry":{"type":"Polygon","coordinates":[[[-0.10204,40.74271],[-0.11034,40.74483],[-0.1129,40.74831],[-0.11581,40.74893],[-0.12684,40.75332],[-0.13314,40.75796],[-0.13563,40.76352],[-0.13852,40.76626],[-0.14224,40.76711],[-0.14718,40.77512],[-0.14574,40.77728],[-0.14453,40.78544],[-0.14531,40.78593],[-0.16496,40.78863],[-0.16679,40.78575],[-0.1705,40.78627],[-0.18264,40.78485],[-0.19718,40.78446],[-0.19447,40.78182],[-0.20132,40.77982],[-0.20079,40.77718],[-0.20557,40.77336],[-0.20576,40.77117],[-0.21045,40.76738],[-0.21088,40.76199],[-0.21283,40.75827],[-0.21699,40.75573],[-0.22403,40.75416],[-0.22704,40.748],[-0.22672,40.74406],[-0.23051,40.73854],[-0.22923,40.73568],[-0.23167,40.73281],[-0.23206,40.7273],[-0.23742,40.72344],[-0.23926,40.71804],[-0.23555,40.709],[-0.23356,40.70855],[-0.22999,40.70944],[-0.22521,40.71618],[-0.21806,40.72181],[-0.21166,40.72117],[-0.20947,40.72261],[-0.2033,40.72384],[-0.19948,40.72364],[-0.19261,40.7275],[-0.18881,40.72822],[-0.18171,40.72669],[-0.18015,40.72441],[-0.17865,40.71824],[-0.17631,40.71577],[-0.16929,40.71404],[-0.16318,40.71489],[-0.1493,40.70857],[-0.13998,40.70675],[-0.13626,40.70297],[-0.13171,40.6999],[-0.11553,40.6938],[-0.11073,40.6929],[-0.10551,40.70438],[-0.10247,40.70956],[-0.10406,40.71295],[-0.1049,40.71847],[-0.10255,40.72448],[-0.10363,40.73116],[-0.10172,40.73552],[-0.10204,40.74271]]]},"properties":{"NMUN":"Zorita del Maestrazgo","CMUN":"141"}},
{"type":"Feature","geometry":{"type":"Polygon","coordinates":[[[-0.45654,40.08798],[-0.4409,40.0988],[-0.40564,40.10129],[-0.40898,40.10433],[-0.41481,40.10745],[-0.4227,40.10932],[-0.42387,40.11108],[-0.42018,40.1144],[-0.41624,40.11621],[-0.41576,40.11963],[-0.41193,40.12221],[-0.40705,40.12116],[-0.4039,40.12304],[-0.40357,40.1294],[-0.40531,40.13402],[-0.40511,40.13761],[-0.40086,40.14192],[-0.39447,40.14189],[-0.3938,40.14427],[-0.39741,40.14864],[-0.39855,40.15648],[-0.40153,40.15782],[-0.41531,40.16416],[-0.4299,40.16474],[-0.43197,40.16636],[-0.43889,40.16784],[-0.44499,40.16679],[-0.4483,40.16809],[-0.45439,40.16331],[-0.4594,40.1621],[-0.46577,40.16224],[-0.47534,40.16055],[-0.48224,40.16156],[-0.49139,40.16079],[-0.48288,40.13249],[-0.48863,40.12329],[-0.50029,40.10766],[-0.48845,40.10521],[-0.47767,40.09993],[-0.47276,40.10014],[-0.46175,40.09351],[-0.45654,40.08798]]]},"properties":{"NMUN":"Zucaina","CMUN":"142"}},
{"type":"Feature","geometry":{"type":"Polygon","coordinates":[[[-0.09628,39.90403],[-0.0991,39.90286],[-0.10936,39.90427],[-0.11596,39.90689],[-0.12364,39.90688],[-0.13041,39.90611],[-0.13424,39.90065],[-0.14413,39.89517],[-0.14775,39.8918],[-0.15257,39.89436],[-0.16837,39.89302],[-0.16658,39.89028],[-0.15885,39.88509],[-0.15069,39.88252],[-0.14437,39.87691],[-0.14238,39.87187],[-0.13735,39.86674],[-0.12996,39.87128],[-0.12761,39.87438],[-0.1195,39.87679],[-0.10919,39.88337],[-0.10809,39.88913],[-0.10454,39.89216],[-0.10209,39.89566],[-0.10337,39.89811],[-0.0955,39.90221],[-0.09628,39.90403]]]},"properties":{"NMUN":"Alqueries, les/Alquerías del Niño Perdido","CMUN":"901"}},
{"type":"Feature","geometry":{"type":"Polygon","coordinates":[[[-0.15465,40.04949],[-0.15759,40.04596],[-0.16061,40.03711],[-0.15796,40.03302],[-0.15791,40.03302],[-0.1536,40.03285],[-0.14842,40.03521],[-0.14495,40.0353],[-0.13787,40.03803],[-0.13056,40.0469],[-0.12625,40.051],[-0.1183,40.05355],[-0.10814,40.05388],[-0.10016,40.05905],[-0.09831,40.05876],[-0.09219,40.06157],[-0.07588,40.07371],[-0.06637,40.07977],[-0.07006,40.08049],[-0.07278,40.08349],[-0.07953,40.08018],[-0.08481,40.08466],[-0.08881,40.083],[-0.09405,40.08381],[-0.09688,40.07944],[-0.09765,40.07607],[-0.10539,40.07728],[-0.10659,40.0839],[-0.11071,40.08481],[-0.11403,40.08725],[-0.1173,40.0936],[-0.11666,40.09531],[-0.11971,40.09984],[-0.12318,40.09763],[-0.13087,40.09669],[-0.13473,40.09737],[-0.14309,40.09391],[-0.14573,40.09589],[-0.14325,40.09022],[-0.14881,40.08802],[-0.15366,40.08601],[-0.15554,40.0807],[-0.1629,40.07556],[-0.16562,40.07157],[-0.16464,40.06634],[-0.15461,40.0619],[-0.15158,40.05659],[-0.15649,40.05352],[-0.15465,40.04949]]]},"properties":{"NMUN":"Sant Joan de Moró","CMUN":"902"}}
]}