{"type":"FeatureCollection", "features": [
{"type":"Feature","geometry":{"type":"Polygon","coordinates":[[[-0.11033,40.2341],[-0.11051,40.23576],[-0.11301,40.23862],[-0.1199,40.24069],[-0.12207,40.24228],[-0.1219,40.24381],[-0.11935,40.24653],[-0.11885,40.248],[-0.1188,40.25164],[-0.11562,40.25483],[-0.11201,40.26088],[-0.11239,40.26705],[-0.11337,40.26988],[-0.11074,40.2742],[-0.13888,40.28508],[-0.14184,40.28086],[-0.1432,40.27995],[-0.14717,40.27853],[-0.15091,40.27647],[-0.15443,40.27498],[-0.15629,40.27363],[-0.1565,40.27139],[-0.15915,40.2693],[-0.15918,40.26806],[-0.16078,40.2662],[-0.15964,40.25702],[-0.1578,40.25769],[-0.1569,40.25923],[-0.15369,40.2595],[-0.15393,40.25749],[-0.15327,40.25618],[-0.15072,40.25471],[-0.15111,40.25209],[-0.14935,40.24985],[-0.1446,40.24798],[-0.14046,40.24568],[-0.13811,40.24502],[-0.13925,40.24161],[-0.13832,40.23979],[-0.136,40.23929],[-0.13541,40.23815],[-0.13765,40.23533],[-0.14218,40.23564],[-0.14764,40.23719],[-0.14987,40.23992],[-0.15346,40.23973],[-0.15748,40.24074],[-0.15993,40.23997],[-0.16158,40.23877],[-0.16646,40.23719],[-0.17017,40.23538],[-0.172,40.23519],[-0.17407,40.23605],[-0.1779,40.23659],[-0.17917,40.23776],[-0.18243,40.23901],[-0.18415,40.24122],[-0.19266,40.2469],[-0.20979,40.25619],[-0.22774,40.2691],[-0.2385,40.27587],[-0.24535,40.27181],[-0.25362,40.26357],[-0.27775,40.25998],[-0.26337,40.24859],[-0.23964,40.23361],[-0.23393,40.22322],[-0.23113,40.22029],[-0.2272,40.21363],[-0.2249,40.21114],[-0.21892,40.20133],[-0.21264,40.19549],[-0.20653,40.18857],[-0.19683,40.17653],[-0.19113,40.18071],[-0.18997,40.18255],[-0.18722,40.18458],[-0.18326,40.18575],[-0.18109,40.1879],[-0.17554,40.19153],[-0.17483,40.19258],[-0.17133,40.1929],[-0.16866,40.19403],[-0.1676,40.19567],[-0.16584,40.19671],[-0.16246,40.19961],[-0.15748,40.20237],[-0.15811,40.20415],[-0.15695,40.20535],[-0.15485,40.20978],[-0.15176,40.2108],[-0.14801,40.21083],[-0.1451,40.21157],[-0.14267,40.2103],[-0.1406,40.21044],[-0.13898,40.21564],[-0.14115,40.21905],[-0.13599,40.22201],[-0.1349,40.2252],[-0.13537,40.22792],[-0.13451,40.22927],[-0.13151,40.22956],[-0.13049,40.22875],[-0.1276,40.22896],[-0.12429,40.22695],[-0.11627,40.22855],[-0.11459,40.22983],[-0.1127,40.23005],[-0.11026,40.23202],[-0.11033,40.2341]]]},"properties":{"CUSEC":"1200101001","CMUN":"001","CDIS":"01","CSEC":"001","NMUN":"Atzeneta del Maestrat"}},
{"type":"Feature","geometry":{"type":"Polygon","coordinates":[[[-0.31983,39.90218],[-0.32436,39.90733],[-0.32215,39.9092],[-0.33226,39.91157],[-0.34216,39.90987],[-0.34871,39.90847],[-0.35347,39.90823],[-0.35541,39.90718],[-0.35919,39.90111],[-0.36108,39.89752],[-0.37053,39.89964],[-0.37658,39.90142],[-0.38284,39.89473],[-0.37989,39.89419],[-0.37446,39.88981],[-0.3717,39.88726],[-0.3677,39.87993],[-0.36253,39.88048],[-0.35867,39.87779],[-0.35713,39.87858],[-0.35187,39.87722],[-0.34821,39.87703],[-0.34397,39.87431],[-0.34224,39.87479],[-0.33591,39.87435],[-0.3379,39.8779],[-0.33638,39.87944],[-0.33799,39.88088],[-0.33696,39.88613],[-0.33086,39.88611],[-0.32965,39.88784],[-0.32857,39.89217],[-0.32762,39.89343],[-0.32731,39.89723],[-0.32381,39.89937],[-0.32155,39.90178],[-0.31983,39.90218]]]},"properties":{"CUSEC":"1200201001","CMUN":"002","CDIS":"01","CSEC":"001","NMUN":"Aín"}},
{"type":"Feature","geometry":{"type":"Polygon","coordinates":[[[0.08398,40.38915],[0.08215,40.38926],[0.07706,40.38738],[0.07618,40.38836],[0.07623,40.39234],[0.07342,40.39276],[0.06984,40.39456],[0.06849,40.39231],[0.06611,40.39178],[0.06515,40.39299],[0.06605,40.39552],[0.06576,40.39771],[0.06445,40.39769],[0.05958,40.39398],[0.05547,40.39456],[0.05657,40.39645],[0.05404,40.39671],[0.05303,40.3997],[0.05043,40.39932],[0.04799,40.40088],[0.04634,40.40321],[0.04939,40.40347],[0.04706,40.40586],[0.05046,40.40707],[0.04601,40.40864],[0.04511,40.41035],[0.04224,40.40955],[0.04199,40.41107],[0.0396,40.41234],[0.03512,40.41301],[0.03284,40.41705],[0.02977,40.41828],[0.02933,40.4216],[0.03215,40.42256],[0.0313,40.42597],[0.0314,40.42819],[0.0329,40.43027],[0.02949,40.43247],[0.03176,40.43346],[0.03259,40.43648],[0.0308,40.43695],[0.03215,40.44067],[0.03132,40.44171],[0.03216,40.44571],[0.03161,40.44693],[0.02077,40.4444],[0.01412,40.44102],[0.00488,40.42757],[0.0029,40.42418],[-0.00734,40.40801],[-0.01852,40.39549],[-0.02086,40.39406],[-0.03756,40.38499],[-0.04522,40.36689],[-0.0418,40.36529],[-0.0375,40.36537],[-0.03398,40.36505],[-0.02859,40.3625],[-0.02626,40.36159],[-0.01857,40.35541],[-0.01618,40.353],[-0.01619,40.35065],[-0.01779,40.34772],[-0.01721,40.34571],[-0.01812,40.34368],[-0.02029,40.34135],[-0.02284,40.3396],[-0.02759,40.33449],[-0.02892,40.33182],[-0.03166,40.32944],[-0.03238,40.32697],[-0.03231,40.32503],[-0.03356,40.32193],[-0.0313,40.31778],[-0.02084,40.31817],[-0.00746,40.31837],[0.00658,40.31795],[0.02299,40.32139],[0.0365,40.33343],[0.03938,40.33574],[0.04938,40.34078],[0.05776,40.34996],[0.07167,40.36385],[0.08154,40.37523],[0.08398,40.38915]]]},"properties":{"CUSEC":"1200301001","CMUN":"003","CDIS":"01","CSEC":"001","NMUN":"Albocàsser"}},
{"type":"Feature","geometry":{"type":"Polygon","coordinates":[[[0.26911,40.34482],[0.25301,40.35559],[0.2421,40.36258],[0.23779,40.36499],[0.21534,40.37802],[0.18953,40.39342],[0.18701,40.39136],[0.18458,40.3857],[0.17741,40.38084],[0.17253,40.37567],[0.17167,40.3736],[0.16921,40.37309],[0.16789,40.37058],[0.16973,40.36777],[0.16491,40.35977],[0.18084,40.34333],[0.18073,40.34321],[0.19445,40.33568],[0.20559,40.32516],[0.21309,40.31697],[0.21653,40.31402],[0.21795,40.31136],[0.2205,40.30896],[0.2242,40.30357],[0.22557,40.3041],[0.22671,40.30635],[0.23826,40.32079],[0.25585,40.33343],[0.25723,40.33782],[0.25902,40.33906],[0.26911,40.34482]]]},"properties":{"CUSEC":"1200401001","CMUN":"004","CDIS":"01","CSEC":"001","NMUN":"Alcalà de Xivert"}},
{"type":"Feature","geometry":{"type":"Polygon","coordinates":[[[0.30276,40.32346],[0.30131,40.3233],[0.29154,40.3296],[0.28616,40.33342],[0.26911,40.34482],[0.25902,40.33906],[0.25723,40.33782],[0.25585,40.33343],[0.23826,40.32079],[0.22671,40.30635],[0.22557,40.3041],[0.2242,40.30357],[0.2256,40.30056],[0.22778,40.29906],[0.22679,40.29731],[0.22459,40.28457],[0.22527,40.28153],[0.22717,40.27926],[0.23208,40.27547],[0.23848,40.27314],[0.24016,40.27159],[0.24075,40.2683],[0.23936,40.26256],[0.2372,40.25799],[0.23371,40.24962],[0.23222,40.24528],[0.23114,40.2439],[0.22492,40.23862],[0.2221,40.23475],[0.21692,40.22987],[0.2305,40.22343],[0.23623,40.21889],[0.24625,40.21414],[0.24976,40.21186],[0.25407,40.2146],[0.25246,40.21565],[0.25627,40.22014],[0.25643,40.22188],[0.26031,40.22666],[0.25931,40.2276],[0.26116,40.23239],[0.26169,40.23805],[0.26325,40.23976],[0.26281,40.24263],[0.26643,40.24749],[0.25561,40.24727],[0.25664,40.24982],[0.2595,40.25033],[0.25857,40.2517],[0.26087,40.25327],[0.26164,40.25498],[0.26343,40.25471],[0.26264,40.25117],[0.26686,40.25127],[0.26749,40.25307],[0.27178,40.25263],[0.27446,40.25343],[0.27478,40.25563],[0.27601,40.25771],[0.27807,40.25985],[0.27549,40.26173],[0.2735,40.2643],[0.27132,40.26565],[0.27115,40.26696],[0.27311,40.26817],[0.2748,40.26669],[0.27646,40.26749],[0.27965,40.26765],[0.285,40.26878],[0.28801,40.26707],[0.29024,40.2667],[0.29621,40.26797],[0.30024,40.27349],[0.30426,40.27651],[0.32124,40.27698],[0.32105,40.27733],[0.30959,40.29073],[0.30243,40.30028],[0.29818,40.30429],[0.2962,40.30718],[0.29846,40.30969],[0.30064,40.31525],[0.30276,40.32346]]]},"properties":{"CUSEC":"1200401002","CMUN":"004","CDIS":"01","CSEC":"002","NMUN":"Alcalà de Xivert"}},
{"type":"Feature","geometry":{"type":"Polygon","coordinates":[[[0.2242,40.30357],[0.2205,40.30896],[0.21795,40.31136],[0.21653,40.31402],[0.21309,40.31697],[0.20559,40.32516],[0.19445,40.33568],[0.18073,40.34321],[0.17145,40.33342],[0.16588,40.32783],[0.17391,40.3108],[0.18021,40.30338],[0.1808,40.2992],[0.18004,40.29419],[0.17405,40.29042],[0.17217,40.28691],[0.17393,40.27883],[0.17566,40.27736],[0.17681,40.26531],[0.17447,40.25688],[0.16041,40.23147],[0.16007,40.23147],[0.15973,40.23056],[0.15549,40.22591],[0.15502,40.22392],[0.15381,40.22343],[0.15797,40.22114],[0.16605,40.21969],[0.17093,40.22164],[0.17928,40.2315],[0.18802,40.23368],[0.19528,40.23582],[0.20665,40.23417],[0.21692,40.22987],[0.2221,40.23475],[0.22492,40.23862],[0.23114,40.2439],[0.23222,40.24528],[0.23371,40.24962],[0.2372,40.25799],[0.23936,40.26256],[0.24075,40.2683],[0.24016,40.27159],[0.23848,40.27314],[0.23208,40.27547],[0.22717,40.27926],[0.22527,40.28153],[0.22459,40.28457],[0.22679,40.29731],[0.22778,40.29906],[0.2256,40.30056],[0.2242,40.30357]]]},"properties":{"CUSEC":"1200402001","CMUN":"004","CDIS":"02","CSEC":"001","NMUN":"Alcalà de Xivert"}},
{"type":"Feature","geometry":{"type":"Polygon","coordinates":[[[0.32261,40.27435],[0.32124,40.27698],[0.30426,40.27651],[0.30024,40.27349],[0.29621,40.26797],[0.29024,40.2667],[0.28801,40.26707],[0.285,40.26878],[0.27965,40.26765],[0.27646,40.26749],[0.2748,40.26669],[0.27311,40.26817],[0.27115,40.26696],[0.27132,40.26565],[0.2735,40.2643],[0.27549,40.26173],[0.27807,40.25985],[0.27601,40.25771],[0.27478,40.25563],[0.27446,40.25343],[0.27178,40.25263],[0.26749,40.25307],[0.26686,40.25127],[0.26264,40.25117],[0.26343,40.25471],[0.26164,40.25498],[0.26087,40.25327],[0.25857,40.2517],[0.2595,40.25033],[0.25664,40.24982],[0.25561,40.24727],[0.26643,40.24749],[0.26281,40.24263],[0.26325,40.23976],[0.26169,40.23805],[0.26116,40.23239],[0.25931,40.2276],[0.26031,40.22666],[0.25643,40.22188],[0.25627,40.22014],[0.25246,40.21565],[0.25407,40.2146],[0.24976,40.21186],[0.25375,40.20886],[0.25505,40.2044],[0.25584,40.20346],[0.26028,40.20716],[0.26388,40.20829],[0.26501,40.2095],[0.26631,40.21423],[0.26817,40.21933],[0.26954,40.2208],[0.2718,40.22473],[0.27168,40.22755],[0.27302,40.22825],[0.27327,40.2306],[0.27254,40.23414],[0.27371,40.23611],[0.2765,40.23719],[0.27607,40.23926],[0.27859,40.2442],[0.28304,40.24577],[0.2863,40.24841],[0.2873,40.2514],[0.28988,40.25416],[0.29309,40.25561],[0.29614,40.25837],[0.29955,40.25862],[0.30357,40.25938],[0.30449,40.26006],[0.30618,40.26311],[0.30735,40.26371],[0.30899,40.26672],[0.31141,40.26909],[0.31458,40.26956],[0.31784,40.27074],[0.31986,40.27274],[0.32261,40.27435]]]},"properties":{"CUSEC":"1200402002","CMUN":"004","CDIS":"02","CSEC":"002","NMUN":"Alcalà de Xivert"}},
{"type":"Feature","geometry":{"type":"Polygon","coordinates":[[[-0.21034,40.07702],[-0.21158,40.0764],[-0.21378,40.07673],[-0.2145,40.07495],[-0.21193,40.07474],[-0.21034,40.07702]]]},"properties":{"CUSEC":"1200501001","CMUN":"005","CDIS":"01","CSEC":"001","NMUN":"Alcora, l'"}},
{"type":"Feature","geometry":{"type":"Polygon","coordinates":[[[-0.20929,40.07727],[-0.21214,40.07788],[-0.21295,40.07983],[-0.21471,40.0779],[-0.21378,40.07673],[-0.21158,40.0764],[-0.21034,40.07702],[-0.20929,40.07727]]]},"properties":{"CUSEC":"1200501002","CMUN":"005","CDIS":"01","CSEC":"002","NMUN":"Alcora, l'"}},
{"type":"Feature","geometry":{"type":"Polygon","coordinates":[[[-0.21378,40.07673],[-0.21471,40.0779],[-0.21569,40.07773],[-0.21837,40.0765],[-0.21458,40.07492],[-0.2145,40.07495],[-0.21378,40.07673]]]},"properties":{"CUSEC":"1200501003","CMUN":"005","CDIS":"01","CSEC":"003","NMUN":"Alcora, l'"}},
{"type":"Feature","geometry":{"type":"Polygon","coordinates":[[[-0.21471,40.0779],[-0.21295,40.07983],[-0.21214,40.07788],[-0.20929,40.07727],[-0.20596,40.0797],[-0.20688,40.08091],[-0.20881,40.08007],[-0.21163,40.0814],[-0.21409,40.08022],[-0.21569,40.07773],[-0.21471,40.0779]]]},"properties":{"CUSEC":"1200501004","CMUN":"005","CDIS":"01","CSEC":"004","NMUN":"Alcora, l'"}},
{"type":"Feature","geometry":{"type":"Polygon","coordinates":[[[-0.21458,40.07492],[-0.21837,40.0765],[-0.21964,40.07395],[-0.22149,40.07404],[-0.22377,40.07305],[-0.22712,40.07451],[-0.22769,40.07234],[-0.22516,40.07139],[-0.22513,40.07003],[-0.22185,40.06941],[-0.21892,40.07159],[-0.21375,40.07229],[-0.21458,40.07492]]]},"properties":{"CUSEC":"1200502001","CMUN":"005","CDIS":"02","CSEC":"001","NMUN":"Alcora, l'"}},
{"type":"Feature","geometry":{"type":"Polygon","coordinates":[[[-0.14881,40.08802],[-0.15057,40.08982],[-0.15716,40.09368],[-0.15875,40.09428],[-0.16046,40.0973],[-0.1734,40.09894],[-0.176,40.10512],[-0.1859,40.11036],[-0.18934,40.11083],[-0.19146,40.11623],[-0.19256,40.122],[-0.1903,40.12507],[-0.19454,40.12761],[-0.20118,40.12598],[-0.20796,40.12316],[-0.22134,40.1178],[-0.22632,40.10855],[-0.22917,40.10615],[-0.23137,40.10308],[-0.23497,40.09683],[-0.24211,40.09969],[-0.24674,40.09921],[-0.24873,40.09851],[-0.25235,40.09854],[-0.25591,40.09635],[-0.25902,40.09555],[-0.25994,40.09236],[-0.2581,40.08959],[-0.25842,40.08807],[-0.26401,40.08507],[-0.26855,40.08354],[-0.27133,40.08295],[-0.27653,40.08058],[-0.2807,40.07915],[-0.28661,40.07537],[-0.29401,40.07141],[-0.29836,40.06835],[-0.30109,40.06544],[-0.30224,40.06222],[-0.30485,40.05863],[-0.30033,40.0584],[-0.29427,40.05542],[-0.29364,40.05333],[-0.29373,40.05055],[-0.29269,40.04731],[-0.28763,40.04793],[-0.28378,40.04856],[-0.28199,40.04757],[-0.27662,40.04352],[-0.27429,40.04287],[-0.27197,40.0411],[-0.26643,40.03937],[-0.2638,40.03896],[-0.26183,40.03747],[-0.25708,40.03512],[-0.25523,40.03368],[-0.24903,40.03285],[-0.24349,40.03125],[-0.23984,40.02916],[-0.23227,40.02603],[-0.22506,40.02585],[-0.2225,40.02394],[-0.21769,40.02252],[-0.21369,40.02267],[-0.21069,40.02083],[-0.20882,40.01225],[-0.20738,40.01145],[-0.19816,40.01426],[-0.19515,40.01592],[-0.19283,40.01634],[-0.18952,40.01801],[-0.18741,40.01798],[-0.18162,40.01914],[-0.17926,40.02039],[-0.17218,40.0227],[-0.16883,40.02084],[-0.16725,40.02115],[-0.16422,40.0202],[-0.1612,40.0198],[-0.16124,40.02537],[-0.16436,40.02865],[-0.16376,40.02972],[-0.15938,40.03147],[-0.15796,40.03302],[-0.1604,40.03523],[-0.16061,40.03711],[-0.15874,40.04103],[-0.15871,40.04318],[-0.15759,40.04596],[-0.15588,40.04735],[-0.15465,40.04949],[-0.15686,40.05225],[-0.15649,40.05352],[-0.15287,40.05487],[-0.15158,40.05659],[-0.15174,40.05865],[-0.15274,40.06043],[-0.15461,40.0619],[-0.16269,40.06503],[-0.16464,40.06634],[-0.16591,40.06947],[-0.16562,40.07157],[-0.1629,40.07556],[-0.16047,40.07759],[-0.15671,40.07962],[-0.15554,40.0807],[-0.15556,40.08344],[-0.15366,40.08601],[-0.15173,40.08713],[-0.14881,40.08802]],[[-0.21569,40.07773],[-0.21409,40.08022],[-0.21163,40.0814],[-0.20881,40.08007],[-0.20688,40.08091],[-0.20596,40.0797],[-0.20929,40.07727],[-0.21034,40.07702],[-0.21193,40.07474],[-0.2145,40.07495],[-0.21458,40.07492],[-0.21375,40.07229],[-0.21129,40.07228],[-0.21008,40.07355],[-0.20848,40.07162],[-0.2073,40.07331],[-0.20385,40.07363],[-0.202,40.07282],[-0.20383,40.07048],[-0.20302,40.06844],[-0.20421,40.06816],[-0.20761,40.06938],[-0.20688,40.06745],[-0.20818,40.06685],[-0.20979,40.06784],[-0.21391,40.06856],[-0.21464,40.06707],[-0.22083,40.06722],[-0.22151,40.06457],[-0.22307,40.06485],[-0.2222,40.06867],[-0.22377,40.06834],[-0.22513,40.07003],[-0.22516,40.07139],[-0.22769,40.07234],[-0.22712,40.07451],[-0.22377,40.07305],[-0.22149,40.07404],[-0.21964,40.07395],[-0.21837,40.0765],[-0.21569,40.07773]]]},"properties":{"CUSEC":"1200502002","CMUN":"005","CDIS":"02","CSEC":"002","NMUN":"Alcora, l'"}},
{"type":"Feature","geometry":{"type":"Polygon","coordinates":[[[-0.21129,40.07228],[-0.21375,40.07229],[-0.21892,40.07159],[-0.22185,40.06941],[-0.22513,40.07003],[-0.22377,40.06834],[-0.2222,40.06867],[-0.22307,40.06485],[-0.22151,40.06457],[-0.22083,40.06722],[-0.21464,40.06707],[-0.21391,40.06856],[-0.20979,40.06784],[-0.20818,40.06685],[-0.20688,40.06745],[-0.20761,40.06938],[-0.2099,40.0702],[-0.21129,40.07228]]]},"properties":{"CUSEC":"1200502003","CMUN":"005","CDIS":"02","CSEC":"003","NMUN":"Alcora, l'"}},
{"type":"Feature","geometry":{"type":"Polygon","coordinates":[[[-0.20761,40.06938],[-0.20421,40.06816],[-0.20302,40.06844],[-0.20383,40.07048],[-0.202,40.07282],[-0.20385,40.07363],[-0.2073,40.07331],[-0.20848,40.07162],[-0.21008,40.07355],[-0.21129,40.07228],[-0.2099,40.0702],[-0.20761,40.06938]]]},"properties":{"CUSEC":"1200502004","CMUN":"005","CDIS":"02","CSEC":"004","NMUN":"Alcora, l'"}},
{"type":"Feature","geometry":{"type":"Polygon","coordinates":[[[-0.28046,39.92136],[-0.29015,39.92238],[-0.29529,39.92989],[-0.30104,39.9306],[-0.3056,39.93148],[-0.31,39.93276],[-0.31748,39.93413],[-0.32035,39.93704],[-0.32459,39.93765],[-0.32819,39.94021],[-0.32997,39.94491],[-0.33301,39.94492],[-0.33715,39.94438],[-0.33883,39.94223],[-0.34099,39.941],[-0.34304,39.93898],[-0.34376,39.93646],[-0.34539,39.93543],[-0.34756,39.93513],[-0.35326,39.93227],[-0.35836,39.93292],[-0.36048,39.93207],[-0.36456,39.93319],[-0.36611,39.9322],[-0.36917,39.93195],[-0.37217,39.92938],[-0.38011,39.92838],[-0.38174,39.92773],[-0.38553,39.93069],[-0.38968,39.93124],[-0.39154,39.9336],[-0.39557,39.93575],[-0.40083,39.9343],[-0.40601,39.9378],[-0.41137,39.93864],[-0.41679,39.93588],[-0.41337,39.92811],[-0.40933,39.92516],[-0.40406,39.92245],[-0.39537,39.92003],[-0.39005,39.9183],[-0.38918,39.91153],[-0.38561,39.90774],[-0.38094,39.90575],[-0.37658,39.90142],[-0.37053,39.89964],[-0.36108,39.89752],[-0.35919,39.90111],[-0.35541,39.90718],[-0.35347,39.90823],[-0.34871,39.90847],[-0.34216,39.90987],[-0.33226,39.91157],[-0.32215,39.9092],[-0.32436,39.90733],[-0.31983,39.90218],[-0.3171,39.90145],[-0.31338,39.90176],[-0.31076,39.90319],[-0.31011,39.90461],[-0.3072,39.90819],[-0.30563,39.90794],[-0.30373,39.90878],[-0.30075,39.90863],[-0.29732,39.90692],[-0.29209,39.90756],[-0.291,39.9102],[-0.28181,39.90865],[-0.27955,39.91559],[-0.27903,39.91805],[-0.27992,39.91925],[-0.27867,39.92046],[-0.28046,39.92136]]]},"properties":{"CUSEC":"1200601001","CMUN":"006","CDIS":"01","CSEC":"001","NMUN":"Alcudia de Veo"}},
{"type":"Feature","geometry":{"type":"Polygon","coordinates":[[[-0.23921,39.86354],[-0.23902,39.86482],[-0.24218,39.86641],[-0.24476,39.86505],[-0.24821,39.86501],[-0.25348,39.86653],[-0.2561,39.86683],[-0.26218,39.86824],[-0.26312,39.86955],[-0.26651,39.86906],[-0.26804,39.87],[-0.2709,39.8701],[-0.27334,39.87119],[-0.27719,39.8711],[-0.27901,39.87044],[-0.28157,39.87155],[-0.28524,39.8707],[-0.28602,39.86859],[-0.28795,39.86681],[-0.28895,39.86483],[-0.29339,39.86375],[-0.29229,39.8579],[-0.30006,39.85345],[-0.30247,39.84131],[-0.31279,39.8308],[-0.31629,39.82305],[-0.31347,39.82274],[-0.31047,39.81419],[-0.31277,39.80911],[-0.31602,39.79983],[-0.30857,39.79699],[-0.30408,39.8001],[-0.30328,39.80184],[-0.30205,39.80193],[-0.30047,39.80375],[-0.29831,39.80477],[-0.29562,39.80457],[-0.29238,39.80504],[-0.29201,39.80626],[-0.28742,39.80719],[-0.28619,39.80973],[-0.28368,39.8104],[-0.28386,39.81208],[-0.28157,39.81351],[-0.28035,39.81543],[-0.27703,39.81837],[-0.27473,39.81992],[-0.27263,39.8222],[-0.26976,39.82252],[-0.26618,39.82257],[-0.26282,39.82461],[-0.26011,39.82803],[-0.25789,39.82954],[-0.25761,39.83055],[-0.2532,39.83347],[-0.2558,39.83883],[-0.25635,39.84293],[-0.25415,39.84796],[-0.25211,39.84917],[-0.2455,39.85273],[-0.24284,39.85342],[-0.24098,39.85276],[-0.23997,39.85481],[-0.24275,39.8577],[-0.24285,39.85881],[-0.2412,39.86015],[-0.24123,39.86149],[-0.23921,39.86354]]]},"properties":{"CUSEC":"1200701001","CMUN":"007","CDIS":"01","CSEC":"001","NMUN":"Alfondeguilla"}},
{"type":"Feature","geometry":{"type":"Polygon","coordinates":[[[-0.41679,39.93588],[-0.42533,39.93641],[-0.4282,39.93706],[-0.43424,39.94003],[-0.44202,39.93725],[-0.45639,39.92748],[-0.46377,39.92674],[-0.46941,39.92372],[-0.45697,39.91976],[-0.45377,39.91766],[-0.45281,39.91404],[-0.45034,39.91295],[-0.44902,39.9091],[-0.44655,39.90736],[-0.44515,39.90716],[-0.44102,39.9043],[-0.43398,39.90239],[-0.41925,39.90592],[-0.41833,39.90085],[-0.41479,39.89956],[-0.40953,39.89843],[-0.41111,39.89166],[-0.40166,39.893],[-0.39003,39.89397],[-0.38284,39.89473],[-0.37658,39.90142],[-0.38094,39.90575],[-0.38561,39.90774],[-0.38918,39.91153],[-0.39005,39.9183],[-0.39537,39.92003],[-0.40406,39.92245],[-0.40933,39.92516],[-0.41337,39.92811],[-0.41679,39.93588]]]},"properties":{"CUSEC":"1200801001","CMUN":"008","CDIS":"01","CSEC":"001","NMUN":"Algimia de Almonacid"}},
{"type":"Feature","geometry":{"type":"Polygon","coordinates":[[[-0.05418,39.95488],[-0.05702,39.95553],[-0.05498,39.9534],[-0.05495,39.9473],[-0.0549,39.94449],[-0.05962,39.94252],[-0.06424,39.94277],[-0.06699,39.94364],[-0.06894,39.94144],[-0.06629,39.93926],[-0.06108,39.9329],[-0.05688,39.92973],[-0.05515,39.92897],[-0.04487,39.92625],[-0.04067,39.92412],[-0.03573,39.92288],[-0.03442,39.92633],[-0.03155,39.92961],[-0.02703,39.93575],[-0.02341,39.93802],[-0.02262,39.93922],[-0.01935,39.94036],[-0.01714,39.94327],[-0.01597,39.94389],[-0.01529,39.94483],[-0.01215,39.94795],[-0.01592,39.94905],[-0.01798,39.94752],[-0.0203,39.9468],[-0.02329,39.94743],[-0.02409,39.94629],[-0.02994,39.94779],[-0.03416,39.94962],[-0.03902,39.95068],[-0.04185,39.95148],[-0.04259,39.95038],[-0.04463,39.95066],[-0.05022,39.9529],[-0.05233,39.95315],[-0.05418,39.95488]]]},"properties":{"CUSEC":"1200901001","CMUN":"009","CDIS":"01","CSEC":"001","NMUN":"Almassora"}},
{"type":"Feature","geometry":{"type":"Polygon","coordinates":[[[-0.0549,39.94449],[-0.06053,39.94659],[-0.06184,39.94625],[-0.06424,39.94277],[-0.05962,39.94252],[-0.0549,39.94449]]]},"properties":{"CUSEC":"1200901002","CMUN":"009","CDIS":"01","CSEC":"002","NMUN":"Almassora"}},
{"type":"Feature","geometry":{"type":"Polygon","coordinates":[[[-0.06169,39.94951],[-0.06489,39.94723],[-0.06401,39.94644],[-0.06184,39.94625],[-0.06053,39.94659],[-0.0549,39.94449],[-0.05495,39.9473],[-0.06169,39.94951]]]},"properties":{"CUSEC":"1200901003","CMUN":"009","CDIS":"01","CSEC":"003","NMUN":"Almassora"}},
{"type":"Feature","geometry":{"type":"Polygon","coordinates":[[[-0.06169,39.94951],[-0.06146,39.95173],[-0.06229,39.9533],[-0.06657,39.95131],[-0.06565,39.94908],[-0.06653,39.94838],[-0.06489,39.94723],[-0.06169,39.94951]]]},"properties":{"CUSEC":"1200901004","CMUN":"009","CDIS":"01","CSEC":"004","NMUN":"Almassora"}},
{"type":"Feature","geometry":{"type":"Polygon","coordinates":[[[-0.06184,39.94625],[-0.06401,39.94644],[-0.06699,39.94364],[-0.06424,39.94277],[-0.06184,39.94625]]]},"properties":{"CUSEC":"1200902001","CMUN":"009","CDIS":"02","CSEC":"001","NMUN":"Almassora"}},
{"type":"Feature","geometry":{"type":"Polygon","coordinates":[[[-0.06653,39.94838],[-0.06873,39.94669],[-0.07151,39.94897],[-0.07636,39.94672],[-0.07479,39.94558],[-0.06894,39.94144],[-0.06699,39.94364],[-0.06401,39.94644],[-0.06489,39.94723],[-0.06653,39.94838]]]},"properties":{"CUSEC":"1200902002","CMUN":"009","CDIS":"02","CSEC":"002","NMUN":"Almassora"}},
{"type":"Feature","geometry":{"type":"Polygon","coordinates":[[[-0.06653,39.94838],[-0.06565,39.94908],[-0.06657,39.95131],[-0.07151,39.94897],[-0.06873,39.94669],[-0.06653,39.94838]]]},"properties":{"CUSEC":"1200902003","CMUN":"009","CDIS":"02","CSEC":"003","NMUN":"Almassora"}},
{"type":"Feature","geometry":{"type":"Polygon","coordinates":[[[-0.06657,39.95131],[-0.0674,39.95337],[-0.07038,39.95121],[-0.07212,39.95225],[-0.07775,39.94779],[-0.07636,39.94672],[-0.07151,39.94897],[-0.06657,39.95131]]]},"properties":{"CUSEC":"1200903001","CMUN":"009","CDIS":"03","CSEC":"001","NMUN":"Almassora"}},
{"type":"Feature","geometry":{"type":"Polygon","coordinates":[[[-0.09194,39.97518],[-0.09768,39.97782],[-0.10366,39.98113],[-0.10784,39.98253],[-0.11636,39.98374],[-0.12223,39.98399],[-0.13025,39.98777],[-0.13379,39.98899],[-0.13461,39.98702],[-0.13647,39.98335],[-0.14147,39.98081],[-0.1466,39.97787],[-0.15369,39.97116],[-0.14907,39.9702],[-0.14366,39.96679],[-0.14145,39.96591],[-0.13605,39.96594],[-0.13417,39.96553],[-0.12993,39.96181],[-0.12763,39.96247],[-0.12482,39.96087],[-0.12145,39.95991],[-0.12026,39.96034],[-0.11841,39.96322],[-0.11677,39.96361],[-0.11533,39.96268],[-0.11505,39.96067],[-0.11326,39.95966],[-0.10952,39.95971],[-0.10662,39.95888],[-0.10308,39.95579],[-0.09774,39.95411],[-0.09513,39.95408],[-0.09058,39.95454],[-0.08627,39.95395],[-0.08234,39.95145],[-0.07775,39.94779],[-0.07212,39.95225],[-0.07038,39.95121],[-0.0674,39.95337],[-0.06657,39.95131],[-0.06229,39.9533],[-0.05837,39.95519],[-0.05836,39.9557],[-0.06147,39.95587],[-0.06959,39.95921],[-0.07058,39.96],[-0.0825,39.96965],[-0.08537,39.97183],[-0.09194,39.97518]]]},"properties":{"CUSEC":"1200903002","CMUN":"009","CDIS":"03","CSEC":"002","NMUN":"Almassora"}},
{"type":"Feature","geometry":{"type":"Polygon","coordinates":[[[-0.05836,39.9557],[-0.05837,39.95519],[-0.06229,39.9533],[-0.06146,39.95173],[-0.06169,39.94951],[-0.05495,39.9473],[-0.05498,39.9534],[-0.05702,39.95553],[-0.05836,39.9557]]]},"properties":{"CUSEC":"1200903003","CMUN":"009","CDIS":"03","CSEC":"003","NMUN":"Almassora"}},
{"type":"Feature","geometry":{"type":"Polygon","coordinates":[[[-0.3677,39.87993],[-0.3717,39.88726],[-0.37446,39.88981],[-0.37989,39.89419],[-0.38284,39.89473],[-0.39003,39.89397],[-0.40166,39.893],[-0.41111,39.89166],[-0.41472,39.89025],[-0.42266,39.88763],[-0.42953,39.886],[-0.43345,39.88541],[-0.44417,39.88102],[-0.44195,39.87657],[-0.43443,39.87026],[-0.43428,39.86112],[-0.42886,39.85662],[-0.42396,39.84923],[-0.42343,39.84547],[-0.42099,39.84243],[-0.4195,39.83846],[-0.41537,39.84181],[-0.40466,39.84828],[-0.40135,39.84888],[-0.39785,39.85321],[-0.39613,39.8566],[-0.39521,39.86086],[-0.39269,39.86241],[-0.39315,39.86408],[-0.39254,39.86579],[-0.38503,39.87237],[-0.3818,39.87441],[-0.38162,39.87565],[-0.37546,39.87684],[-0.37212,39.87855],[-0.3677,39.87993]]]},"properties":{"CUSEC":"1201001001","CMUN":"010","CDIS":"01","CSEC":"001","NMUN":"Almedíjar"}},
{"type":"Feature","geometry":{"type":"Polygon","coordinates":[[[-0.1767,39.74598],[-0.1916,39.75436],[-0.19148,39.75474],[-0.19861,39.75748],[-0.2034,39.75963],[-0.21107,39.76273],[-0.21529,39.75323],[-0.21744,39.75046],[-0.22226,39.75002],[-0.22408,39.7494],[-0.22629,39.75024],[-0.22563,39.75203],[-0.22573,39.75643],[-0.22646,39.75698],[-0.22791,39.75848],[-0.22946,39.7587],[-0.23159,39.76276],[-0.21854,39.76588],[-0.2282,39.76995],[-0.2461,39.7768],[-0.27653,39.77054],[-0.27659,39.76919],[-0.27543,39.76409],[-0.27156,39.76036],[-0.2737,39.7551],[-0.27195,39.75101],[-0.27119,39.75045],[-0.27032,39.75033],[-0.26571,39.74742],[-0.26418,39.7455],[-0.25981,39.74353],[-0.25713,39.74267],[-0.25274,39.74254],[-0.24786,39.74308],[-0.24622,39.7429],[-0.2423,39.74072],[-0.23474,39.73901],[-0.23396,39.74006],[-0.22862,39.73677],[-0.22577,39.7354],[-0.19994,39.72587],[-0.1956,39.72434],[-0.18857,39.72196],[-0.18294,39.73258],[-0.17755,39.7403],[-0.17229,39.74585],[-0.17318,39.74639],[-0.1767,39.74598]]]},"properties":{"CUSEC":"1201101001","CMUN":"011","CDIS":"01","CSEC":"001","NMUN":"Almenara"}},
{"type":"Feature","geometry":{"type":"Polygon","coordinates":[[[-0.22226,39.75002],[-0.22279,39.75554],[-0.22646,39.75698],[-0.22573,39.75643],[-0.22563,39.75203],[-0.22629,39.75024],[-0.22408,39.7494],[-0.22226,39.75002]]]},"properties":{"CUSEC":"1201101002","CMUN":"011","CDIS":"01","CSEC":"002","NMUN":"Almenara"}},
{"type":"Feature","geometry":{"type":"Polygon","coordinates":[[[-0.21107,39.76273],[-0.21854,39.76588],[-0.23159,39.76276],[-0.22946,39.7587],[-0.22791,39.75848],[-0.22646,39.75698],[-0.22279,39.75554],[-0.22226,39.75002],[-0.21744,39.75046],[-0.21529,39.75323],[-0.21107,39.76273]]]},"properties":{"CUSEC":"1201101003","CMUN":"011","CDIS":"01","CSEC":"003","NMUN":"Almenara"}},
{"type":"Feature","geometry":{"type":"Polygon","coordinates":[[[-0.52098,39.87288],[-0.52618,39.87338],[-0.53395,39.87248],[-0.53934,39.87012],[-0.55183,39.86591],[-0.55308,39.86587],[-0.55173,39.86109],[-0.55237,39.85848],[-0.54886,39.8565],[-0.54439,39.85549],[-0.54184,39.85549],[-0.53594,39.85405],[-0.53277,39.8517],[-0.52823,39.85299],[-0.5248,39.85514],[-0.52343,39.85553],[-0.51614,39.85382],[-0.51306,39.85274],[-0.51068,39.85145],[-0.50922,39.84969],[-0.5073,39.85043],[-0.49989,39.84904],[-0.50204,39.85297],[-0.50331,39.85489],[-0.50745,39.85724],[-0.51299,39.86486],[-0.51618,39.87121],[-0.51867,39.8727],[-0.52098,39.87288]]]},"properties":{"CUSEC":"1201201001","CMUN":"012","CDIS":"01","CSEC":"001","NMUN":"Altura"}},
{"type":"Feature","geometry":{"type":"Polygon","coordinates":[[[-0.49989,39.84904],[-0.5073,39.85043],[-0.50922,39.84969],[-0.51068,39.85145],[-0.51306,39.85274],[-0.51283,39.85087],[-0.5149,39.84809],[-0.52305,39.84714],[-0.52536,39.84608],[-0.5285,39.84375],[-0.53065,39.84416],[-0.5328,39.84549],[-0.53466,39.84591],[-0.53823,39.84461],[-0.54091,39.84226],[-0.54144,39.84058],[-0.54632,39.83942],[-0.55186,39.84021],[-0.55693,39.84342],[-0.56538,39.84502],[-0.5679,39.84629],[-0.57196,39.84726],[-0.57808,39.85112],[-0.58094,39.85122],[-0.58327,39.85192],[-0.58516,39.85377],[-0.58863,39.85262],[-0.58853,39.85199],[-0.59233,39.84866],[-0.5958,39.84919],[-0.60015,39.84893],[-0.60182,39.84749],[-0.60461,39.84678],[-0.60573,39.84763],[-0.60863,39.8473],[-0.61066,39.84811],[-0.61263,39.8456],[-0.61381,39.84535],[-0.61364,39.84269],[-0.611,39.8413],[-0.61432,39.83942],[-0.61572,39.83952],[-0.61932,39.83683],[-0.61848,39.83507],[-0.61967,39.83409],[-0.6198,39.83208],[-0.62149,39.83028],[-0.62225,39.8283],[-0.62468,39.82734],[-0.62731,39.82815],[-0.63069,39.82492],[-0.63027,39.82394],[-0.63268,39.82323],[-0.63163,39.82169],[-0.63271,39.82033],[-0.63919,39.82098],[-0.64119,39.82183],[-0.64359,39.82154],[-0.64502,39.81886],[-0.64756,39.81775],[-0.65027,39.81883],[-0.65172,39.81856],[-0.65103,39.81195],[-0.64471,39.79159],[-0.64772,39.78793],[-0.64908,39.77084],[-0.65235,39.75409],[-0.64234,39.75012],[-0.63101,39.74633],[-0.62151,39.74505],[-0.59768,39.74305],[-0.58822,39.74169],[-0.58131,39.75672],[-0.57715,39.76802],[-0.57705,39.7732],[-0.55855,39.79054],[-0.5484,39.79573],[-0.53059,39.79598],[-0.52237,39.80402],[-0.52085,39.80526],[-0.51285,39.81318],[-0.50764,39.81523],[-0.50506,39.82103],[-0.50182,39.827],[-0.49909,39.82858],[-0.49436,39.83267],[-0.49395,39.83934],[-0.49949,39.84836],[-0.49989,39.84904]]]},"properties":{"CUSEC":"1201201002","CMUN":"012","CDIS":"01","CSEC":"002","NMUN":"Altura"}},
{"type":"Feature","geometry":{"type":"Polygon","coordinates":[[[-0.55308,39.86587],[-0.56491,39.86546],[-0.56932,39.86577],[-0.59147,39.86624],[-0.60031,39.86702],[-0.60681,39.86691],[-0.61268,39.86617],[-0.61843,39.86401],[-0.62772,39.85807],[-0.6357,39.8519],[-0.63931,39.84691],[-0.6444,39.84136],[-0.65178,39.8373],[-0.65615,39.83596],[-0.65418,39.82788],[-0.65226,39.82286],[-0.65172,39.81856],[-0.65027,39.81883],[-0.64756,39.81775],[-0.64502,39.81886],[-0.64359,39.82154],[-0.64119,39.82183],[-0.63919,39.82098],[-0.63271,39.82033],[-0.63163,39.82169],[-0.63268,39.82323],[-0.63027,39.82394],[-0.63069,39.82492],[-0.62731,39.82815],[-0.62468,39.82734],[-0.62225,39.8283],[-0.62149,39.83028],[-0.6198,39.83208],[-0.61967,39.83409],[-0.61848,39.83507],[-0.61932,39.83683],[-0.61572,39.83952],[-0.61432,39.83942],[-0.611,39.8413],[-0.61364,39.84269],[-0.61381,39.84535],[-0.61263,39.8456],[-0.61066,39.84811],[-0.60863,39.8473],[-0.60573,39.84763],[-0.60461,39.84678],[-0.60182,39.84749],[-0.60015,39.84893],[-0.5958,39.84919],[-0.59233,39.84866],[-0.58853,39.85199],[-0.58863,39.85262],[-0.58516,39.85377],[-0.58327,39.85192],[-0.58094,39.85122],[-0.57808,39.85112],[-0.57196,39.84726],[-0.5679,39.84629],[-0.56538,39.84502],[-0.55693,39.84342],[-0.55186,39.84021],[-0.54632,39.83942],[-0.54144,39.84058],[-0.54091,39.84226],[-0.53823,39.84461],[-0.53466,39.84591],[-0.5328,39.84549],[-0.53065,39.84416],[-0.5285,39.84375],[-0.52536,39.84608],[-0.52305,39.84714],[-0.5149,39.84809],[-0.51283,39.85087],[-0.51306,39.85274],[-0.51614,39.85382],[-0.52343,39.85553],[-0.5248,39.85514],[-0.52823,39.85299],[-0.53277,39.8517],[-0.53594,39.85405],[-0.54184,39.85549],[-0.54439,39.85549],[-0.54886,39.8565],[-0.55237,39.85848],[-0.55173,39.86109],[-0.55308,39.86587]]]},"properties":{"CUSEC":"1201201003","CMUN":"012","CDIS":"01","CSEC":"003","NMUN":"Altura"}},
{"type":"Feature","geometry":{"type":"Polygon","coordinates":[[[-0.45654,40.08798],[-0.45822,40.09048],[-0.46175,40.09351],[-0.46403,40.09389],[-0.46663,40.09627],[-0.47276,40.10014],[-0.47767,40.09993],[-0.4831,40.10236],[-0.48845,40.10521],[-0.49489,40.10692],[-0.50029,40.10766],[-0.5045,40.1042],[-0.50835,40.09971],[-0.52085,40.09364],[-0.52893,40.08945],[-0.52429,40.08881],[-0.52501,40.08694],[-0.5195,40.08549],[-0.51353,40.08326],[-0.50412,40.07716],[-0.5024,40.07575],[-0.50153,40.07202],[-0.50329,40.06356],[-0.49529,40.05578],[-0.49223,40.0526],[-0.48826,40.05648],[-0.48362,40.05868],[-0.47847,40.06315],[-0.47569,40.06385],[-0.47193,40.06692],[-0.4611,40.07331],[-0.46101,40.0796],[-0.45646,40.08454],[-0.45595,40.0861],[-0.45654,40.08798]]]},"properties":{"CUSEC":"1201301001","CMUN":"013","CDIS":"01","CSEC":"001","NMUN":"Arañuel"}},
{"type":"Feature","geometry":{"type":"Polygon","coordinates":[[[-0.04288,40.41374],[-0.04463,40.41622],[-0.04529,40.41816],[-0.04559,40.42153],[-0.04901,40.42478],[-0.04896,40.42623],[-0.05083,40.42826],[-0.05149,40.43038],[-0.05138,40.4331],[-0.05273,40.434],[-0.05253,40.4354],[-0.05488,40.43668],[-0.05532,40.43899],[-0.05675,40.44029],[-0.05532,40.44365],[-0.05803,40.45205],[-0.05767,40.45407],[-0.05558,40.45894],[-0.06159,40.46511],[-0.06169,40.46784],[-0.06315,40.47172],[-0.06522,40.47451],[-0.06808,40.47718],[-0.07068,40.47825],[-0.07188,40.47959],[-0.07524,40.48123],[-0.07482,40.48362],[-0.07334,40.48529],[-0.07379,40.48904],[-0.07618,40.48942],[-0.07624,40.49155],[-0.07916,40.49194],[-0.0799,40.49523],[-0.08309,40.49878],[-0.08459,40.50218],[-0.0861,40.50872],[-0.09156,40.50965],[-0.09366,40.51049],[-0.10177,40.50946],[-0.10768,40.51107],[-0.11154,40.51135],[-0.11864,40.50835],[-0.12176,40.5067],[-0.12415,40.50459],[-0.12518,40.50652],[-0.12653,40.50847],[-0.12906,40.50953],[-0.13445,40.50845],[-0.13809,40.50383],[-0.14217,40.50011],[-0.15061,40.49385],[-0.16459,40.48134],[-0.16673,40.47603],[-0.16891,40.47281],[-0.17045,40.47199],[-0.17274,40.46898],[-0.17542,40.46707],[-0.18033,40.46634],[-0.18286,40.46731],[-0.18562,40.46643],[-0.19365,40.46667],[-0.19596,40.46612],[-0.19868,40.46626],[-0.20313,40.46511],[-0.2127,40.46343],[-0.21236,40.46266],[-0.20581,40.45812],[-0.20453,40.45544],[-0.20045,40.45352],[-0.19926,40.45191],[-0.19579,40.44924],[-0.19429,40.44922],[-0.19123,40.446],[-0.18986,40.44555],[-0.18366,40.4456],[-0.17555,40.44013],[-0.16285,40.43263],[-0.15968,40.43083],[-0.1562,40.42751],[-0.15518,40.42582],[-0.15276,40.42491],[-0.14995,40.4219],[-0.14589,40.42125],[-0.14446,40.4201],[-0.14667,40.41914],[-0.14653,40.41344],[-0.14689,40.41132],[-0.14309,40.41073],[-0.14197,40.4071],[-0.13757,40.40632],[-0.13464,40.4044],[-0.13243,40.40367],[-0.12587,40.40547],[-0.12275,40.4034],[-0.12124,40.40142],[-0.11932,40.40092],[-0.11726,40.40147],[-0.11681,40.39732],[-0.11497,40.39435],[-0.11431,40.39212],[-0.11271,40.39054],[-0.10747,40.38742],[-0.10378,40.38631],[-0.10062,40.38403],[-0.09367,40.38297],[-0.08607,40.38068],[-0.08007,40.37834],[-0.07829,40.37817],[-0.07198,40.37976],[-0.06942,40.37963],[-0.06652,40.37791],[-0.0624,40.37599],[-0.05716,40.37305],[-0.05285,40.37127],[-0.05117,40.36729],[-0.04984,40.36675],[-0.04522,40.36689],[-0.04597,40.36913],[-0.04971,40.37014],[-0.05136,40.37227],[-0.05386,40.37831],[-0.05558,40.38061],[-0.0541,40.38408],[-0.05115,40.38535],[-0.04822,40.38813],[-0.04764,40.38932],[-0.04285,40.39309],[-0.04094,40.39546],[-0.04004,40.39763],[-0.0412,40.40098],[-0.03965,40.40315],[-0.04043,40.40569],[-0.04133,40.40624],[-0.04122,40.40841],[-0.04288,40.41374]]]},"properties":{"CUSEC":"1201401001","CMUN":"014","CDIS":"01","CSEC":"001","NMUN":"Ares del Maestrat"}},
{"type":"Feature","geometry":{"type":"Polygon","coordinates":[[[-0.31019,40.06581],[-0.31089,40.06733],[-0.31871,40.06677],[-0.32097,40.06759],[-0.32182,40.06984],[-0.31981,40.07356],[-0.32037,40.07579],[-0.32224,40.07764],[-0.32343,40.07982],[-0.32425,40.08353],[-0.322,40.08553],[-0.3223,40.08823],[-0.32073,40.09132],[-0.32111,40.09503],[-0.31774,40.09895],[-0.31821,40.10048],[-0.32967,40.09338],[-0.33384,40.09272],[-0.33591,40.09053],[-0.33776,40.08616],[-0.33897,40.08481],[-0.34331,40.08221],[-0.35044,40.07921],[-0.3526,40.07871],[-0.35726,40.07652],[-0.36354,40.07432],[-0.3678,40.07449],[-0.36878,40.0734],[-0.3631,40.06746],[-0.36327,40.064],[-0.36662,40.05989],[-0.36765,40.05536],[-0.36322,40.0526],[-0.36209,40.0492],[-0.35588,40.04699],[-0.35512,40.04423],[-0.35191,40.04236],[-0.34675,40.04305],[-0.34488,40.04282],[-0.3424,40.04412],[-0.34181,40.0462],[-0.33823,40.04779],[-0.33581,40.04945],[-0.3281,40.05372],[-0.3196,40.05987],[-0.31302,40.06488],[-0.31019,40.06581]]]},"properties":{"CUSEC":"1201501001","CMUN":"015","CDIS":"01","CSEC":"001","NMUN":"Argelita"}},
{"type":"Feature","geometry":{"type":"Polygon","coordinates":[[[-0.20138,39.89424],[-0.2029,39.89577],[-0.20612,39.89725],[-0.21116,39.89778],[-0.21692,39.89538],[-0.2203,39.895],[-0.22174,39.89597],[-0.22855,39.89698],[-0.23453,39.89702],[-0.23821,39.8982],[-0.24143,39.8985],[-0.2427,39.89798],[-0.24347,39.89617],[-0.24686,39.89395],[-0.24928,39.8917],[-0.25457,39.89123],[-0.2568,39.89195],[-0.26153,39.89068],[-0.26748,39.88712],[-0.26593,39.88507],[-0.27291,39.88295],[-0.27671,39.88151],[-0.27912,39.88121],[-0.28403,39.8833],[-0.28468,39.88277],[-0.2897,39.87493],[-0.28754,39.87231],[-0.28524,39.8707],[-0.28157,39.87155],[-0.27901,39.87044],[-0.27719,39.8711],[-0.27334,39.87119],[-0.2709,39.8701],[-0.26804,39.87],[-0.26651,39.86906],[-0.26312,39.86955],[-0.26218,39.86824],[-0.2561,39.86683],[-0.25348,39.86653],[-0.24821,39.86501],[-0.24476,39.86505],[-0.24218,39.86641],[-0.23902,39.86482],[-0.23921,39.86354],[-0.23598,39.86102],[-0.22897,39.86712],[-0.21932,39.87624],[-0.21641,39.87932],[-0.21125,39.88547],[-0.20845,39.88836],[-0.20427,39.89146],[-0.20138,39.89424]]]},"properties":{"CUSEC":"1201601001","CMUN":"016","CDIS":"01","CSEC":"001","NMUN":"Artana"}},
{"type":"Feature","geometry":{"type":"Polygon","coordinates":[[[-0.23424,39.92605],[-0.23994,39.92581],[-0.24794,39.92609],[-0.25076,39.92704],[-0.25577,39.93005],[-0.25737,39.92845],[-0.26084,39.92602],[-0.26174,39.92506],[-0.2691,39.92206],[-0.27445,39.92301],[-0.27528,39.92226],[-0.27781,39.92296],[-0.27954,39.92281],[-0.28046,39.92136],[-0.27867,39.92046],[-0.27992,39.91925],[-0.27903,39.91805],[-0.27955,39.91559],[-0.28181,39.90865],[-0.27414,39.89602],[-0.27724,39.89031],[-0.27998,39.88666],[-0.28403,39.8833],[-0.27912,39.88121],[-0.27671,39.88151],[-0.27291,39.88295],[-0.26593,39.88507],[-0.26748,39.88712],[-0.26153,39.89068],[-0.2568,39.89195],[-0.25457,39.89123],[-0.24928,39.8917],[-0.24686,39.89395],[-0.24347,39.89617],[-0.2427,39.89798],[-0.24143,39.8985],[-0.23821,39.8982],[-0.23453,39.89702],[-0.22855,39.89698],[-0.22174,39.89597],[-0.2203,39.895],[-0.21692,39.89538],[-0.21116,39.89778],[-0.20612,39.89725],[-0.2029,39.89577],[-0.20138,39.89424],[-0.19723,39.89889],[-0.19808,39.90071],[-0.20139,39.90259],[-0.20373,39.90185],[-0.21195,39.90666],[-0.21537,39.90997],[-0.22095,39.91376],[-0.22621,39.91829],[-0.23424,39.92605]]]},"properties":{"CUSEC":"1201602001","CMUN":"016","CDIS":"02","CSEC":"001","NMUN":"Artana"}},
{"type":"Feature","geometry":{"type":"Polygon","coordinates":[[[-0.34622,40.00467],[-0.35604,40.00703],[-0.36052,40.00689],[-0.37003,40.00607],[-0.37157,40.00666],[-0.38734,40.01667],[-0.39206,40.01785],[-0.40289,40.01994],[-0.40227,40.01896],[-0.40372,40.01483],[-0.40326,40.01184],[-0.41318,40.00319],[-0.41825,40.00045],[-0.42157,39.99906],[-0.41997,39.99335],[-0.41908,39.99165],[-0.41601,39.98762],[-0.41736,39.98323],[-0.42037,39.97989],[-0.42044,39.97887],[-0.4222,39.97601],[-0.42191,39.97506],[-0.41778,39.97312],[-0.41748,39.97144],[-0.41507,39.97161],[-0.41102,39.96908],[-0.40443,39.97424],[-0.39056,39.97661],[-0.38252,39.97106],[-0.37563,39.97129],[-0.36723,39.97131],[-0.36531,39.97359],[-0.36146,39.97433],[-0.35947,39.97705],[-0.35861,39.9793],[-0.35729,39.97977],[-0.35667,39.98135],[-0.35224,39.97863],[-0.35027,39.97801],[-0.34811,39.97534],[-0.345,39.9784],[-0.34131,39.97986],[-0.34972,39.98966],[-0.35041,39.99121],[-0.35263,39.99893],[-0.35095,40.00069],[-0.34622,40.00467]]]},"properties":{"CUSEC":"1201701001","CMUN":"017","CDIS":"01","CSEC":"001","NMUN":"Ayódar"}},
{"type":"Feature","geometry":{"type":"Polygon","coordinates":[[[-0.34397,39.87431],[-0.34821,39.87703],[-0.35187,39.87722],[-0.35713,39.87858],[-0.35867,39.87779],[-0.36253,39.88048],[-0.3677,39.87993],[-0.37212,39.87855],[-0.37546,39.87684],[-0.38162,39.87565],[-0.3818,39.87441],[-0.38503,39.87237],[-0.39254,39.86579],[-0.39315,39.86408],[-0.39269,39.86241],[-0.39521,39.86086],[-0.39613,39.8566],[-0.39785,39.85321],[-0.394,39.84924],[-0.39059,39.84323],[-0.38736,39.83848],[-0.37869,39.83175],[-0.37812,39.82452],[-0.3765,39.81788],[-0.36401,39.82189],[-0.3563,39.82369],[-0.34813,39.82226],[-0.34248,39.82156],[-0.33906,39.82212],[-0.33419,39.82354],[-0.33112,39.82391],[-0.32964,39.82352],[-0.33257,39.8259],[-0.33819,39.82922],[-0.34118,39.82917],[-0.34506,39.83044],[-0.3466,39.83191],[-0.34906,39.83267],[-0.35093,39.83805],[-0.34987,39.84258],[-0.34772,39.84677],[-0.3455,39.8484],[-0.34413,39.85132],[-0.345,39.85293],[-0.3443,39.8549],[-0.34478,39.85712],[-0.34071,39.86434],[-0.34115,39.86714],[-0.34474,39.87151],[-0.34397,39.87431]]]},"properties":{"CUSEC":"1201801001","CMUN":"018","CDIS":"01","CSEC":"001","NMUN":"Azuébar"}},
{"type":"Feature","geometry":{"type":"Polygon","coordinates":[[[-0.65448,39.97995],[-0.65502,39.98003],[-0.66309,39.98465],[-0.66542,39.98837],[-0.66552,39.99134],[-0.66862,40.00017],[-0.67221,40.01116],[-0.67372,40.01729],[-0.67774,40.02246],[-0.6852,40.03159],[-0.68779,40.03518],[-0.68927,40.03595],[-0.68753,40.04099],[-0.69449,40.0436],[-0.7019,40.04565],[-0.71144,40.0366],[-0.71534,40.03252],[-0.74214,40.03589],[-0.74178,40.03204],[-0.74043,40.02905],[-0.73995,40.02591],[-0.73802,40.02063],[-0.73031,40.00514],[-0.71941,39.99869],[-0.71485,39.98784],[-0.7078,39.96616],[-0.70651,39.96096],[-0.70449,39.9559],[-0.70422,39.94835],[-0.70228,39.9489],[-0.70202,39.95065],[-0.69971,39.95287],[-0.69531,39.95192],[-0.69141,39.95155],[-0.68999,39.95191],[-0.69176,39.95423],[-0.6918,39.95664],[-0.69069,39.95707],[-0.68647,39.95716],[-0.68324,39.95877],[-0.67746,39.95913],[-0.67606,39.95986],[-0.6742,39.9624],[-0.67208,39.96166],[-0.66962,39.96161],[-0.66741,39.9607],[-0.66592,39.96135],[-0.66133,39.96188],[-0.65958,39.96127],[-0.65764,39.96397],[-0.65586,39.96388],[-0.65448,39.97995]]]},"properties":{"CUSEC":"1202001001","CMUN":"020","CDIS":"01","CSEC":"001","NMUN":"Barracas"}},
{"type":"Feature","geometry":{"type":"Polygon","coordinates":[[[-0.19348,39.92842],[-0.19558,39.93143],[-0.19768,39.93107],[-0.19924,39.92947],[-0.19852,39.92807],[-0.19631,39.92857],[-0.1934,39.92826],[-0.19348,39.92842]]]},"properties":{"CUSEC":"1202101001","CMUN":"021","CDIS":"01","CSEC":"001","NMUN":"Betxí"}},
{"type":"Feature","geometry":{"type":"Polygon","coordinates":[[[-0.17495,39.93801],[-0.17655,39.93879],[-0.17719,39.94028],[-0.18284,39.94159],[-0.18471,39.94069],[-0.1883,39.94106],[-0.1964,39.94404],[-0.20196,39.94568],[-0.21005,39.94909],[-0.21289,39.94599],[-0.22503,39.93083],[-0.22813,39.92888],[-0.23021,39.92644],[-0.23424,39.92605],[-0.22621,39.91829],[-0.22558,39.91972],[-0.22279,39.92011],[-0.21825,39.92391],[-0.21495,39.92509],[-0.20815,39.92698],[-0.19852,39.92807],[-0.19924,39.92947],[-0.19768,39.93107],[-0.19558,39.93143],[-0.19348,39.92842],[-0.18874,39.92493],[-0.18412,39.92331],[-0.18062,39.92125],[-0.16824,39.91775],[-0.16817,39.91865],[-0.1696,39.92322],[-0.17146,39.93058],[-0.17495,39.93801]]]},"properties":{"CUSEC":"1202101002","CMUN":"021","CDIS":"01","CSEC":"002","NMUN":"Betxí"}},
{"type":"Feature","geometry":{"type":"Polygon","coordinates":[[[-0.1967,39.9229],[-0.19631,39.92857],[-0.19852,39.92807],[-0.1967,39.9229]]]},"properties":{"CUSEC":"1202102001","CMUN":"021","CDIS":"02","CSEC":"001","NMUN":"Betxí"}},
{"type":"Feature","geometry":{"type":"Polygon","coordinates":[[[-0.16824,39.91775],[-0.18062,39.92125],[-0.18412,39.92331],[-0.18874,39.92493],[-0.19348,39.92842],[-0.1934,39.92826],[-0.19395,39.92357],[-0.19488,39.92251],[-0.1967,39.9229],[-0.19852,39.92807],[-0.20815,39.92698],[-0.21495,39.92509],[-0.21825,39.92391],[-0.22279,39.92011],[-0.22558,39.91972],[-0.22621,39.91829],[-0.22095,39.91376],[-0.21537,39.90997],[-0.21195,39.90666],[-0.20373,39.90185],[-0.20139,39.90259],[-0.19808,39.90071],[-0.19723,39.89889],[-0.19356,39.89546],[-0.18752,39.89557],[-0.18374,39.89507],[-0.17944,39.89502],[-0.17484,39.89567],[-0.16972,39.8959],[-0.17096,39.90137],[-0.17062,39.9055],[-0.16824,39.91775]]]},"properties":{"CUSEC":"1202102002","CMUN":"021","CDIS":"02","CSEC":"002","NMUN":"Betxí"}},
{"type":"Feature","geometry":{"type":"Polygon","coordinates":[[[-0.1934,39.92826],[-0.19631,39.92857],[-0.1967,39.9229],[-0.19488,39.92251],[-0.19395,39.92357],[-0.1934,39.92826]]]},"properties":{"CUSEC":"1202102003","CMUN":"021","CDIS":"02","CSEC":"003","NMUN":"Betxí"}},
{"type":"Feature","geometry":{"type":"Polygon","coordinates":[[[-0.68981,39.90308],[-0.69082,39.90484],[-0.69351,39.90597],[-0.69533,39.90754],[-0.69658,39.91123],[-0.69649,39.91362],[-0.69797,39.91588],[-0.6987,39.9184],[-0.70462,39.92451],[-0.70997,39.93083],[-0.71305,39.93231],[-0.71539,39.9352],[-0.72195,39.93989],[-0.72342,39.93894],[-0.72474,39.93694],[-0.72863,39.93425],[-0.73038,39.9343],[-0.73992,39.92947],[-0.75929,39.9239],[-0.76263,39.92363],[-0.76503,39.9209],[-0.76832,39.91955],[-0.77095,39.91939],[-0.77209,39.91841],[-0.77069,39.91628],[-0.77162,39.91348],[-0.77506,39.90891],[-0.78276,39.90477],[-0.78543,39.90234],[-0.78725,39.89904],[-0.79027,39.89565],[-0.79012,39.8916],[-0.79538,39.88498],[-0.79758,39.88325],[-0.78891,39.88581],[-0.78422,39.88619],[-0.77247,39.8834],[-0.75528,39.87853],[-0.74976,39.87546],[-0.74322,39.87287],[-0.73758,39.87031],[-0.7312,39.86879],[-0.72609,39.86936],[-0.72317,39.86926],[-0.71945,39.8681],[-0.71675,39.86823],[-0.71568,39.86952],[-0.71045,39.86908],[-0.70876,39.86726],[-0.70411,39.86841],[-0.70689,39.86997],[-0.70755,39.87291],[-0.71008,39.87535],[-0.70587,39.87746],[-0.7026,39.87947],[-0.69622,39.88765],[-0.69709,39.89603],[-0.69459,39.8982],[-0.68981,39.90308]]]},"properties":{"CUSEC":"1202201001","CMUN":"022","CDIS":"01","CSEC":"001","NMUN":"Bejís"}},
{"type":"Feature","geometry":{"type":"Polygon","coordinates":[[[-0.56364,39.93325],[-0.56399,39.93539],[-0.56862,39.93826],[-0.57116,39.93899],[-0.57454,39.94103],[-0.57537,39.94282],[-0.57751,39.94326],[-0.57768,39.94526],[-0.57887,39.94637],[-0.58157,39.94661],[-0.5852,39.94829],[-0.58766,39.95274],[-0.58854,39.95338],[-0.59379,39.95519],[-0.59719,39.95577],[-0.60057,39.95785],[-0.60201,39.96062],[-0.60243,39.96598],[-0.60203,39.96707],[-0.5985,39.97118],[-0.59552,39.97351],[-0.59522,39.97609],[-0.60166,39.9842],[-0.60006,39.98858],[-0.59864,39.98894],[-0.59883,39.99126],[-0.59716,39.99378],[-0.59776,39.99729],[-0.59723,39.99896],[-0.60013,40.00552],[-0.60207,40.00672],[-0.6031,40.00867],[-0.6055,40.00926],[-0.61641,40.01749],[-0.61839,40.01385],[-0.60994,40.00678],[-0.60929,40.00478],[-0.61334,39.99639],[-0.62106,39.99031],[-0.62391,39.98659],[-0.6309,39.98381],[-0.63687,39.98104],[-0.64314,39.98218],[-0.64718,39.98169],[-0.64535,39.97986],[-0.6414,39.97711],[-0.6391,39.97456],[-0.63787,39.9717],[-0.63362,39.96878],[-0.63115,39.96788],[-0.62635,39.96786],[-0.62442,39.96716],[-0.62336,39.96501],[-0.61905,39.96239],[-0.61358,39.95977],[-0.61179,39.95847],[-0.60599,39.95669],[-0.60429,39.95659],[-0.59859,39.95321],[-0.59551,39.94918],[-0.59609,39.9445],[-0.59353,39.93824],[-0.5896,39.93047],[-0.58464,39.92974],[-0.58005,39.92749],[-0.57367,39.92682],[-0.56868,39.933],[-0.56364,39.93325]]]},"properties":{"CUSEC":"1202401001","CMUN":"024","CDIS":"01","CSEC":"001","NMUN":"Benafer"}},
{"type":"Feature","geometry":{"type":"Polygon","coordinates":[[[-0.15964,40.25702],[-0.16095,40.2566],[-0.16232,40.25783],[-0.16264,40.26056],[-0.16347,40.26226],[-0.16986,40.26588],[-0.16914,40.2677],[-0.17034,40.27061],[-0.1685,40.27233],[-0.16895,40.27368],[-0.17114,40.27466],[-0.16972,40.27637],[-0.17208,40.27782],[-0.16906,40.28028],[-0.16837,40.28296],[-0.1705,40.2847],[-0.17179,40.28428],[-0.17411,40.28135],[-0.17517,40.28387],[-0.17792,40.28447],[-0.1789,40.28529],[-0.17836,40.28708],[-0.1814,40.28857],[-0.18153,40.2861],[-0.18394,40.28424],[-0.18534,40.2842],[-0.18726,40.28704],[-0.18591,40.28829],[-0.18663,40.28961],[-0.18903,40.28962],[-0.18885,40.28801],[-0.19156,40.28681],[-0.19418,40.28673],[-0.19569,40.2885],[-0.19419,40.2897],[-0.19479,40.29142],[-0.19298,40.29449],[-0.19478,40.29537],[-0.19512,40.29866],[-0.19335,40.30014],[-0.19387,40.30094],[-0.1965,40.30045],[-0.19756,40.30164],[-0.19556,40.3029],[-0.19536,40.30417],[-0.19839,40.30717],[-0.19758,40.30789],[-0.19534,40.30706],[-0.19412,40.30829],[-0.19562,40.3094],[-0.19806,40.30938],[-0.19789,40.31209],[-0.19903,40.31238],[-0.20248,40.31144],[-0.20294,40.31249],[-0.20118,40.31421],[-0.20049,40.31591],[-0.2062,40.31611],[-0.20418,40.31925],[-0.20521,40.32077],[-0.20446,40.32222],[-0.20934,40.32245],[-0.20941,40.32071],[-0.21584,40.3157],[-0.21634,40.31374],[-0.22469,40.30546],[-0.23141,40.29978],[-0.2329,40.29729],[-0.23765,40.29156],[-0.23863,40.28459],[-0.2385,40.27587],[-0.22774,40.2691],[-0.20979,40.25619],[-0.19266,40.2469],[-0.18415,40.24122],[-0.18243,40.23901],[-0.17917,40.23776],[-0.1779,40.23659],[-0.17407,40.23605],[-0.172,40.23519],[-0.17017,40.23538],[-0.16646,40.23719],[-0.16158,40.23877],[-0.15993,40.23997],[-0.15748,40.24074],[-0.15346,40.23973],[-0.14987,40.23992],[-0.14764,40.23719],[-0.14218,40.23564],[-0.13765,40.23533],[-0.13541,40.23815],[-0.136,40.23929],[-0.13832,40.23979],[-0.13925,40.24161],[-0.13811,40.24502],[-0.14046,40.24568],[-0.1446,40.24798],[-0.14935,40.24985],[-0.15111,40.25209],[-0.15072,40.25471],[-0.15327,40.25618],[-0.15393,40.25749],[-0.15369,40.2595],[-0.1569,40.25923],[-0.1578,40.25769],[-0.15964,40.25702]]]},"properties":{"CUSEC":"1202501001","CMUN":"025","CDIS":"01","CSEC":"001","NMUN":"Benafigos"}},
{"type":"Feature","geometry":{"type":"Polygon","coordinates":[[[-0.07198,40.37976],[-0.07829,40.37817],[-0.08007,40.37834],[-0.08607,40.38068],[-0.09367,40.38297],[-0.10062,40.38403],[-0.10378,40.38631],[-0.10747,40.38742],[-0.11271,40.39054],[-0.11431,40.39212],[-0.11497,40.39435],[-0.11681,40.39732],[-0.11726,40.40147],[-0.11932,40.40092],[-0.12124,40.40142],[-0.12275,40.4034],[-0.12587,40.40547],[-0.13243,40.40367],[-0.13464,40.4044],[-0.13757,40.40632],[-0.14197,40.4071],[-0.14309,40.41073],[-0.14689,40.41132],[-0.14653,40.41344],[-0.14667,40.41914],[-0.14446,40.4201],[-0.14589,40.42125],[-0.14995,40.4219],[-0.15276,40.42491],[-0.15518,40.42582],[-0.1562,40.42751],[-0.15968,40.43083],[-0.16285,40.43263],[-0.16503,40.43081],[-0.17242,40.43116],[-0.17432,40.43177],[-0.18091,40.43133],[-0.18322,40.43069],[-0.18751,40.42848],[-0.18997,40.42835],[-0.19238,40.42731],[-0.19411,40.42572],[-0.19661,40.42466],[-0.19899,40.42174],[-0.20135,40.42262],[-0.20289,40.42189],[-0.20463,40.423],[-0.2088,40.42376],[-0.21205,40.42099],[-0.21444,40.4148],[-0.21393,40.4137],[-0.22415,40.40767],[-0.22476,40.40657],[-0.22875,40.40787],[-0.23154,40.40698],[-0.23174,40.40549],[-0.23002,40.40421],[-0.23066,40.40282],[-0.2296,40.40107],[-0.2302,40.39865],[-0.22961,40.39708],[-0.23226,40.39509],[-0.23576,40.394],[-0.23652,40.39176],[-0.23882,40.39088],[-0.24096,40.38935],[-0.24634,40.38822],[-0.25005,40.38686],[-0.25319,40.38632],[-0.25416,40.38456],[-0.25694,40.38496],[-0.26017,40.38374],[-0.26083,40.38111],[-0.26376,40.37946],[-0.26438,40.37795],[-0.26015,40.37428],[-0.25854,40.37129],[-0.25575,40.37317],[-0.25276,40.37246],[-0.25239,40.37548],[-0.24899,40.37515],[-0.24758,40.37565],[-0.24559,40.37339],[-0.24412,40.37508],[-0.24087,40.37352],[-0.23803,40.3745],[-0.23604,40.37426],[-0.23469,40.37287],[-0.23404,40.37071],[-0.22906,40.37097],[-0.2272,40.37184],[-0.22241,40.37147],[-0.2233,40.36905],[-0.22196,40.36857],[-0.21805,40.36874],[-0.21495,40.36585],[-0.21271,40.36443],[-0.21649,40.36014],[-0.21919,40.36122],[-0.21961,40.35917],[-0.21827,40.35848],[-0.21491,40.35794],[-0.21422,40.35717],[-0.21412,40.35426],[-0.21318,40.35244],[-0.20949,40.35215],[-0.2055,40.35345],[-0.20445,40.35335],[-0.2032,40.35105],[-0.20006,40.35033],[-0.20033,40.35229],[-0.19958,40.35475],[-0.19722,40.35559],[-0.19724,40.35951],[-0.19556,40.36032],[-0.19151,40.35869],[-0.18846,40.3609],[-0.18152,40.36095],[-0.18116,40.36003],[-0.17621,40.36049],[-0.16886,40.35851],[-0.16759,40.35869],[-0.16331,40.35646],[-0.16074,40.35615],[-0.15455,40.35643],[-0.15396,40.35723],[-0.14667,40.36031],[-0.14431,40.36056],[-0.13824,40.35959],[-0.12547,40.35556],[-0.11748,40.35433],[-0.11234,40.3526],[-0.1074,40.35207],[-0.10305,40.35101],[-0.0995,40.35056],[-0.09739,40.35165],[-0.09405,40.35623],[-0.0912,40.35846],[-0.08881,40.35902],[-0.08693,40.35909],[-0.08193,40.3604],[-0.08098,40.3612],[-0.07653,40.36706],[-0.07646,40.36977],[-0.07582,40.37165],[-0.07221,40.3772],[-0.07198,40.37976]]]},"properties":{"CUSEC":"1202601001","CMUN":"026","CDIS":"01","CSEC":"001","NMUN":"Benassal"}},
{"type":"Feature","geometry":{"type":"Polygon","coordinates":[[[0.43072,40.42349],[0.43044,40.42366],[0.43013,40.42341],[0.42484,40.41946],[0.42598,40.41862],[0.42743,40.41916],[0.43072,40.42349]]]},"properties":{"CUSEC":"1202701001","CMUN":"027","CDIS":"01","CSEC":"001","NMUN":"Benicarló"}},
{"type":"Feature","geometry":{"type":"Polygon","coordinates":[[[0.43666,40.41637],[0.43624,40.4192],[0.43326,40.42356],[0.43072,40.42349],[0.42743,40.41916],[0.42598,40.41862],[0.42656,40.41824],[0.4287,40.41689],[0.43178,40.41473],[0.43058,40.41167],[0.43258,40.41504],[0.4341,40.41617],[0.43666,40.41637]]]},"properties":{"CUSEC":"1202701002","CMUN":"027","CDIS":"01","CSEC":"002","NMUN":"Benicarló"}},
{"type":"Feature","geometry":{"type":"Polygon","coordinates":[[[0.42512,40.42095],[0.42384,40.41989],[0.4148,40.42587],[0.41373,40.42616],[0.41241,40.42466],[0.41657,40.42344],[0.42085,40.42005],[0.42311,40.41874],[0.42484,40.41946],[0.43013,40.42341],[0.42672,40.42374],[0.42512,40.42095]]]},"properties":{"CUSEC":"1202701003","CMUN":"027","CDIS":"01","CSEC":"003","NMUN":"Benicarló"}},
{"type":"Feature","geometry":{"type":"Polygon","coordinates":[[[0.42255,40.42769],[0.41843,40.4311],[0.41373,40.42616],[0.4148,40.42587],[0.42384,40.41989],[0.42512,40.42095],[0.42294,40.42458],[0.42255,40.42769]]]},"properties":{"CUSEC":"1202701004","CMUN":"027","CDIS":"01","CSEC":"004","NMUN":"Benicarló"}},
{"type":"Feature","geometry":{"type":"Polygon","coordinates":[[[0.43044,40.42366],[0.42255,40.42769],[0.42294,40.42458],[0.42512,40.42095],[0.42672,40.42374],[0.43013,40.42341],[0.43044,40.42366]]]},"properties":{"CUSEC":"1202701005","CMUN":"027","CDIS":"01","CSEC":"005","NMUN":"Benicarló"}},
{"type":"Feature","geometry":{"type":"Polygon","coordinates":[[[0.42311,40.41874],[0.42085,40.42005],[0.41657,40.42344],[0.41241,40.42466],[0.41023,40.42233],[0.41021,40.42207],[0.41915,40.41833],[0.42174,40.4184],[0.42311,40.41874]]]},"properties":{"CUSEC":"1202702002","CMUN":"027","CDIS":"02","CSEC":"002","NMUN":"Benicarló"}},
{"type":"Feature","geometry":{"type":"Polygon","coordinates":[[[0.42174,40.4184],[0.41915,40.41833],[0.41021,40.42207],[0.41023,40.42233],[0.40654,40.41864],[0.40252,40.41581],[0.41423,40.41675],[0.41993,40.41799],[0.42174,40.4184]]]},"properties":{"CUSEC":"1202702003","CMUN":"027","CDIS":"02","CSEC":"003","NMUN":"Benicarló"}},
{"type":"Feature","geometry":{"type":"Polygon","coordinates":[[[0.42598,40.41862],[0.42484,40.41946],[0.42311,40.41874],[0.42174,40.4184],[0.41993,40.41799],[0.42432,40.41593],[0.42508,40.41668],[0.42656,40.41824],[0.42598,40.41862]]]},"properties":{"CUSEC":"1202703001","CMUN":"027","CDIS":"03","CSEC":"001","NMUN":"Benicarló"}},
{"type":"Feature","geometry":{"type":"Polygon","coordinates":[[[0.42689,40.41538],[0.42508,40.41668],[0.42432,40.41593],[0.42257,40.41302],[0.42265,40.41298],[0.42528,40.41178],[0.42831,40.41433],[0.42689,40.41538]]]},"properties":{"CUSEC":"1202703002","CMUN":"027","CDIS":"03","CSEC":"002","NMUN":"Benicarló"}},
{"type":"Feature","geometry":{"type":"Polygon","coordinates":[[[0.41993,40.41799],[0.41423,40.41675],[0.41435,40.41647],[0.42257,40.41302],[0.42432,40.41593],[0.41993,40.41799]]]},"properties":{"CUSEC":"1202703003","CMUN":"027","CDIS":"03","CSEC":"003","NMUN":"Benicarló"}},
{"type":"Feature","geometry":{"type":"Polygon","coordinates":[[[0.42528,40.41178],[0.42265,40.41298],[0.41414,40.40306],[0.41483,40.40076],[0.41759,40.39958],[0.41892,40.4016],[0.42173,40.40373],[0.42301,40.40548],[0.42715,40.40903],[0.42981,40.40973],[0.42528,40.41178]]]},"properties":{"CUSEC":"1202703004","CMUN":"027","CDIS":"03","CSEC":"004","NMUN":"Benicarló"}},
{"type":"Feature","geometry":{"type":"Polygon","coordinates":[[[0.43058,40.41167],[0.43178,40.41473],[0.4287,40.41689],[0.42689,40.41538],[0.42831,40.41433],[0.42528,40.41178],[0.42981,40.40973],[0.43058,40.41167]]]},"properties":{"CUSEC":"1202703005","CMUN":"027","CDIS":"03","CSEC":"005","NMUN":"Benicarló"}},
{"type":"Feature","geometry":{"type":"Polygon","coordinates":[[[0.4287,40.41689],[0.42656,40.41824],[0.42508,40.41668],[0.42689,40.41538],[0.4287,40.41689]]]},"properties":{"CUSEC":"1202703006","CMUN":"027","CDIS":"03","CSEC":"006","NMUN":"Benicarló"}},
{"type":"Feature","geometry":{"type":"Polygon","coordinates":[[[0.4536,40.44277],[0.4478,40.44755],[0.44447,40.44882],[0.44072,40.44812],[0.43712,40.45188],[0.43401,40.45633],[0.43226,40.45959],[0.43287,40.46239],[0.43092,40.46458],[0.42847,40.46568],[0.42623,40.47069],[0.42381,40.47085],[0.42228,40.47192],[0.42281,40.47445],[0.42109,40.47604],[0.41851,40.47655],[0.41787,40.47824],[0.41565,40.47945],[0.41232,40.4803],[0.41078,40.48131],[0.40455,40.48116],[0.40193,40.4831],[0.40024,40.48313],[0.39906,40.48618],[0.39802,40.48737],[0.39426,40.48767],[0.39081,40.49052],[0.38286,40.49195],[0.37897,40.49018],[0.37511,40.48953],[0.37416,40.48984],[0.37309,40.4876],[0.37343,40.48637],[0.37254,40.48084],[0.37397,40.47254],[0.37552,40.46911],[0.3771,40.46694],[0.37782,40.46425],[0.37696,40.46083],[0.37611,40.45931],[0.37353,40.45669],[0.3739,40.45514],[0.3724,40.45174],[0.37011,40.44866],[0.36912,40.44206],[0.36848,40.44118],[0.36266,40.43817],[0.35887,40.43658],[0.35718,40.42877],[0.35493,40.42425],[0.35593,40.42417],[0.37498,40.41676],[0.39739,40.4079],[0.40364,40.4056],[0.41483,40.40076],[0.41414,40.40306],[0.42265,40.41298],[0.42257,40.41302],[0.41435,40.41647],[0.41423,40.41675],[0.40252,40.41581],[0.40654,40.41864],[0.41023,40.42233],[0.41241,40.42466],[0.41373,40.42616],[0.41843,40.4311],[0.42255,40.42769],[0.43044,40.42366],[0.43072,40.42349],[0.43326,40.42356],[0.43624,40.4192],[0.43666,40.41637],[0.43915,40.42364],[0.44153,40.42869],[0.44334,40.4304],[0.44558,40.43501],[0.44888,40.43927],[0.4536,40.44277]]]},"properties":{"CUSEC":"1202703007","CMUN":"027","CDIS":"03","CSEC":"007","NMUN":"Benicarló"}},
{"type":"Feature","geometry":{"type":"Polygon","coordinates":[[[0.08843,40.0594],[0.08702,40.06298],[0.08854,40.06536],[0.08881,40.06813],[0.09297,40.07142],[0.09395,40.07403],[0.08874,40.07507],[0.08541,40.0794],[0.0842,40.08262],[0.08556,40.08327],[0.0819,40.0824],[0.07952,40.08329],[0.07112,40.08186],[0.06366,40.0811],[0.05976,40.07992],[0.05367,40.07605],[0.05001,40.07591],[0.04796,40.07727],[0.04551,40.07592],[0.04422,40.0732],[0.04286,40.07467],[0.04045,40.07273],[0.04021,40.06844],[0.04061,40.06694],[0.04274,40.06313],[0.04393,40.06252],[0.04536,40.06],[0.04882,40.06176],[0.05336,40.06261],[0.06073,40.0617],[0.06213,40.06024],[0.05933,40.05879],[0.06124,40.05605],[0.0619,40.05404],[0.06561,40.05629],[0.06791,40.05647],[0.06988,40.0579],[0.07311,40.05933],[0.0757,40.05982],[0.08076,40.05948],[0.0855,40.05777],[0.0853,40.05879],[0.08843,40.0594]]]},"properties":{"CUSEC":"1202801001","CMUN":"028","CDIS":"01","CSEC":"001","NMUN":"Benicàssim/Benicassim"}},
{"type":"Feature","geometry":{"type":"Polygon","coordinates":[[[0.06415,40.05351],[0.06791,40.05647],[0.06561,40.05629],[0.0619,40.05404],[0.05752,40.05151],[0.06064,40.05076],[0.06415,40.05351]]]},"properties":{"CUSEC":"1202801002","CMUN":"028","CDIS":"01","CSEC":"002","NMUN":"Benicàssim/Benicassim"}},
{"type":"Feature","geometry":{"type":"Polygon","coordinates":[[[0.07588,40.05209],[0.06988,40.0579],[0.06791,40.05647],[0.06415,40.05351],[0.0706,40.04693],[0.07089,40.04827],[0.07588,40.05209]]]},"properties":{"CUSEC":"1202801003","CMUN":"028","CDIS":"01","CSEC":"003","NMUN":"Benicàssim/Benicassim"}},
{"type":"Feature","geometry":{"type":"Polygon","coordinates":[[[0.0706,40.04693],[0.06415,40.05351],[0.06064,40.05076],[0.05752,40.05151],[0.05628,40.0508],[0.05372,40.04937],[0.05559,40.04685],[0.0571,40.04792],[0.0624,40.04377],[0.06606,40.04634],[0.06777,40.04619],[0.0706,40.04693]]]},"properties":{"CUSEC":"1202801004","CMUN":"028","CDIS":"01","CSEC":"004","NMUN":"Benicàssim/Benicassim"}},
{"type":"Feature","geometry":{"type":"Polygon","coordinates":[[[0.05201,40.03761],[0.05142,40.03989],[0.04991,40.04275],[0.05099,40.04403],[0.04898,40.0469],[0.03928,40.04206],[0.03988,40.04067],[0.0421,40.0386],[0.04685,40.03153],[0.04983,40.03581],[0.05201,40.03761]]]},"properties":{"CUSEC":"1202801005","CMUN":"028","CDIS":"01","CSEC":"005","NMUN":"Benicàssim/Benicassim"}},
{"type":"Feature","geometry":{"type":"Polygon","coordinates":[[[0.04796,40.07727],[0.04323,40.08043],[0.03657,40.08614],[0.03502,40.08646],[0.03092,40.08556],[0.01892,40.07943],[0.01246,40.07664],[0.00228,40.07035],[-0.00222,40.06591],[-0.0033,40.06441],[0.00013,40.05894],[0.0041,40.05167],[0.00662,40.04858],[0.00952,40.04315],[0.01058,40.03841],[0.01331,40.03117],[0.0158,40.03211],[0.02604,40.03505],[0.03237,40.03814],[0.03928,40.04206],[0.04898,40.0469],[0.05372,40.04937],[0.05628,40.0508],[0.05547,40.0519],[0.05818,40.05422],[0.05644,40.05447],[0.04731,40.05482],[0.0451,40.05688],[0.04601,40.05877],[0.04536,40.06],[0.04393,40.06252],[0.04274,40.06313],[0.04061,40.06694],[0.04021,40.06844],[0.04045,40.07273],[0.04286,40.07467],[0.04422,40.0732],[0.04551,40.07592],[0.04796,40.07727]]]},"properties":{"CUSEC":"1202801006","CMUN":"028","CDIS":"01","CSEC":"006","NMUN":"Benicàssim/Benicassim"}},
{"type":"Feature","geometry":{"type":"Polygon","coordinates":[[[0.04465,40.02605],[0.04172,40.02669],[0.03599,40.03625],[0.03237,40.03814],[0.02604,40.03505],[0.0158,40.03211],[0.01331,40.03117],[0.01398,40.02946],[0.01581,40.02533],[0.03695,40.0163],[0.03948,40.01538],[0.04058,40.0164],[0.04465,40.02605]]]},"properties":{"CUSEC":"1202801007","CMUN":"028","CDIS":"01","CSEC":"007","NMUN":"Benicàssim/Benicassim"}},
{"type":"Feature","geometry":{"type":"Polygon","coordinates":[[[0.04685,40.03153],[0.0421,40.0386],[0.03988,40.04067],[0.03928,40.04206],[0.03237,40.03814],[0.03599,40.03625],[0.04172,40.02669],[0.04465,40.02605],[0.04685,40.03153]]]},"properties":{"CUSEC":"1202801008","CMUN":"028","CDIS":"01","CSEC":"008","NMUN":"Benicàssim/Benicassim"}},
{"type":"Feature","geometry":{"type":"Polygon","coordinates":[[[0.05372,40.04937],[0.04898,40.0469],[0.05099,40.04403],[0.04991,40.04275],[0.05142,40.03989],[0.05201,40.03761],[0.05589,40.03952],[0.06145,40.04283],[0.0624,40.04377],[0.0571,40.04792],[0.05559,40.04685],[0.05372,40.04937]]]},"properties":{"CUSEC":"1202801009","CMUN":"028","CDIS":"01","CSEC":"009","NMUN":"Benicàssim/Benicassim"}},
{"type":"Feature","geometry":{"type":"Polygon","coordinates":[[[0.0619,40.05404],[0.06124,40.05605],[0.05933,40.05879],[0.06213,40.06024],[0.06073,40.0617],[0.05336,40.06261],[0.04882,40.06176],[0.04536,40.06],[0.04601,40.05877],[0.0451,40.05688],[0.04731,40.05482],[0.05644,40.05447],[0.05818,40.05422],[0.05547,40.0519],[0.05628,40.0508],[0.05752,40.05151],[0.0619,40.05404]]]},"properties":{"CUSEC":"1202801010","CMUN":"028","CDIS":"01","CSEC":"010","NMUN":"Benicàssim/Benicassim"}},
{"type":"Feature","geometry":{"type":"Polygon","coordinates":[[[0.07588,40.05209],[0.07968,40.05414],[0.0831,40.05656],[0.08535,40.05719],[0.09003,40.05578],[0.08967,40.05781],[0.08843,40.0594],[0.0853,40.05879],[0.0855,40.05777],[0.08076,40.05948],[0.0757,40.05982],[0.07311,40.05933],[0.06988,40.0579],[0.07588,40.05209]]]},"properties":{"CUSEC":"1202801011","CMUN":"028","CDIS":"01","CSEC":"011","NMUN":"Benicàssim/Benicassim"}},
{"type":"Feature","geometry":{"type":"Polygon","coordinates":[[[0.15381,40.22343],[0.149,40.22262],[0.14714,40.22174],[0.14721,40.22056],[0.14915,40.21944],[0.14717,40.21809],[0.14796,40.2162],[0.14729,40.21439],[0.14582,40.21309],[0.13975,40.21315],[0.13898,40.21196],[0.14028,40.20945],[0.13815,40.20648],[0.13508,40.20806],[0.13348,40.20772],[0.13303,40.20552],[0.1336,40.20307],[0.12961,40.20236],[0.12955,40.20054],[0.1275,40.19992],[0.12568,40.20095],[0.12356,40.20031],[0.11748,40.2006],[0.10864,40.20052],[0.10474,40.2009],[0.09956,40.1988],[0.09533,40.20022],[0.09155,40.20093],[0.08198,40.20498],[0.05183,40.20983],[0.04843,40.21244],[0.04842,40.22102],[0.04448,40.22506],[0.04078,40.2334],[0.03464,40.23696],[0.03083,40.24193],[0.02961,40.24529],[0.0262,40.2485],[0.02403,40.24967],[0.01777,40.24636],[0.00886,40.24222],[-0.00637,40.23415],[-0.01176,40.232],[-0.0112,40.23081],[-0.00758,40.22747],[-0.00893,40.22688],[-0.01094,40.2247],[-0.00958,40.22223],[-0.00793,40.2218],[-0.00884,40.22013],[-0.00833,40.21856],[-0.00958,40.21777],[-0.00868,40.21535],[-0.00794,40.2145],[-0.00582,40.20815],[-0.00348,40.20658],[-0.00067,40.2064],[0.00324,40.20677],[0.00955,40.20526],[0.0135,40.20171],[0.01448,40.19886],[0.0194,40.19512],[0.01989,40.19197],[0.0211,40.18977],[0.02759,40.1877],[0.02522,40.18357],[0.03596,40.18447],[0.04503,40.18563],[0.04942,40.18645],[0.06377,40.18625],[0.07304,40.18625],[0.07856,40.18544],[0.08211,40.18395],[0.08817,40.18251],[0.10352,40.18529],[0.10705,40.18541],[0.10957,40.18455],[0.11261,40.18263],[0.11803,40.18092],[0.12304,40.18195],[0.12699,40.18409],[0.12969,40.18649],[0.13439,40.18772],[0.14305,40.19459],[0.15064,40.19717],[0.15642,40.20528],[0.15476,40.21611],[0.15797,40.22114],[0.15381,40.22343]]]},"properties":{"CUSEC":"1202901001","CMUN":"029","CDIS":"01","CSEC":"001","NMUN":"Benlloc"}},
{"type":"Feature","geometry":{"type":"Polygon","coordinates":[[[0.00228,40.07035],[-0.00069,40.07414],[-0.00923,40.08185],[-0.01139,40.09739],[-0.02518,40.0903],[-0.04602,40.08961],[-0.05506,40.09154],[-0.05987,40.09101],[-0.06274,40.0876],[-0.0618,40.08268],[-0.06496,40.08067],[-0.06477,40.07845],[-0.06569,40.07746],[-0.06656,40.07424],[-0.06542,40.07314],[-0.06835,40.0688],[-0.06753,40.06643],[-0.06857,40.06566],[-0.07004,40.06279],[-0.07116,40.06256],[-0.07378,40.06043],[-0.07411,40.05929],[-0.07317,40.05652],[-0.07207,40.05597],[-0.07045,40.05268],[-0.07081,40.04519],[-0.07217,40.04304],[-0.07102,40.03977],[-0.0714,40.0365],[-0.07379,40.0342],[-0.0729,40.03219],[-0.06811,40.03233],[-0.06663,40.03041],[-0.06341,40.02924],[-0.06212,40.02688],[-0.06285,40.02625],[-0.05906,40.02585],[-0.05539,40.02762],[-0.05353,40.02666],[-0.04825,40.0275],[-0.0439,40.02814],[-0.04104,40.03028],[-0.04205,40.03342],[-0.04025,40.03871],[-0.03609,40.04167],[-0.03261,40.04333],[-0.02827,40.04483],[-0.01681,40.04803],[-0.01376,40.05222],[-0.00991,40.05655],[-0.0043,40.06406],[-0.0033,40.06441],[-0.00222,40.06591],[0.00228,40.07035]],[[-0.06438,40.0446],[-0.06355,40.04257],[-0.06644,40.0417],[-0.07108,40.04278],[-0.06982,40.04371],[-0.06617,40.04472],[-0.06438,40.0446]]]},"properties":{"CUSEC":"1203101001","CMUN":"031","CDIS":"01","CSEC":"001","NMUN":"Borriol"}},
{"type":"Feature","geometry":{"type":"Polygon","coordinates":[[[-0.06438,40.0446],[-0.06617,40.04472],[-0.06982,40.04371],[-0.07108,40.04278],[-0.06644,40.0417],[-0.06355,40.04257],[-0.06438,40.0446]]]},"properties":{"CUSEC":"1203101002","CMUN":"031","CDIS":"01","CSEC":"002","NMUN":"Borriol"}},
{"type":"Feature","geometry":{"type":"Polygon","coordinates":[[[-0.06285,40.02625],[-0.06212,40.02688],[-0.06341,40.02924],[-0.06663,40.03041],[-0.06811,40.03233],[-0.0729,40.03219],[-0.07379,40.0342],[-0.0714,40.0365],[-0.07102,40.03977],[-0.07217,40.04304],[-0.07081,40.04519],[-0.07045,40.05268],[-0.07207,40.05597],[-0.07317,40.05652],[-0.07411,40.05929],[-0.07378,40.06043],[-0.07116,40.06256],[-0.07004,40.06279],[-0.06857,40.06566],[-0.06753,40.06643],[-0.06835,40.0688],[-0.06542,40.07314],[-0.06656,40.07424],[-0.06569,40.07746],[-0.06477,40.07845],[-0.06496,40.08067],[-0.06637,40.07977],[-0.07588,40.07371],[-0.09219,40.06157],[-0.09831,40.05876],[-0.10016,40.05905],[-0.10814,40.05388],[-0.1183,40.05355],[-0.1209,40.05219],[-0.12625,40.051],[-0.13056,40.0469],[-0.13329,40.04329],[-0.13787,40.03803],[-0.14495,40.0353],[-0.14842,40.03521],[-0.1536,40.03285],[-0.15791,40.03302],[-0.15773,40.03189],[-0.15498,40.03074],[-0.15154,40.02999],[-0.14984,40.03077],[-0.14725,40.02772],[-0.14367,40.02483],[-0.14138,40.02238],[-0.13221,40.01938],[-0.12172,40.01016],[-0.12058,40.00946],[-0.11432,40.00976],[-0.1054,40.01087],[-0.09729,40.0122],[-0.09165,40.01358],[-0.08708,40.01575],[-0.08061,40.02019],[-0.07542,40.0235],[-0.07002,40.02413],[-0.06285,40.02625]]]},"properties":{"CUSEC":"1203102001","CMUN":"031","CDIS":"02","CSEC":"001","NMUN":"Borriol"}},
{"type":"Feature","geometry":{"type":"Polygon","coordinates":[[[-0.08182,39.89079],[-0.08292,39.89045],[-0.08624,39.88898],[-0.08498,39.88788],[-0.08378,39.88894],[-0.08271,39.88932],[-0.08182,39.89079]]]},"properties":{"CUSEC":"1203201001","CMUN":"032","CDIS":"01","CSEC":"001","NMUN":"Borriana/Burriana"}},
{"type":"Feature","geometry":{"type":"Polygon","coordinates":[[[-0.07443,39.88612],[-0.07656,39.88671],[-0.08125,39.88902],[-0.08271,39.88932],[-0.08378,39.88894],[-0.07984,39.88689],[-0.07858,39.88615],[-0.07642,39.88482],[-0.07443,39.88612]]]},"properties":{"CUSEC":"1203201002","CMUN":"032","CDIS":"01","CSEC":"002","NMUN":"Borriana/Burriana"}},
{"type":"Feature","geometry":{"type":"Polygon","coordinates":[[[-0.07984,39.88689],[-0.08378,39.88894],[-0.08498,39.88788],[-0.08449,39.88747],[-0.08151,39.88534],[-0.07984,39.88689]]]},"properties":{"CUSEC":"1203201003","CMUN":"032","CDIS":"01","CSEC":"003","NMUN":"Borriana/Burriana"}},
{"type":"Feature","geometry":{"type":"Polygon","coordinates":[[[-0.03573,39.92288],[-0.04067,39.92412],[-0.04487,39.92625],[-0.05515,39.92897],[-0.05688,39.92973],[-0.06108,39.9329],[-0.06278,39.93044],[-0.06487,39.92902],[-0.0664,39.92879],[-0.07161,39.92617],[-0.07382,39.92436],[-0.07725,39.92259],[-0.08069,39.92093],[-0.0836,39.92094],[-0.08777,39.91764],[-0.08837,39.91548],[-0.08991,39.91388],[-0.09012,39.91144],[-0.09223,39.91192],[-0.09084,39.90911],[-0.09474,39.90635],[-0.09624,39.90409],[-0.09487,39.90318],[-0.09079,39.90175],[-0.08669,39.90132],[-0.08517,39.90033],[-0.08452,39.89857],[-0.08303,39.89885],[-0.07913,39.89943],[-0.07892,39.8963],[-0.0805,39.89399],[-0.07733,39.89207],[-0.07861,39.89078],[-0.08182,39.89079],[-0.08271,39.88932],[-0.08125,39.88902],[-0.07656,39.88671],[-0.07443,39.88612],[-0.07442,39.88613],[-0.07441,39.88777],[-0.07036,39.88521],[-0.06606,39.88736],[-0.06449,39.88664],[-0.06219,39.88431],[-0.06186,39.88304],[-0.05899,39.87975],[-0.05401,39.87952],[-0.05199,39.87819],[-0.0461,39.88277],[-0.04304,39.88466],[-0.04015,39.88715],[-0.03547,39.89231],[-0.02904,39.89683],[-0.02707,39.89864],[-0.0221,39.90217],[-0.01837,39.90366],[-0.01382,39.90671],[-0.0101,39.91104],[-0.01366,39.91413],[-0.02069,39.91823],[-0.02359,39.91861],[-0.02829,39.92037],[-0.03002,39.92063],[-0.03573,39.92288]]]},"properties":{"CUSEC":"1203201004","CMUN":"032","CDIS":"01","CSEC":"004","NMUN":"Borriana/Burriana"}},
{"type":"Feature","geometry":{"type":"Polygon","coordinates":[[[-0.07858,39.88615],[-0.07984,39.88689],[-0.08151,39.88534],[-0.08184,39.88503],[-0.08124,39.88388],[-0.07858,39.88615]]]},"properties":{"CUSEC":"1203201005","CMUN":"032","CDIS":"01","CSEC":"005","NMUN":"Borriana/Burriana"}},
{"type":"Feature","geometry":{"type":"Polygon","coordinates":[[[-0.0782,39.87805],[-0.07626,39.8786],[-0.06952,39.88373],[-0.07442,39.88613],[-0.07443,39.88612],[-0.07642,39.88482],[-0.07858,39.88615],[-0.08124,39.88388],[-0.0805,39.88247],[-0.0782,39.87805]]]},"properties":{"CUSEC":"1203201006","CMUN":"032","CDIS":"01","CSEC":"006","NMUN":"Borriana/Burriana"}},
{"type":"Feature","geometry":{"type":"Polygon","coordinates":[[[-0.08292,39.89045],[-0.0874,39.89154],[-0.0863,39.88895],[-0.08624,39.88898],[-0.08292,39.89045]]]},"properties":{"CUSEC":"1203202001","CMUN":"032","CDIS":"02","CSEC":"001","NMUN":"Borriana/Burriana"}},
{"type":"Feature","geometry":{"type":"Polygon","coordinates":[[[-0.08182,39.89079],[-0.07861,39.89078],[-0.07733,39.89207],[-0.0805,39.89399],[-0.07892,39.8963],[-0.07913,39.89943],[-0.08303,39.89885],[-0.08151,39.89508],[-0.08166,39.89309],[-0.08502,39.89159],[-0.0874,39.89154],[-0.08292,39.89045],[-0.08182,39.89079]]]},"properties":{"CUSEC":"1203202002","CMUN":"032","CDIS":"02","CSEC":"002","NMUN":"Borriana/Burriana"}},
{"type":"Feature","geometry":{"type":"Polygon","coordinates":[[[-0.08303,39.89885],[-0.08452,39.89857],[-0.08461,39.89815],[-0.08391,39.89439],[-0.08709,39.8933],[-0.08871,39.89195],[-0.08869,39.89195],[-0.0874,39.89154],[-0.08502,39.89159],[-0.08166,39.89309],[-0.08151,39.89508],[-0.08303,39.89885]]]},"properties":{"CUSEC":"1203202003","CMUN":"032","CDIS":"02","CSEC":"003","NMUN":"Borriana/Burriana"}},
{"type":"Feature","geometry":{"type":"Polygon","coordinates":[[[-0.08871,39.89195],[-0.08709,39.8933],[-0.08391,39.89439],[-0.08461,39.89815],[-0.0911,39.89603],[-0.09431,39.89423],[-0.08871,39.89195]]]},"properties":{"CUSEC":"1203202004","CMUN":"032","CDIS":"02","CSEC":"004","NMUN":"Borriana/Burriana"}},
{"type":"Feature","geometry":{"type":"Polygon","coordinates":[[[-0.08498,39.88788],[-0.08624,39.88898],[-0.0863,39.88895],[-0.08643,39.88888],[-0.08692,39.88849],[-0.08776,39.88584],[-0.08622,39.88572],[-0.08449,39.88747],[-0.08498,39.88788]]]},"properties":{"CUSEC":"1203203001","CMUN":"032","CDIS":"03","CSEC":"001","NMUN":"Borriana/Burriana"}},
{"type":"Feature","geometry":{"type":"Polygon","coordinates":[[[-0.08151,39.88534],[-0.08449,39.88747],[-0.08622,39.88572],[-0.08481,39.88577],[-0.08184,39.88503],[-0.08151,39.88534]]]},"properties":{"CUSEC":"1203203002","CMUN":"032","CDIS":"03","CSEC":"002","NMUN":"Borriana/Burriana"}},
{"type":"Feature","geometry":{"type":"Polygon","coordinates":[[[-0.08776,39.88584],[-0.08692,39.88849],[-0.08937,39.88769],[-0.09227,39.88662],[-0.09483,39.88563],[-0.09025,39.88419],[-0.09019,39.88606],[-0.08776,39.88584]]]},"properties":{"CUSEC":"1203203003","CMUN":"032","CDIS":"03","CSEC":"003","NMUN":"Borriana/Burriana"}},
{"type":"Feature","geometry":{"type":"Polygon","coordinates":[[[-0.08109,39.88211],[-0.08481,39.88577],[-0.08622,39.88572],[-0.08669,39.88522],[-0.08276,39.88097],[-0.08109,39.88211]]]},"properties":{"CUSEC":"1203203004","CMUN":"032","CDIS":"03","CSEC":"004","NMUN":"Borriana/Burriana"}},
{"type":"Feature","geometry":{"type":"Polygon","coordinates":[[[-0.08184,39.88503],[-0.08481,39.88577],[-0.08109,39.88211],[-0.0805,39.88247],[-0.08124,39.88388],[-0.08184,39.88503]]]},"properties":{"CUSEC":"1203203005","CMUN":"032","CDIS":"03","CSEC":"005","NMUN":"Borriana/Burriana"}},
{"type":"Feature","geometry":{"type":"Polygon","coordinates":[[[-0.08776,39.88584],[-0.09019,39.88606],[-0.09025,39.88419],[-0.08845,39.88368],[-0.0901,39.88217],[-0.08802,39.8822],[-0.08602,39.88107],[-0.08698,39.87894],[-0.08505,39.87685],[-0.08112,39.87924],[-0.08276,39.88097],[-0.08669,39.88522],[-0.08622,39.88572],[-0.08776,39.88584]]]},"properties":{"CUSEC":"1203203006","CMUN":"032","CDIS":"03","CSEC":"006","NMUN":"Borriana/Burriana"}},
{"type":"Feature","geometry":{"type":"Polygon","coordinates":[[[-0.0874,39.89154],[-0.08869,39.89195],[-0.08908,39.89011],[-0.08643,39.88888],[-0.0863,39.88895],[-0.0874,39.89154]]]},"properties":{"CUSEC":"1203204001","CMUN":"032","CDIS":"04","CSEC":"001","NMUN":"Borriana/Burriana"}},
{"type":"Feature","geometry":{"type":"Polygon","coordinates":[[[-0.08908,39.89011],[-0.09111,39.8899],[-0.08937,39.88769],[-0.08692,39.88849],[-0.08643,39.88888],[-0.08908,39.89011]]]},"properties":{"CUSEC":"1203204002","CMUN":"032","CDIS":"04","CSEC":"002","NMUN":"Borriana/Burriana"}},
{"type":"Feature","geometry":{"type":"Polygon","coordinates":[[[-0.08452,39.89857],[-0.08517,39.90033],[-0.08669,39.90132],[-0.09079,39.90175],[-0.09487,39.90318],[-0.09624,39.90409],[-0.09628,39.90403],[-0.0955,39.90221],[-0.09754,39.90149],[-0.10337,39.89811],[-0.10467,39.8965],[-0.10209,39.89566],[-0.10454,39.89216],[-0.10809,39.88913],[-0.10937,39.88393],[-0.10919,39.88337],[-0.11202,39.88111],[-0.1195,39.87679],[-0.12395,39.8758],[-0.12761,39.87438],[-0.12996,39.87128],[-0.13735,39.86674],[-0.13528,39.86498],[-0.133,39.8647],[-0.12908,39.86193],[-0.12869,39.86059],[-0.12354,39.85649],[-0.11762,39.85356],[-0.10559,39.84653],[-0.10301,39.85053],[-0.09876,39.85255],[-0.09184,39.85754],[-0.09284,39.85849],[-0.08871,39.86164],[-0.09035,39.86285],[-0.09513,39.86753],[-0.09535,39.86811],[-0.10051,39.87266],[-0.09834,39.87424],[-0.097,39.87602],[-0.0901,39.88217],[-0.08845,39.88368],[-0.09025,39.88419],[-0.09483,39.88563],[-0.09618,39.88709],[-0.09439,39.8878],[-0.09527,39.8893],[-0.09339,39.88971],[-0.09111,39.8899],[-0.08908,39.89011],[-0.08869,39.89195],[-0.08871,39.89195],[-0.09431,39.89423],[-0.0911,39.89603],[-0.08461,39.89815],[-0.08452,39.89857]]]},"properties":{"CUSEC":"1203204003","CMUN":"032","CDIS":"04","CSEC":"003","NMUN":"Borriana/Burriana"}},
{"type":"Feature","geometry":{"type":"Polygon","coordinates":[[[-0.09111,39.8899],[-0.09339,39.88971],[-0.09227,39.88662],[-0.08937,39.88769],[-0.09111,39.8899]]]},"properties":{"CUSEC":"1203204004","CMUN":"032","CDIS":"04","CSEC":"004","NMUN":"Borriana/Burriana"}},
{"type":"Feature","geometry":{"type":"Polygon","coordinates":[[[-0.09227,39.88662],[-0.09339,39.88971],[-0.09527,39.8893],[-0.09439,39.8878],[-0.09618,39.88709],[-0.09483,39.88563],[-0.09227,39.88662]]]},"properties":{"CUSEC":"1203204005","CMUN":"032","CDIS":"04","CSEC":"005","NMUN":"Borriana/Burriana"}},
{"type":"Feature","geometry":{"type":"Polygon","coordinates":[[[-0.05199,39.87819],[-0.05401,39.87952],[-0.05899,39.87975],[-0.06186,39.88304],[-0.06219,39.88431],[-0.06449,39.88664],[-0.06606,39.88736],[-0.07036,39.88521],[-0.07441,39.88777],[-0.07442,39.88613],[-0.06952,39.88373],[-0.07626,39.8786],[-0.0782,39.87805],[-0.07186,39.86591],[-0.07498,39.86356],[-0.0763,39.86248],[-0.07507,39.86244],[-0.07336,39.86397],[-0.07074,39.86472],[-0.06905,39.86433],[-0.06626,39.86823],[-0.06159,39.87186],[-0.05199,39.87819]]]},"properties":{"CUSEC":"1203205001","CMUN":"032","CDIS":"05","CSEC":"001","NMUN":"Borriana/Burriana"}},
{"type":"Feature","geometry":{"type":"Polygon","coordinates":[[[-0.0782,39.87805],[-0.0805,39.88247],[-0.08109,39.88211],[-0.08276,39.88097],[-0.08112,39.87924],[-0.08505,39.87685],[-0.08715,39.87391],[-0.08695,39.87229],[-0.08501,39.87095],[-0.08033,39.86673],[-0.07498,39.86356],[-0.07186,39.86591],[-0.0782,39.87805]]]},"properties":{"CUSEC":"1203205002","CMUN":"032","CDIS":"05","CSEC":"002","NMUN":"Borriana/Burriana"}},
{"type":"Feature","geometry":{"type":"Polygon","coordinates":[[[-0.08505,39.87685],[-0.08698,39.87894],[-0.08602,39.88107],[-0.08802,39.8822],[-0.0901,39.88217],[-0.097,39.87602],[-0.09834,39.87424],[-0.10051,39.87266],[-0.09535,39.86811],[-0.09513,39.86753],[-0.09035,39.86285],[-0.08871,39.86164],[-0.09284,39.85849],[-0.09184,39.85754],[-0.09876,39.85255],[-0.10301,39.85053],[-0.10559,39.84653],[-0.09647,39.84131],[-0.09085,39.84801],[-0.08884,39.85085],[-0.08401,39.85631],[-0.07814,39.86143],[-0.0763,39.86248],[-0.07498,39.86356],[-0.08033,39.86673],[-0.08501,39.87095],[-0.08695,39.87229],[-0.08715,39.87391],[-0.08505,39.87685]]]},"properties":{"CUSEC":"1203205003","CMUN":"032","CDIS":"05","CSEC":"003","NMUN":"Borriana/Burriana"}},
{"type":"Feature","geometry":{"type":"Polygon","coordinates":[[[0.15642,40.20528],[0.15064,40.19717],[0.14305,40.19459],[0.13439,40.18772],[0.12969,40.18649],[0.12699,40.18409],[0.12304,40.18195],[0.11803,40.18092],[0.11261,40.18263],[0.10957,40.18455],[0.10705,40.18541],[0.10352,40.18529],[0.08817,40.18251],[0.08211,40.18395],[0.07856,40.18544],[0.07304,40.18625],[0.06377,40.18625],[0.04942,40.18645],[0.04503,40.18563],[0.04454,40.17987],[0.04357,40.17439],[0.04181,40.17007],[0.04152,40.15953],[0.04401,40.15691],[0.04438,40.15543],[0.04966,40.15373],[0.05164,40.15351],[0.051,40.15039],[0.04674,40.15114],[0.04601,40.15251],[0.04331,40.15227],[0.0444,40.15034],[0.04339,40.14813],[0.04115,40.14938],[0.04238,40.15114],[0.03872,40.15248],[0.02113,40.11967],[0.02028,40.11866],[0.0228,40.11825],[0.02345,40.11464],[0.02336,40.11062],[0.02427,40.10572],[0.03192,40.09007],[0.03502,40.08646],[0.03657,40.08614],[0.04323,40.08043],[0.04796,40.07727],[0.05001,40.07591],[0.05367,40.07605],[0.05976,40.07992],[0.06366,40.0811],[0.07112,40.08186],[0.07952,40.08329],[0.0819,40.0824],[0.08556,40.08327],[0.09144,40.08672],[0.09636,40.08932],[0.10544,40.09013],[0.10569,40.09577],[0.11052,40.09881],[0.11328,40.10326],[0.11675,40.10625],[0.11755,40.10774],[0.12038,40.11038],[0.11648,40.11175],[0.11615,40.11482],[0.12072,40.11959],[0.12167,40.12209],[0.12381,40.12441],[0.13032,40.12717],[0.13406,40.12834],[0.14582,40.12677],[0.16087,40.12391],[0.16597,40.13402],[0.16676,40.1344],[0.1682,40.1379],[0.17057,40.14126],[0.17213,40.14452],[0.18165,40.15884],[0.18235,40.1605],[0.18672,40.16512],[0.18803,40.16793],[0.19072,40.17098],[0.19456,40.17464],[0.19698,40.17626],[0.19873,40.17847],[0.20148,40.18074],[0.18863,40.18755],[0.18226,40.19134],[0.17547,40.19489],[0.17029,40.19794],[0.15866,40.20379],[0.15642,40.20528]]]},"properties":{"CUSEC":"1203301001","CMUN":"033","CDIS":"01","CSEC":"001","NMUN":"Cabanes"}},
{"type":"Feature","geometry":{"type":"Polygon","coordinates":[[[0.02028,40.11866],[0.02113,40.11967],[0.03872,40.15248],[0.04238,40.15114],[0.04115,40.14938],[0.04339,40.14813],[0.0444,40.15034],[0.04331,40.15227],[0.04601,40.15251],[0.04674,40.15114],[0.051,40.15039],[0.05164,40.15351],[0.04966,40.15373],[0.04438,40.15543],[0.04401,40.15691],[0.04152,40.15953],[0.04181,40.17007],[0.04357,40.17439],[0.04454,40.17987],[0.04503,40.18563],[0.03596,40.18447],[0.02522,40.18357],[0.01523,40.16677],[0.01459,40.16552],[0.01718,40.15502],[0.01763,40.15252],[0.01854,40.14289],[0.01701,40.14257],[0.01519,40.1373],[0.0146,40.13428],[0.01856,40.12584],[0.01892,40.11865],[0.02028,40.11866]]]},"properties":{"CUSEC":"1203302001","CMUN":"033","CDIS":"02","CSEC":"001","NMUN":"Cabanes"}},
{"type":"Feature","geometry":{"type":"Polygon","coordinates":[[[0.37416,40.48984],[0.37588,40.491],[0.3765,40.49255],[0.37481,40.49514],[0.37266,40.4937],[0.37029,40.49323],[0.36825,40.49484],[0.3696,40.49693],[0.36905,40.49816],[0.36721,40.49876],[0.36556,40.50106],[0.36073,40.50612],[0.35751,40.50819],[0.3537,40.51184],[0.34938,40.51039],[0.34794,40.51093],[0.34586,40.50879],[0.34156,40.50268],[0.3405,40.50007],[0.33541,40.49466],[0.3279,40.48626],[0.33172,40.47537],[0.3374,40.46552],[0.33517,40.4555],[0.33212,40.4537],[0.33421,40.44824],[0.33326,40.44608],[0.33288,40.44248],[0.32949,40.43735],[0.3391,40.43063],[0.34575,40.42138],[0.34803,40.42297],[0.35023,40.42314],[0.35463,40.42425],[0.35493,40.42425],[0.35718,40.42877],[0.35887,40.43658],[0.36266,40.43817],[0.36848,40.44118],[0.36912,40.44206],[0.37011,40.44866],[0.3724,40.45174],[0.3739,40.45514],[0.37353,40.45669],[0.37611,40.45931],[0.37696,40.46083],[0.37782,40.46425],[0.3771,40.46694],[0.37552,40.46911],[0.37397,40.47254],[0.37254,40.48084],[0.37343,40.48637],[0.37309,40.4876],[0.37416,40.48984]]]},"properties":{"CUSEC":"1203401001","CMUN":"034","CDIS":"01","CSEC":"001","NMUN":"Càlig"}},
{"type":"Feature","geometry":{"type":"Polygon","coordinates":[[[0.30028,40.59162],[0.3015,40.59486],[0.30087,40.59616],[0.30336,40.59889],[0.30441,40.60213],[0.30675,40.60656],[0.31104,40.61691],[0.30923,40.61695],[0.30745,40.61359],[0.30353,40.61399],[0.30147,40.61323],[0.29456,40.61403],[0.28606,40.61371],[0.27965,40.60843],[0.2758,40.60467],[0.27259,40.6006],[0.27029,40.59672],[0.26929,40.59345],[0.26748,40.5898],[0.2624,40.58163],[0.25888,40.57665],[0.25641,40.57487],[0.25151,40.57551],[0.24898,40.57537],[0.24514,40.57902],[0.24092,40.58057],[0.24024,40.58277],[0.23346,40.58259],[0.23261,40.58134],[0.2308,40.58174],[0.2268,40.58533],[0.22476,40.58641],[0.22237,40.58658],[0.21916,40.58769],[0.21688,40.5864],[0.21364,40.59054],[0.21401,40.59213],[0.21167,40.59309],[0.21011,40.59236],[0.20827,40.5887],[0.20436,40.58723],[0.20297,40.58849],[0.20252,40.59225],[0.19944,40.59261],[0.19465,40.59091],[0.19202,40.59273],[0.18947,40.5934],[0.18919,40.59677],[0.18639,40.59837],[0.18583,40.59555],[0.18353,40.5928],[0.18048,40.5911],[0.17732,40.5899],[0.17399,40.58522],[0.17461,40.58401],[0.17167,40.58298],[0.16845,40.5812],[0.16319,40.57939],[0.18291,40.56444],[0.18584,40.55489],[0.18195,40.54162],[0.1708,40.53562],[0.18574,40.52675],[0.20107,40.51565],[0.21064,40.51696],[0.21569,40.51624],[0.21767,40.51716],[0.22686,40.51673],[0.22973,40.51705],[0.23071,40.51912],[0.23608,40.52056],[0.25285,40.52694],[0.25925,40.53222],[0.26622,40.54045],[0.27002,40.54429],[0.27717,40.5501],[0.2826,40.55346],[0.28389,40.55829],[0.29019,40.57086],[0.29078,40.57246],[0.29785,40.586],[0.30028,40.59162]]]},"properties":{"CUSEC":"1203601001","CMUN":"036","CDIS":"01","CSEC":"001","NMUN":"Canet lo Roig"}},
{"type":"Feature","geometry":{"type":"Polygon","coordinates":[[[0.02644,40.69495],[0.02092,40.69356],[0.01597,40.6954],[0.01126,40.69614],[0.00679,40.69601],[0.00369,40.6945],[0.00137,40.69429],[-0.00598,40.69561],[-0.0096,40.69372],[-0.01025,40.69217],[-0.00967,40.68935],[-0.00825,40.68771],[-0.00583,40.68706],[-0.00146,40.68381],[0.00067,40.68107],[-0.00056,40.67963],[-0.00444,40.67759],[-0.00415,40.67684],[-0.00179,40.67688],[-0.0011,40.67567],[0.00203,40.67585],[0.00539,40.67358],[0.00466,40.6709],[0.00478,40.66906],[0.00686,40.66674],[0.00787,40.66462],[0.01115,40.6634],[0.01121,40.66236],[0.01119,40.66174],[0.01811,40.65877],[0.02037,40.65547],[0.02128,40.65199],[0.01805,40.65015],[0.01522,40.6495],[0.01405,40.6486],[0.03813,40.65014],[0.04381,40.64953],[0.04491,40.64796],[0.04684,40.64746],[0.04952,40.64566],[0.05839,40.64511],[0.06082,40.64434],[0.06401,40.64718],[0.06659,40.64724],[0.08182,40.64986],[0.08968,40.65026],[0.08926,40.65313],[0.09197,40.65471],[0.09375,40.6548],[0.09789,40.65378],[0.09998,40.65483],[0.09776,40.65745],[0.09614,40.66072],[0.08119,40.67609],[0.07644,40.67597],[0.0746,40.67659],[0.0706,40.67612],[0.06651,40.67805],[0.06055,40.68769],[0.05662,40.68497],[0.0517,40.68278],[0.04701,40.68295],[0.04217,40.69101],[0.03718,40.69326],[0.02644,40.69495]]]},"properties":{"CUSEC":"1203701001","CMUN":"037","CDIS":"01","CSEC":"001","NMUN":"Castell de Cabres"}},
{"type":"Feature","geometry":{"type":"Polygon","coordinates":[[[-0.13809,40.50383],[-0.13984,40.50509],[-0.14314,40.51105],[-0.14278,40.51323],[-0.14752,40.5157],[-0.15096,40.51481],[-0.15357,40.51729],[-0.15719,40.52],[-0.16091,40.52064],[-0.16153,40.52161],[-0.1599,40.52275],[-0.161,40.52384],[-0.16416,40.52195],[-0.1654,40.5226],[-0.16457,40.52405],[-0.16148,40.52675],[-0.16161,40.52844],[-0.16437,40.52987],[-0.16412,40.53106],[-0.16036,40.5333],[-0.16219,40.5356],[-0.16334,40.53925],[-0.16306,40.54223],[-0.16079,40.54389],[-0.15747,40.54555],[-0.15704,40.54853],[-0.15804,40.54989],[-0.16027,40.55021],[-0.16323,40.54926],[-0.16535,40.54783],[-0.16726,40.54535],[-0.16781,40.54338],[-0.16988,40.543],[-0.17161,40.54409],[-0.17323,40.54703],[-0.17115,40.54893],[-0.16942,40.55224],[-0.16949,40.55367],[-0.17227,40.55476],[-0.17382,40.55274],[-0.1782,40.55185],[-0.17825,40.55368],[-0.17522,40.55534],[-0.1751,40.55927],[-0.17593,40.56005],[-0.17939,40.56031],[-0.18217,40.55924],[-0.1859,40.56001],[-0.18549,40.55493],[-0.18711,40.55262],[-0.18566,40.55162],[-0.18662,40.5502],[-0.18872,40.55075],[-0.18894,40.55259],[-0.19242,40.55353],[-0.19417,40.55315],[-0.19561,40.55186],[-0.19926,40.55163],[-0.19873,40.55009],[-0.1996,40.54867],[-0.20206,40.54839],[-0.20358,40.54665],[-0.20404,40.54498],[-0.20857,40.543],[-0.2123,40.54176],[-0.21366,40.5397],[-0.2133,40.5379],[-0.21629,40.5369],[-0.22594,40.53822],[-0.23055,40.5381],[-0.23664,40.53828],[-0.23861,40.53523],[-0.23876,40.53331],[-0.236,40.53138],[-0.24049,40.52937],[-0.24434,40.53084],[-0.24438,40.52759],[-0.24352,40.52665],[-0.2404,40.52536],[-0.23967,40.52337],[-0.23656,40.52144],[-0.23611,40.51991],[-0.23819,40.51956],[-0.23969,40.52015],[-0.24099,40.52273],[-0.24308,40.5238],[-0.24339,40.51711],[-0.24492,40.51667],[-0.24698,40.51804],[-0.24885,40.5159],[-0.24825,40.5144],[-0.24651,40.51354],[-0.24645,40.51139],[-0.24849,40.50997],[-0.24859,40.50877],[-0.2462,40.50697],[-0.24548,40.50561],[-0.24315,40.50544],[-0.24295,40.50401],[-0.24492,40.5026],[-0.24348,40.50071],[-0.24458,40.4993],[-0.24727,40.50015],[-0.24812,40.50214],[-0.24982,40.50114],[-0.24827,40.49967],[-0.24817,40.49817],[-0.24687,40.49664],[-0.24686,40.49444],[-0.24838,40.49234],[-0.25056,40.49089],[-0.25202,40.49211],[-0.25518,40.49119],[-0.25229,40.48562],[-0.25361,40.48397],[-0.25601,40.48232],[-0.25576,40.47991],[-0.25405,40.47744],[-0.25647,40.47478],[-0.25642,40.47406],[-0.24542,40.47113],[-0.2444,40.47154],[-0.23754,40.47091],[-0.23456,40.46993],[-0.23121,40.46951],[-0.2202,40.46683],[-0.21731,40.46487],[-0.2127,40.46343],[-0.20313,40.46511],[-0.19868,40.46626],[-0.19596,40.46612],[-0.19365,40.46667],[-0.18562,40.46643],[-0.18286,40.46731],[-0.18033,40.46634],[-0.17542,40.46707],[-0.17274,40.46898],[-0.17045,40.47199],[-0.16891,40.47281],[-0.16673,40.47603],[-0.16459,40.48134],[-0.15061,40.49385],[-0.14217,40.50011],[-0.13809,40.50383]]]},"properties":{"CUSEC":"1203801001","CMUN":"038","CDIS":"01","CSEC":"001","NMUN":"Castellfort"}},
{"type":"Feature","geometry":{"type":"Polygon","coordinates":[[[-0.4195,39.83846],[-0.42099,39.84243],[-0.42343,39.84547],[-0.42396,39.84923],[-0.42886,39.85662],[-0.43428,39.86112],[-0.43443,39.87026],[-0.44195,39.87657],[-0.44417,39.88102],[-0.45384,39.88068],[-0.45977,39.87907],[-0.4658,39.87947],[-0.47552,39.8792],[-0.47728,39.87872],[-0.47729,39.87872],[-0.47984,39.8766],[-0.4777,39.87406],[-0.47965,39.87332],[-0.48036,39.87162],[-0.47987,39.87041],[-0.47722,39.86952],[-0.47724,39.86564],[-0.47517,39.86505],[-0.47272,39.86188],[-0.4725,39.85608],[-0.47066,39.85627],[-0.47004,39.85454],[-0.46778,39.85236],[-0.46699,39.84966],[-0.46519,39.84671],[-0.4624,39.84531],[-0.46081,39.84163],[-0.46441,39.83938],[-0.4623,39.83651],[-0.45869,39.8353],[-0.45427,39.83589],[-0.45208,39.83818],[-0.44558,39.83929],[-0.44494,39.83574],[-0.44314,39.83444],[-0.44239,39.83277],[-0.44314,39.83035],[-0.44626,39.8271],[-0.4449,39.82539],[-0.44167,39.82544],[-0.43947,39.82439],[-0.43859,39.82116],[-0.43713,39.82042],[-0.42851,39.82177],[-0.42577,39.82112],[-0.42877,39.82982],[-0.42438,39.83349],[-0.42224,39.83649],[-0.4195,39.83846]]]},"properties":{"CUSEC":"1203901001","CMUN":"039","CDIS":"01","CSEC":"001","NMUN":"Castellnovo"}},
{"type":"Feature","geometry":{"type":"Polygon","coordinates":[[[-0.03837,39.98668],[-0.03993,39.98706],[-0.03994,39.98705],[-0.04072,39.98526],[-0.04078,39.98502],[-0.03765,39.9841],[-0.03616,39.98614],[-0.03837,39.98668]]]},"properties":{"CUSEC":"1204001001","CMUN":"040","CDIS":"01","CSEC":"001","NMUN":"Castelló de la Plana"}},
{"type":"Feature","geometry":{"type":"Polygon","coordinates":[[[-0.04922,39.98929],[-0.05363,39.99034],[-0.05437,39.99137],[-0.05445,39.99135],[-0.05609,39.99089],[-0.05785,39.99043],[-0.05287,39.98831],[-0.05236,39.98757],[-0.04743,39.98696],[-0.04586,39.98652],[-0.04433,39.98609],[-0.04294,39.98777],[-0.04679,39.98869],[-0.0476,39.98889],[-0.04922,39.98929]]]},"properties":{"CUSEC":"1204001003","CMUN":"040","CDIS":"01","CSEC":"003","NMUN":"Castelló de la Plana"}},
{"type":"Feature","geometry":{"type":"Polygon","coordinates":[[[-0.04237,39.98762],[-0.0427,39.9879],[-0.04294,39.98777],[-0.04433,39.98609],[-0.04319,39.98578],[-0.04072,39.98526],[-0.03994,39.98705],[-0.04237,39.98762]]]},"properties":{"CUSEC":"1204001004","CMUN":"040","CDIS":"01","CSEC":"004","NMUN":"Castelló de la Plana"}},
{"type":"Feature","geometry":{"type":"Polygon","coordinates":[[[-0.03468,39.98825],[-0.03722,39.98868],[-0.03837,39.98668],[-0.03616,39.98614],[-0.03584,39.98657],[-0.03518,39.98747],[-0.03468,39.98825]]]},"properties":{"CUSEC":"1204002001","CMUN":"040","CDIS":"02","CSEC":"001","NMUN":"Castelló de la Plana"}},
{"type":"Feature","geometry":{"type":"Polygon","coordinates":[[[-0.03718,39.98881],[-0.03874,39.98918],[-0.03993,39.98706],[-0.03837,39.98668],[-0.03722,39.98868],[-0.03718,39.98881]]]},"properties":{"CUSEC":"1204002002","CMUN":"040","CDIS":"02","CSEC":"002","NMUN":"Castelló de la Plana"}},
{"type":"Feature","geometry":{"type":"Polygon","coordinates":[[[-0.03874,39.98918],[-0.04061,39.98975],[-0.04237,39.98762],[-0.03994,39.98705],[-0.03993,39.98706],[-0.03874,39.98918]]]},"properties":{"CUSEC":"1204002003","CMUN":"040","CDIS":"02","CSEC":"003","NMUN":"Castelló de la Plana"}},
{"type":"Feature","geometry":{"type":"Polygon","coordinates":[[[-0.04061,39.98975],[-0.04256,39.99057],[-0.0436,39.98839],[-0.0427,39.9879],[-0.04237,39.98762],[-0.04061,39.98975]]]},"properties":{"CUSEC":"1204002004","CMUN":"040","CDIS":"02","CSEC":"004","NMUN":"Castelló de la Plana"}},
{"type":"Feature","geometry":{"type":"Polygon","coordinates":[[[-0.04397,39.99165],[-0.04541,39.99179],[-0.0464,39.99161],[-0.04829,39.98946],[-0.0476,39.98889],[-0.04679,39.98869],[-0.04418,39.99138],[-0.04397,39.99165]]]},"properties":{"CUSEC":"1204002005","CMUN":"040","CDIS":"02","CSEC":"005","NMUN":"Castelló de la Plana"}},
{"type":"Feature","geometry":{"type":"Polygon","coordinates":[[[-0.04541,39.99179],[-0.04677,39.99245],[-0.04922,39.98929],[-0.0476,39.98889],[-0.04829,39.98946],[-0.0464,39.99161],[-0.04541,39.99179]]]},"properties":{"CUSEC":"1204002006","CMUN":"040","CDIS":"02","CSEC":"006","NMUN":"Castelló de la Plana"}},
{"type":"Feature","geometry":{"type":"Polygon","coordinates":[[[-0.04851,39.99334],[-0.05008,39.99217],[-0.05437,39.99137],[-0.05363,39.99034],[-0.04922,39.98929],[-0.04677,39.99245],[-0.04851,39.99334]]]},"properties":{"CUSEC":"1204002007","CMUN":"040","CDIS":"02","CSEC":"007","NMUN":"Castelló de la Plana"}},
{"type":"Feature","geometry":{"type":"Polygon","coordinates":[[[-0.04256,39.99057],[-0.04418,39.99138],[-0.04679,39.98869],[-0.04294,39.98777],[-0.0427,39.9879],[-0.0436,39.98839],[-0.04256,39.99057]]]},"properties":{"CUSEC":"1204002008","CMUN":"040","CDIS":"02","CSEC":"008","NMUN":"Castelló de la Plana"}},
{"type":"Feature","geometry":{"type":"Polygon","coordinates":[[[-0.03189,39.9869],[-0.03518,39.98747],[-0.03584,39.98657],[-0.03431,39.98605],[-0.03233,39.98589],[-0.03189,39.9869]]]},"properties":{"CUSEC":"1204003001","CMUN":"040","CDIS":"03","CSEC":"001","NMUN":"Castelló de la Plana"}},
{"type":"Feature","geometry":{"type":"Polygon","coordinates":[[[-0.03233,39.98589],[-0.03431,39.98605],[-0.03502,39.98505],[-0.03163,39.98396],[-0.03042,39.9837],[-0.02963,39.98545],[-0.03233,39.98589]]]},"properties":{"CUSEC":"1204003002","CMUN":"040","CDIS":"03","CSEC":"002","NMUN":"Castelló de la Plana"}},
{"type":"Feature","geometry":{"type":"Polygon","coordinates":[[[-0.03431,39.98605],[-0.03584,39.98657],[-0.03616,39.98614],[-0.03765,39.9841],[-0.03817,39.98369],[-0.03585,39.98248],[-0.03502,39.98505],[-0.03431,39.98605]]]},"properties":{"CUSEC":"1204003003","CMUN":"040","CDIS":"03","CSEC":"003","NMUN":"Castelló de la Plana"}},
{"type":"Feature","geometry":{"type":"Polygon","coordinates":[[[-0.03163,39.98396],[-0.03502,39.98505],[-0.03585,39.98248],[-0.03582,39.98246],[-0.03344,39.98167],[-0.03276,39.98145],[-0.03229,39.98252],[-0.03163,39.98396]]]},"properties":{"CUSEC":"1204003005","CMUN":"040","CDIS":"03","CSEC":"005","NMUN":"Castelló de la Plana"}},
{"type":"Feature","geometry":{"type":"Polygon","coordinates":[[[-0.03042,39.9837],[-0.03163,39.98396],[-0.03229,39.98252],[-0.02962,39.98189],[-0.0293,39.98256],[-0.02558,39.9816],[-0.0253,39.98262],[-0.03042,39.9837]]]},"properties":{"CUSEC":"1204003006","CMUN":"040","CDIS":"03","CSEC":"006","NMUN":"Castelló de la Plana"}},
{"type":"Feature","geometry":{"type":"Polygon","coordinates":[[[-0.02803,39.98511],[-0.02963,39.98545],[-0.03042,39.9837],[-0.0253,39.98262],[-0.02476,39.98441],[-0.02803,39.98511]]]},"properties":{"CUSEC":"1204003007","CMUN":"040","CDIS":"03","CSEC":"007","NMUN":"Castelló de la Plana"}},
{"type":"Feature","geometry":{"type":"Polygon","coordinates":[[[-0.02558,39.9816],[-0.0293,39.98256],[-0.02962,39.98189],[-0.03021,39.9806],[-0.02939,39.97947],[-0.02725,39.97869],[-0.02558,39.9816]]]},"properties":{"CUSEC":"1204003008","CMUN":"040","CDIS":"03","CSEC":"008","NMUN":"Castelló de la Plana"}},
{"type":"Feature","geometry":{"type":"Polygon","coordinates":[[[-0.02702,39.98758],[-0.0313,39.98828],[-0.03189,39.9869],[-0.03233,39.98589],[-0.02963,39.98545],[-0.02803,39.98511],[-0.02702,39.98758]]]},"properties":{"CUSEC":"1204003009","CMUN":"040","CDIS":"03","CSEC":"009","NMUN":"Castelló de la Plana"}},
{"type":"Feature","geometry":{"type":"Polygon","coordinates":[[[-0.0313,39.98828],[-0.03417,39.98875],[-0.03468,39.98825],[-0.03518,39.98747],[-0.03189,39.9869],[-0.0313,39.98828]]]},"properties":{"CUSEC":"1204003010","CMUN":"040","CDIS":"03","CSEC":"010","NMUN":"Castelló de la Plana"}},
{"type":"Feature","geometry":{"type":"Polygon","coordinates":[[[-0.02962,39.98189],[-0.03229,39.98252],[-0.03276,39.98145],[-0.03161,39.98107],[-0.03021,39.9806],[-0.02962,39.98189]]]},"properties":{"CUSEC":"1204003011","CMUN":"040","CDIS":"03","CSEC":"011","NMUN":"Castelló de la Plana"}},
{"type":"Feature","geometry":{"type":"Polygon","coordinates":[[[-0.0238,39.9873],[-0.02702,39.98758],[-0.02803,39.98511],[-0.02476,39.98441],[-0.0238,39.9873]]]},"properties":{"CUSEC":"1204003012","CMUN":"040","CDIS":"03","CSEC":"012","NMUN":"Castelló de la Plana"}},
{"type":"Feature","geometry":{"type":"Polygon","coordinates":[[[-0.03585,39.98248],[-0.03817,39.98369],[-0.03959,39.98291],[-0.03992,39.98244],[-0.0382,39.98183],[-0.03659,39.98123],[-0.03658,39.98124],[-0.03582,39.98246],[-0.03585,39.98248]]]},"properties":{"CUSEC":"1204004001","CMUN":"040","CDIS":"04","CSEC":"001","NMUN":"Castelló de la Plana"}},
{"type":"Feature","geometry":{"type":"Polygon","coordinates":[[[-0.03344,39.98167],[-0.03582,39.98246],[-0.03658,39.98124],[-0.03563,39.98089],[-0.03426,39.98039],[-0.03344,39.98167]]]},"properties":{"CUSEC":"1204004002","CMUN":"040","CDIS":"04","CSEC":"002","NMUN":"Castelló de la Plana"}},
{"type":"Feature","geometry":{"type":"Polygon","coordinates":[[[-0.0382,39.98183],[-0.03992,39.98244],[-0.04088,39.9815],[-0.04172,39.9805],[-0.04052,39.98008],[-0.0396,39.97976],[-0.0382,39.98183]]]},"properties":{"CUSEC":"1204004003","CMUN":"040","CDIS":"04","CSEC":"003","NMUN":"Castelló de la Plana"}},
{"type":"Feature","geometry":{"type":"Polygon","coordinates":[[[-0.04172,39.9805],[-0.04364,39.97936],[-0.04365,39.97935],[-0.04273,39.97904],[-0.04154,39.97863],[-0.04052,39.98008],[-0.04172,39.9805]]]},"properties":{"CUSEC":"1204004005","CMUN":"040","CDIS":"04","CSEC":"005","NMUN":"Castelló de la Plana"}},
{"type":"Feature","geometry":{"type":"Polygon","coordinates":[[[-0.03563,39.98089],[-0.03658,39.98124],[-0.03659,39.98123],[-0.03876,39.97945],[-0.03681,39.97875],[-0.03563,39.98089]]]},"properties":{"CUSEC":"1204004006","CMUN":"040","CDIS":"04","CSEC":"006","NMUN":"Castelló de la Plana"}},
{"type":"Feature","geometry":{"type":"Polygon","coordinates":[[[-0.04273,39.97904],[-0.04365,39.97935],[-0.04538,39.97806],[-0.04541,39.97803],[-0.04452,39.97679],[-0.04273,39.97904]]]},"properties":{"CUSEC":"1204004007","CMUN":"040","CDIS":"04","CSEC":"007","NMUN":"Castelló de la Plana"}},
{"type":"Feature","geometry":{"type":"Polygon","coordinates":[[[-0.04452,39.97679],[-0.04541,39.97803],[-0.04712,39.97681],[-0.04849,39.97584],[-0.04758,39.97508],[-0.04621,39.97629],[-0.04486,39.97518],[-0.04347,39.97602],[-0.04452,39.97679]]]},"properties":{"CUSEC":"1204004008","CMUN":"040","CDIS":"04","CSEC":"008","NMUN":"Castelló de la Plana"}},
{"type":"Feature","geometry":{"type":"Polygon","coordinates":[[[-0.0396,39.97976],[-0.04052,39.98008],[-0.04154,39.97863],[-0.0403,39.97821],[-0.03876,39.97945],[-0.0396,39.97976]]]},"properties":{"CUSEC":"1204004009","CMUN":"040","CDIS":"04","CSEC":"009","NMUN":"Castelló de la Plana"}},
{"type":"Feature","geometry":{"type":"Polygon","coordinates":[[[-0.03659,39.98123],[-0.0382,39.98183],[-0.0396,39.97976],[-0.03876,39.97945],[-0.03659,39.98123]]]},"properties":{"CUSEC":"1204004010","CMUN":"040","CDIS":"04","CSEC":"010","NMUN":"Castelló de la Plana"}},
{"type":"Feature","geometry":{"type":"Polygon","coordinates":[[[-0.03276,39.98145],[-0.03344,39.98167],[-0.03426,39.98039],[-0.03245,39.97973],[-0.03212,39.98027],[-0.03161,39.98107],[-0.03276,39.98145]]]},"properties":{"CUSEC":"1204004011","CMUN":"040","CDIS":"04","CSEC":"011","NMUN":"Castelló de la Plana"}},
{"type":"Feature","geometry":{"type":"Polygon","coordinates":[[[-0.03245,39.97973],[-0.03426,39.98039],[-0.03553,39.97829],[-0.03374,39.97765],[-0.03245,39.97973]]]},"properties":{"CUSEC":"1204004012","CMUN":"040","CDIS":"04","CSEC":"012","NMUN":"Castelló de la Plana"}},
{"type":"Feature","geometry":{"type":"Polygon","coordinates":[[[-0.04154,39.97863],[-0.04273,39.97904],[-0.04452,39.97679],[-0.04347,39.97602],[-0.04033,39.97819],[-0.0403,39.97821],[-0.04154,39.97863]]]},"properties":{"CUSEC":"1204004013","CMUN":"040","CDIS":"04","CSEC":"013","NMUN":"Castelló de la Plana"}},
{"type":"Feature","geometry":{"type":"Polygon","coordinates":[[[-0.04486,39.97518],[-0.04621,39.97629],[-0.04758,39.97508],[-0.05034,39.97213],[-0.05002,39.97198],[-0.04486,39.97518]]]},"properties":{"CUSEC":"1204004014","CMUN":"040","CDIS":"04","CSEC":"014","NMUN":"Castelló de la Plana"}},
{"type":"Feature","geometry":{"type":"Polygon","coordinates":[[[-0.03021,39.9806],[-0.03161,39.98107],[-0.03212,39.98027],[-0.02939,39.97947],[-0.03021,39.9806]]]},"properties":{"CUSEC":"1204004015","CMUN":"040","CDIS":"04","CSEC":"015","NMUN":"Castelló de la Plana"}},
{"type":"Feature","geometry":{"type":"Polygon","coordinates":[[[-0.03426,39.98039],[-0.03563,39.98089],[-0.03681,39.97875],[-0.03553,39.97829],[-0.03426,39.98039]]]},"properties":{"CUSEC":"1204004016","CMUN":"040","CDIS":"04","CSEC":"016","NMUN":"Castelló de la Plana"}},
{"type":"Feature","geometry":{"type":"Polygon","coordinates":[[[-0.03681,39.97875],[-0.03876,39.97945],[-0.0403,39.97821],[-0.04033,39.97819],[-0.03655,39.9768],[-0.03553,39.97829],[-0.03681,39.97875]]]},"properties":{"CUSEC":"1204004017","CMUN":"040","CDIS":"04","CSEC":"017","NMUN":"Castelló de la Plana"}},
{"type":"Feature","geometry":{"type":"Polygon","coordinates":[[[-0.02939,39.97947],[-0.03212,39.98027],[-0.03245,39.97973],[-0.03374,39.97765],[-0.02898,39.97575],[-0.02725,39.97869],[-0.02939,39.97947]]]},"properties":{"CUSEC":"1204004018","CMUN":"040","CDIS":"04","CSEC":"018","NMUN":"Castelló de la Plana"}},
{"type":"Feature","geometry":{"type":"Polygon","coordinates":[[[-0.03374,39.97765],[-0.03553,39.97829],[-0.03655,39.9768],[-0.03654,39.9768],[-0.03272,39.97557],[-0.02987,39.97449],[-0.02898,39.97575],[-0.03374,39.97765]]]},"properties":{"CUSEC":"1204004019","CMUN":"040","CDIS":"04","CSEC":"019","NMUN":"Castelló de la Plana"}},
{"type":"Feature","geometry":{"type":"Polygon","coordinates":[[[-0.04758,39.97508],[-0.04849,39.97584],[-0.04851,39.97582],[-0.04961,39.97504],[-0.05126,39.97385],[-0.05134,39.97379],[-0.05034,39.97213],[-0.04758,39.97508]]]},"properties":{"CUSEC":"1204004020","CMUN":"040","CDIS":"04","CSEC":"020","NMUN":"Castelló de la Plana"}},
{"type":"Feature","geometry":{"type":"Polygon","coordinates":[[[-0.03655,39.9768],[-0.04033,39.97819],[-0.04347,39.97602],[-0.04486,39.97518],[-0.05002,39.97198],[-0.05128,39.97009],[-0.04761,39.96914],[-0.04313,39.96908],[-0.03429,39.9728],[-0.03807,39.97412],[-0.03654,39.9768],[-0.03655,39.9768]]]},"properties":{"CUSEC":"1204004021","CMUN":"040","CDIS":"04","CSEC":"021","NMUN":"Castelló de la Plana"}},
{"type":"Feature","geometry":{"type":"Polygon","coordinates":[[[-0.03272,39.97557],[-0.03654,39.9768],[-0.03807,39.97412],[-0.03429,39.9728],[-0.03272,39.97557]]]},"properties":{"CUSEC":"1204004022","CMUN":"040","CDIS":"04","CSEC":"022","NMUN":"Castelló de la Plana"}},
{"type":"Feature","geometry":{"type":"Polygon","coordinates":[[[-0.03765,39.9841],[-0.04078,39.98502],[-0.04135,39.98386],[-0.03959,39.98291],[-0.03817,39.98369],[-0.03765,39.9841]]]},"properties":{"CUSEC":"1204005001","CMUN":"040","CDIS":"05","CSEC":"001","NMUN":"Castelló de la Plana"}},
{"type":"Feature","geometry":{"type":"Polygon","coordinates":[[[-0.04072,39.98526],[-0.04319,39.98578],[-0.04358,39.9849],[-0.04358,39.9844],[-0.04135,39.98386],[-0.04078,39.98502],[-0.04072,39.98526]]]},"properties":{"CUSEC":"1204005002","CMUN":"040","CDIS":"05","CSEC":"002","NMUN":"Castelló de la Plana"}},
{"type":"Feature","geometry":{"type":"Polygon","coordinates":[[[-0.04135,39.98386],[-0.04358,39.9844],[-0.04324,39.98229],[-0.04088,39.9815],[-0.03992,39.98244],[-0.03959,39.98291],[-0.04135,39.98386]]]},"properties":{"CUSEC":"1204005004","CMUN":"040","CDIS":"05","CSEC":"004","NMUN":"Castelló de la Plana"}},
{"type":"Feature","geometry":{"type":"Polygon","coordinates":[[[-0.04433,39.98609],[-0.04586,39.98652],[-0.04662,39.98519],[-0.04358,39.9849],[-0.04319,39.98578],[-0.04433,39.98609]]]},"properties":{"CUSEC":"1204005005","CMUN":"040","CDIS":"05","CSEC":"005","NMUN":"Castelló de la Plana"}},
{"type":"Feature","geometry":{"type":"Polygon","coordinates":[[[-0.04743,39.98696],[-0.05236,39.98757],[-0.05354,39.98593],[-0.04843,39.98539],[-0.04743,39.98696]]]},"properties":{"CUSEC":"1204005006","CMUN":"040","CDIS":"05","CSEC":"006","NMUN":"Castelló de la Plana"}},
{"type":"Feature","geometry":{"type":"Polygon","coordinates":[[[-0.05236,39.98757],[-0.05287,39.98831],[-0.05785,39.99043],[-0.06194,39.98853],[-0.0629,39.98763],[-0.05354,39.98593],[-0.05236,39.98757]]]},"properties":{"CUSEC":"1204005007","CMUN":"040","CDIS":"05","CSEC":"007","NMUN":"Castelló de la Plana"}},
{"type":"Feature","geometry":{"type":"Polygon","coordinates":[[[-0.0629,39.98763],[-0.06296,39.98764],[-0.06516,39.98572],[-0.05679,39.98317],[-0.05354,39.98593],[-0.0629,39.98763]]]},"properties":{"CUSEC":"1204005008","CMUN":"040","CDIS":"05","CSEC":"008","NMUN":"Castelló de la Plana"}},
{"type":"Feature","geometry":{"type":"Polygon","coordinates":[[[-0.0763,39.99102],[-0.07983,39.98763],[-0.07553,39.98628],[-0.06935,39.98471],[-0.06656,39.98438],[-0.06516,39.98572],[-0.06296,39.98764],[-0.06754,39.98862],[-0.07301,39.99034],[-0.0763,39.99102]]]},"properties":{"CUSEC":"1204005009","CMUN":"040","CDIS":"05","CSEC":"009","NMUN":"Castelló de la Plana"}},
{"type":"Feature","geometry":{"type":"Polygon","coordinates":[[[-0.15796,40.03302],[-0.15938,40.03147],[-0.16376,40.02972],[-0.16436,40.02865],[-0.16124,40.02537],[-0.1612,40.0198],[-0.15833,40.01136],[-0.15822,40.00983],[-0.15948,40.00479],[-0.15805,40.00142],[-0.15582,40.0001],[-0.15258,39.99918],[-0.15046,39.99803],[-0.14757,39.99562],[-0.14211,39.99296],[-0.13461,39.98702],[-0.13379,39.98899],[-0.13025,39.98777],[-0.12223,39.98399],[-0.11636,39.98374],[-0.10784,39.98253],[-0.10366,39.98113],[-0.09768,39.97782],[-0.09194,39.97518],[-0.09235,39.97803],[-0.0913,39.98177],[-0.08949,39.98515],[-0.08876,39.987],[-0.08983,39.99227],[-0.08961,39.99409],[-0.09197,39.9948],[-0.09782,39.99848],[-0.10056,40.00063],[-0.10874,40.00459],[-0.12058,40.00946],[-0.12172,40.01016],[-0.13221,40.01938],[-0.14138,40.02238],[-0.14367,40.02483],[-0.14725,40.02772],[-0.14984,40.03077],[-0.15154,40.02999],[-0.15498,40.03074],[-0.15773,40.03189],[-0.15791,40.03302],[-0.15796,40.03302]]]},"properties":{"CUSEC":"1204005010","CMUN":"040","CDIS":"05","CSEC":"010","NMUN":"Castelló de la Plana"}},
{"type":"Feature","geometry":{"type":"Polygon","coordinates":[[[-0.04662,39.98519],[-0.04843,39.98539],[-0.04923,39.98411],[-0.04831,39.98382],[-0.04591,39.98311],[-0.04348,39.98236],[-0.04324,39.98229],[-0.04358,39.9844],[-0.04358,39.9849],[-0.04662,39.98519]]]},"properties":{"CUSEC":"1204005011","CMUN":"040","CDIS":"05","CSEC":"011","NMUN":"Castelló de la Plana"}},
{"type":"Feature","geometry":{"type":"Polygon","coordinates":[[[-0.04843,39.98539],[-0.05354,39.98593],[-0.05679,39.98317],[-0.05885,39.98143],[-0.05783,39.98002],[-0.05489,39.97949],[-0.05044,39.98447],[-0.04923,39.98411],[-0.04843,39.98539]]]},"properties":{"CUSEC":"1204005012","CMUN":"040","CDIS":"05","CSEC":"012","NMUN":"Castelló de la Plana"}},
{"type":"Feature","geometry":{"type":"Polygon","coordinates":[[[-0.04586,39.98652],[-0.04743,39.98696],[-0.04843,39.98539],[-0.04662,39.98519],[-0.04586,39.98652]]]},"properties":{"CUSEC":"1204005013","CMUN":"040","CDIS":"05","CSEC":"013","NMUN":"Castelló de la Plana"}},
{"type":"Feature","geometry":{"type":"Polygon","coordinates":[[[-0.08949,39.98515],[-0.08279,39.98351],[-0.07846,39.98288],[-0.07457,39.98164],[-0.07605,39.97986],[-0.07217,39.9785],[-0.07047,39.98034],[-0.06656,39.98438],[-0.06935,39.98471],[-0.07553,39.98628],[-0.07983,39.98763],[-0.0763,39.99102],[-0.07937,39.9917],[-0.08195,39.99127],[-0.08961,39.99409],[-0.08983,39.99227],[-0.08876,39.987],[-0.08949,39.98515]]]},"properties":{"CUSEC":"1204005014","CMUN":"040","CDIS":"05","CSEC":"014","NMUN":"Castelló de la Plana"}},
{"type":"Feature","geometry":{"type":"Polygon","coordinates":[[[-0.05679,39.98317],[-0.06516,39.98572],[-0.06656,39.98438],[-0.07047,39.98034],[-0.06595,39.97937],[-0.06344,39.98226],[-0.06156,39.98255],[-0.05885,39.98143],[-0.05679,39.98317]]]},"properties":{"CUSEC":"1204005015","CMUN":"040","CDIS":"05","CSEC":"015","NMUN":"Castelló de la Plana"}},
{"type":"Feature","geometry":{"type":"Polygon","coordinates":[[[-0.04324,39.98229],[-0.04348,39.98236],[-0.04437,39.98084],[-0.04495,39.97982],[-0.04364,39.97936],[-0.04172,39.9805],[-0.04088,39.9815],[-0.04324,39.98229]]]},"properties":{"CUSEC":"1204006001","CMUN":"040","CDIS":"06","CSEC":"001","NMUN":"Castelló de la Plana"}},
{"type":"Feature","geometry":{"type":"Polygon","coordinates":[[[-0.04348,39.98236],[-0.04591,39.98311],[-0.04673,39.98171],[-0.04437,39.98084],[-0.04348,39.98236]]]},"properties":{"CUSEC":"1204006002","CMUN":"040","CDIS":"06","CSEC":"002","NMUN":"Castelló de la Plana"}},
{"type":"Feature","geometry":{"type":"Polygon","coordinates":[[[-0.04673,39.98171],[-0.04758,39.98202],[-0.04822,39.98097],[-0.04732,39.98065],[-0.04495,39.97982],[-0.04437,39.98084],[-0.04673,39.98171]]]},"properties":{"CUSEC":"1204006003","CMUN":"040","CDIS":"06","CSEC":"003","NMUN":"Castelló de la Plana"}},
{"type":"Feature","geometry":{"type":"Polygon","coordinates":[[[-0.04822,39.98097],[-0.04896,39.98117],[-0.04984,39.97962],[-0.05158,39.97861],[-0.04998,39.97804],[-0.04918,39.97932],[-0.04732,39.98065],[-0.04822,39.98097]]]},"properties":{"CUSEC":"1204006004","CMUN":"040","CDIS":"06","CSEC":"004","NMUN":"Castelló de la Plana"}},
{"type":"Feature","geometry":{"type":"Polygon","coordinates":[[[-0.07047,39.98034],[-0.07217,39.9785],[-0.07605,39.97986],[-0.07457,39.98164],[-0.07846,39.98288],[-0.08279,39.98351],[-0.08949,39.98515],[-0.0913,39.98177],[-0.09235,39.97803],[-0.09194,39.97518],[-0.08537,39.97183],[-0.0825,39.96965],[-0.07058,39.96],[-0.05975,39.96773],[-0.06299,39.96863],[-0.05676,39.97522],[-0.05611,39.97595],[-0.05329,39.97448],[-0.05254,39.97601],[-0.05198,39.97704],[-0.05426,39.97789],[-0.05306,39.97914],[-0.05305,39.97916],[-0.05489,39.97949],[-0.05783,39.98002],[-0.05885,39.98143],[-0.06156,39.98255],[-0.06344,39.98226],[-0.06595,39.97937],[-0.07047,39.98034]]]},"properties":{"CUSEC":"1204006005","CMUN":"040","CDIS":"06","CSEC":"005","NMUN":"Castelló de la Plana"}},
{"type":"Feature","geometry":{"type":"Polygon","coordinates":[[[-0.04923,39.98411],[-0.05044,39.98447],[-0.05489,39.97949],[-0.05305,39.97916],[-0.05043,39.98169],[-0.04896,39.98117],[-0.04822,39.98097],[-0.04758,39.98202],[-0.04831,39.98382],[-0.04923,39.98411]]]},"properties":{"CUSEC":"1204006006","CMUN":"040","CDIS":"06","CSEC":"006","NMUN":"Castelló de la Plana"}},
{"type":"Feature","geometry":{"type":"Polygon","coordinates":[[[-0.04495,39.97982],[-0.04732,39.98065],[-0.04918,39.97932],[-0.04538,39.97806],[-0.04365,39.97935],[-0.04364,39.97936],[-0.04495,39.97982]]]},"properties":{"CUSEC":"1204006007","CMUN":"040","CDIS":"06","CSEC":"007","NMUN":"Castelló de la Plana"}},
{"type":"Feature","geometry":{"type":"Polygon","coordinates":[[[-0.05158,39.97861],[-0.05306,39.97914],[-0.05426,39.97789],[-0.05198,39.97704],[-0.05083,39.97664],[-0.04993,39.97802],[-0.04998,39.97804],[-0.05158,39.97861]]]},"properties":{"CUSEC":"1204006008","CMUN":"040","CDIS":"06","CSEC":"008","NMUN":"Castelló de la Plana"}},
{"type":"Feature","geometry":{"type":"Polygon","coordinates":[[[-0.05034,39.97213],[-0.05134,39.97379],[-0.05233,39.97308],[-0.05975,39.96773],[-0.07058,39.96],[-0.06959,39.95921],[-0.06147,39.95587],[-0.05836,39.9557],[-0.05702,39.95553],[-0.05418,39.95488],[-0.05175,39.95632],[-0.05071,39.95844],[-0.04902,39.96002],[-0.04755,39.96386],[-0.0471,39.96624],[-0.04761,39.96914],[-0.05128,39.97009],[-0.05002,39.97198],[-0.05034,39.97213]]]},"properties":{"CUSEC":"1204006009","CMUN":"040","CDIS":"06","CSEC":"009","NMUN":"Castelló de la Plana"}},
{"type":"Feature","geometry":{"type":"Polygon","coordinates":[[[-0.04591,39.98311],[-0.04831,39.98382],[-0.04758,39.98202],[-0.04673,39.98171],[-0.04591,39.98311]]]},"properties":{"CUSEC":"1204006010","CMUN":"040","CDIS":"06","CSEC":"010","NMUN":"Castelló de la Plana"}},
{"type":"Feature","geometry":{"type":"Polygon","coordinates":[[[-0.05083,39.97664],[-0.05198,39.97704],[-0.05254,39.97601],[-0.04961,39.97504],[-0.04851,39.97582],[-0.05083,39.97664]]]},"properties":{"CUSEC":"1204006011","CMUN":"040","CDIS":"06","CSEC":"011","NMUN":"Castelló de la Plana"}},
{"type":"Feature","geometry":{"type":"Polygon","coordinates":[[[-0.04538,39.97806],[-0.04918,39.97932],[-0.04998,39.97804],[-0.04993,39.97802],[-0.04712,39.97681],[-0.04541,39.97803],[-0.04538,39.97806]]]},"properties":{"CUSEC":"1204006012","CMUN":"040","CDIS":"06","CSEC":"012","NMUN":"Castelló de la Plana"}},
{"type":"Feature","geometry":{"type":"Polygon","coordinates":[[[-0.05975,39.96773],[-0.05233,39.97308],[-0.05676,39.97522],[-0.06299,39.96863],[-0.05975,39.96773]]]},"properties":{"CUSEC":"1204006013","CMUN":"040","CDIS":"06","CSEC":"013","NMUN":"Castelló de la Plana"}},
{"type":"Feature","geometry":{"type":"Polygon","coordinates":[[[-0.04896,39.98117],[-0.05043,39.98169],[-0.05305,39.97916],[-0.05306,39.97914],[-0.05158,39.97861],[-0.04984,39.97962],[-0.04896,39.98117]]]},"properties":{"CUSEC":"1204006014","CMUN":"040","CDIS":"06","CSEC":"014","NMUN":"Castelló de la Plana"}},
{"type":"Feature","geometry":{"type":"Polygon","coordinates":[[[-0.04961,39.97504],[-0.05254,39.97601],[-0.05329,39.97448],[-0.05126,39.97385],[-0.04961,39.97504]]]},"properties":{"CUSEC":"1204006015","CMUN":"040","CDIS":"06","CSEC":"015","NMUN":"Castelló de la Plana"}},
{"type":"Feature","geometry":{"type":"Polygon","coordinates":[[[-0.04712,39.97681],[-0.04993,39.97802],[-0.05083,39.97664],[-0.04851,39.97582],[-0.04849,39.97584],[-0.04712,39.97681]]]},"properties":{"CUSEC":"1204006016","CMUN":"040","CDIS":"06","CSEC":"016","NMUN":"Castelló de la Plana"}},
{"type":"Feature","geometry":{"type":"Polygon","coordinates":[[[-0.05233,39.97308],[-0.05134,39.97379],[-0.05126,39.97385],[-0.05329,39.97448],[-0.05611,39.97595],[-0.05676,39.97522],[-0.05233,39.97308]]]},"properties":{"CUSEC":"1204006017","CMUN":"040","CDIS":"06","CSEC":"017","NMUN":"Castelló de la Plana"}},
{"type":"Feature","geometry":{"type":"Polygon","coordinates":[[[-0.03094,39.98906],[-0.03209,39.99022],[-0.03417,39.989],[-0.03417,39.98875],[-0.0313,39.98828],[-0.03094,39.98906]]]},"properties":{"CUSEC":"1204007001","CMUN":"040","CDIS":"07","CSEC":"001","NMUN":"Castelló de la Plana"}},
{"type":"Feature","geometry":{"type":"Polygon","coordinates":[[[-0.03378,39.9918],[-0.03505,39.99163],[-0.03633,39.99148],[-0.03657,39.99042],[-0.03718,39.98881],[-0.03722,39.98868],[-0.03468,39.98825],[-0.03417,39.98875],[-0.03417,39.989],[-0.03378,39.9918]]]},"properties":{"CUSEC":"1204007003","CMUN":"040","CDIS":"07","CSEC":"003","NMUN":"Castelló de la Plana"}},
{"type":"Feature","geometry":{"type":"Polygon","coordinates":[[[-0.03546,39.99385],[-0.0369,39.99384],[-0.03633,39.99148],[-0.03505,39.99163],[-0.03546,39.99385]]]},"properties":{"CUSEC":"1204007004","CMUN":"040","CDIS":"07","CSEC":"004","NMUN":"Castelló de la Plana"}},
{"type":"Feature","geometry":{"type":"Polygon","coordinates":[[[-0.0369,39.99384],[-0.03741,39.99552],[-0.03786,39.99443],[-0.03925,39.99169],[-0.03967,39.99108],[-0.03657,39.99042],[-0.03633,39.99148],[-0.0369,39.99384]]]},"properties":{"CUSEC":"1204007007","CMUN":"040","CDIS":"07","CSEC":"007","NMUN":"Castelló de la Plana"}},
{"type":"Feature","geometry":{"type":"Polygon","coordinates":[[[-0.03657,39.99042],[-0.03967,39.99108],[-0.04061,39.98975],[-0.03874,39.98918],[-0.03718,39.98881],[-0.03657,39.99042]]]},"properties":{"CUSEC":"1204007008","CMUN":"040","CDIS":"07","CSEC":"008","NMUN":"Castelló de la Plana"}},
{"type":"Feature","geometry":{"type":"Polygon","coordinates":[[[-0.03322,39.99364],[-0.03545,39.99385],[-0.03546,39.99385],[-0.03505,39.99163],[-0.03378,39.9918],[-0.03322,39.99364]]]},"properties":{"CUSEC":"1204007009","CMUN":"040","CDIS":"07","CSEC":"009","NMUN":"Castelló de la Plana"}},
{"type":"Feature","geometry":{"type":"Polygon","coordinates":[[[0.01331,40.03117],[0.01058,40.03841],[0.00952,40.04315],[0.00662,40.04858],[0.0041,40.05167],[0.00013,40.05894],[-0.0033,40.06441],[-0.0043,40.06406],[-0.00991,40.05655],[-0.01376,40.05222],[-0.01681,40.04803],[-0.02827,40.04483],[-0.03261,40.04333],[-0.03609,40.04167],[-0.04025,40.03871],[-0.04205,40.03342],[-0.04104,40.03028],[-0.0439,40.02814],[-0.04825,40.0275],[-0.0483,40.0254],[-0.04761,40.02182],[-0.04836,40.02059],[-0.04749,40.01438],[-0.05282,40.00958],[-0.04682,40.01049],[-0.04453,40.00685],[-0.04318,40.00343],[-0.03855,39.99766],[-0.03854,39.99765],[-0.03263,40.0001],[-0.03136,40.00108],[-0.02847,39.9999],[-0.02361,39.99512],[-0.02237,39.99341],[-0.02258,39.99118],[-0.02306,39.98926],[-0.0238,39.9873],[-0.02476,39.98441],[-0.0253,39.98262],[-0.02558,39.9816],[-0.02725,39.97869],[-0.02898,39.97575],[-0.02987,39.97449],[-0.03272,39.97557],[-0.03429,39.9728],[-0.04313,39.96908],[-0.04761,39.96914],[-0.0471,39.96624],[-0.04755,39.96386],[-0.04902,39.96002],[-0.05071,39.95844],[-0.05175,39.95632],[-0.05418,39.95488],[-0.05233,39.95315],[-0.05022,39.9529],[-0.04463,39.95066],[-0.04259,39.95038],[-0.04185,39.95148],[-0.03902,39.95068],[-0.01113,39.96172],[-0.00922,39.96632],[-0.00764,39.96592],[-0.00577,39.96917],[-0.00492,39.97274],[-0.00413,39.97394],[-0.00512,39.97566],[-0.00416,39.97787],[-0.00479,39.98162],[-0.00373,39.98787],[-0.00286,39.99091],[-0.00392,39.99142],[-0.00528,39.99364],[-0.00456,39.99431],[-0.00322,39.99682],[-0.00424,39.99988],[-0.00416,40.00214],[-0.0057,40.00242],[-0.00623,40.00878],[-0.00294,40.00913],[-0.00212,40.0132],[-0.00333,40.01692],[-0.00189,40.01722],[-0.00307,40.0193],[-0.00151,40.02293],[0.00101,40.02441],[0.01398,40.02946],[0.01331,40.03117]]]},"properties":{"CUSEC":"1204007010","CMUN":"040","CDIS":"07","CSEC":"010","NMUN":"Castelló de la Plana"}},
{"type":"Feature","geometry":{"type":"Polygon","coordinates":[[[-0.02258,39.99118],[-0.02237,39.99341],[-0.02361,39.99512],[-0.03035,39.99126],[-0.03209,39.99022],[-0.03094,39.98906],[-0.02864,39.99079],[-0.02843,39.99142],[-0.02258,39.99118]]]},"properties":{"CUSEC":"1204007011","CMUN":"040","CDIS":"07","CSEC":"011","NMUN":"Castelló de la Plana"}},
{"type":"Feature","geometry":{"type":"Polygon","coordinates":[[[-0.02258,39.99118],[-0.02843,39.99142],[-0.02864,39.99079],[-0.02799,39.99013],[-0.02306,39.98926],[-0.02258,39.99118]]]},"properties":{"CUSEC":"1204007012","CMUN":"040","CDIS":"07","CSEC":"012","NMUN":"Castelló de la Plana"}},
{"type":"Feature","geometry":{"type":"Polygon","coordinates":[[[-0.03035,39.99126],[-0.03303,39.99412],[-0.03322,39.99364],[-0.03378,39.9918],[-0.03417,39.989],[-0.03209,39.99022],[-0.03035,39.99126]]]},"properties":{"CUSEC":"1204007013","CMUN":"040","CDIS":"07","CSEC":"013","NMUN":"Castelló de la Plana"}},
{"type":"Feature","geometry":{"type":"Polygon","coordinates":[[[-0.0329,39.99651],[-0.03263,40.0001],[-0.03854,39.99765],[-0.03741,39.99552],[-0.0369,39.99384],[-0.03546,39.99385],[-0.03545,39.99385],[-0.03654,39.99666],[-0.0329,39.99651]]]},"properties":{"CUSEC":"1204007014","CMUN":"040","CDIS":"07","CSEC":"014","NMUN":"Castelló de la Plana"}},
{"type":"Feature","geometry":{"type":"Polygon","coordinates":[[[-0.0329,39.99651],[-0.03654,39.99666],[-0.03545,39.99385],[-0.03322,39.99364],[-0.03303,39.99412],[-0.0329,39.99651]]]},"properties":{"CUSEC":"1204007016","CMUN":"040","CDIS":"07","CSEC":"016","NMUN":"Castelló de la Plana"}},
{"type":"Feature","geometry":{"type":"Polygon","coordinates":[[[-0.02361,39.99512],[-0.02847,39.9999],[-0.03136,40.00108],[-0.03263,40.0001],[-0.0329,39.99651],[-0.03303,39.99412],[-0.03035,39.99126],[-0.02361,39.99512]]]},"properties":{"CUSEC":"1204007017","CMUN":"040","CDIS":"07","CSEC":"017","NMUN":"Castelló de la Plana"}},
{"type":"Feature","geometry":{"type":"Polygon","coordinates":[[[-0.02306,39.98926],[-0.02799,39.99013],[-0.02864,39.99079],[-0.03094,39.98906],[-0.0313,39.98828],[-0.02702,39.98758],[-0.0238,39.9873],[-0.02306,39.98926]]]},"properties":{"CUSEC":"1204007018","CMUN":"040","CDIS":"07","CSEC":"018","NMUN":"Castelló de la Plana"}},
{"type":"Feature","geometry":{"type":"Polygon","coordinates":[[[-0.03967,39.99108],[-0.03925,39.99169],[-0.04023,39.99168],[-0.04326,39.99165],[-0.04397,39.99165],[-0.04418,39.99138],[-0.04256,39.99057],[-0.04061,39.98975],[-0.03967,39.99108]]]},"properties":{"CUSEC":"1204008001","CMUN":"040","CDIS":"08","CSEC":"001","NMUN":"Castelló de la Plana"}},
{"type":"Feature","geometry":{"type":"Polygon","coordinates":[[[-0.03925,39.99169],[-0.03786,39.99443],[-0.04135,39.99428],[-0.04023,39.99168],[-0.03925,39.99169]]]},"properties":{"CUSEC":"1204008002","CMUN":"040","CDIS":"08","CSEC":"002","NMUN":"Castelló de la Plana"}},
{"type":"Feature","geometry":{"type":"Polygon","coordinates":[[[-0.04023,39.99168],[-0.04135,39.99428],[-0.04254,39.99422],[-0.04326,39.99165],[-0.04023,39.99168]]]},"properties":{"CUSEC":"1204008003","CMUN":"040","CDIS":"08","CSEC":"003","NMUN":"Castelló de la Plana"}},
{"type":"Feature","geometry":{"type":"Polygon","coordinates":[[[-0.04318,40.00343],[-0.04453,40.00685],[-0.04682,40.01049],[-0.05282,40.00958],[-0.04749,40.01438],[-0.04836,40.02059],[-0.04761,40.02182],[-0.0483,40.0254],[-0.04825,40.0275],[-0.05353,40.02666],[-0.05539,40.02762],[-0.05906,40.02585],[-0.06285,40.02625],[-0.07002,40.02413],[-0.06725,40.0206],[-0.06354,40.01484],[-0.06354,40.01223],[-0.06011,40.01061],[-0.05694,40.00766],[-0.05293,40.00024],[-0.04723,39.9942],[-0.04735,39.99686],[-0.04318,40.00343]]]},"properties":{"CUSEC":"1204008004","CMUN":"040","CDIS":"08","CSEC":"004","NMUN":"Castelló de la Plana"}},
{"type":"Feature","geometry":{"type":"Polygon","coordinates":[[[-0.03854,39.99765],[-0.03855,39.99766],[-0.04254,39.99422],[-0.04135,39.99428],[-0.03786,39.99443],[-0.03741,39.99552],[-0.03854,39.99765]]]},"properties":{"CUSEC":"1204008005","CMUN":"040","CDIS":"08","CSEC":"005","NMUN":"Castelló de la Plana"}},
{"type":"Feature","geometry":{"type":"Polygon","coordinates":[[[-0.03855,39.99766],[-0.04318,40.00343],[-0.04735,39.99686],[-0.04723,39.9942],[-0.04851,39.99334],[-0.04677,39.99245],[-0.04541,39.99179],[-0.04397,39.99165],[-0.04326,39.99165],[-0.04254,39.99422],[-0.03855,39.99766]]]},"properties":{"CUSEC":"1204008006","CMUN":"040","CDIS":"08","CSEC":"006","NMUN":"Castelló de la Plana"}},
{"type":"Feature","geometry":{"type":"Polygon","coordinates":[[[-0.04723,39.9942],[-0.05293,40.00024],[-0.05694,40.00766],[-0.06011,40.01061],[-0.06354,40.01223],[-0.06354,40.01484],[-0.06725,40.0206],[-0.07002,40.02413],[-0.07542,40.0235],[-0.08061,40.02019],[-0.08708,40.01575],[-0.09165,40.01358],[-0.09729,40.0122],[-0.1054,40.01087],[-0.11432,40.00976],[-0.12058,40.00946],[-0.10874,40.00459],[-0.10056,40.00063],[-0.09782,39.99848],[-0.09197,39.9948],[-0.08961,39.99409],[-0.08195,39.99127],[-0.07937,39.9917],[-0.0763,39.99102],[-0.07301,39.99034],[-0.06754,39.98862],[-0.06452,39.99268],[-0.06446,39.99276],[-0.06248,39.99549],[-0.05549,39.9926],[-0.05445,39.99135],[-0.05437,39.99137],[-0.05008,39.99217],[-0.04851,39.99334],[-0.04723,39.9942]]]},"properties":{"CUSEC":"1204008007","CMUN":"040","CDIS":"08","CSEC":"007","NMUN":"Castelló de la Plana"}},
{"type":"Feature","geometry":{"type":"Polygon","coordinates":[[[-0.05445,39.99135],[-0.05549,39.9926],[-0.06248,39.99549],[-0.06446,39.99276],[-0.05609,39.99089],[-0.05445,39.99135]]]},"properties":{"CUSEC":"1204008008","CMUN":"040","CDIS":"08","CSEC":"008","NMUN":"Castelló de la Plana"}},
{"type":"Feature","geometry":{"type":"Polygon","coordinates":[[[-0.05609,39.99089],[-0.06446,39.99276],[-0.06452,39.99268],[-0.06338,39.9889],[-0.06194,39.98853],[-0.05785,39.99043],[-0.05609,39.99089]]]},"properties":{"CUSEC":"1204008009","CMUN":"040","CDIS":"08","CSEC":"009","NMUN":"Castelló de la Plana"}},
{"type":"Feature","geometry":{"type":"Polygon","coordinates":[[[-0.06194,39.98853],[-0.06338,39.9889],[-0.06452,39.99268],[-0.06754,39.98862],[-0.06296,39.98764],[-0.0629,39.98763],[-0.06194,39.98853]]]},"properties":{"CUSEC":"1204008010","CMUN":"040","CDIS":"08","CSEC":"010","NMUN":"Castelló de la Plana"}},
{"type":"Feature","geometry":{"type":"MultiPolygon","coordinates":[[[[0.68867,39.90041],[0.68645,39.90038],[0.68398,39.89793],[0.68448,39.89684],[0.68813,39.89863],[0.68867,39.90041]]],[[[0.01306,39.97515],[0.01477,39.97645],[0.01335,39.97899],[0.01163,39.97569],[0.01306,39.97515]]]]},"properties":{"CUSEC":"1204009001","CMUN":"040","CDIS":"09","CSEC":"001","NMUN":"Castelló de la Plana"}},
{"type":"Feature","geometry":{"type":"Polygon","coordinates":[[[0.01306,39.97515],[0.01163,39.97569],[0.01094,39.97453],[0.0146,39.97327],[0.01523,39.97433],[0.01306,39.97515]]]},"properties":{"CUSEC":"1204009002","CMUN":"040","CDIS":"09","CSEC":"002","NMUN":"Castelló de la Plana"}},
{"type":"Feature","geometry":{"type":"Polygon","coordinates":[[[0.0146,39.97327],[0.01094,39.97453],[0.01076,39.97422],[0.01371,39.97183],[0.0146,39.97327]]]},"properties":{"CUSEC":"1204009003","CMUN":"040","CDIS":"09","CSEC":"003","NMUN":"Castelló de la Plana"}},
{"type":"Feature","geometry":{"type":"Polygon","coordinates":[[[0.01371,39.97183],[0.01076,39.97422],[0.00922,39.9707],[0.0108,39.97131],[0.01289,39.97056],[0.01371,39.97183]]]},"properties":{"CUSEC":"1204009004","CMUN":"040","CDIS":"09","CSEC":"004","NMUN":"Castelló de la Plana"}},
{"type":"Feature","geometry":{"type":"Polygon","coordinates":[[[0.02646,39.99389],[0.02624,39.99396],[0.01783,39.97859],[0.01539,39.97924],[0.01362,39.9797],[0.01335,39.97899],[0.01477,39.97645],[0.01603,39.97573],[0.02296,39.97281],[0.02319,39.97308],[0.02053,39.97434],[0.0215,39.97776],[0.02259,39.97835],[0.0246,39.98519],[0.02777,39.99255],[0.02722,39.99361],[0.02646,39.99389]]]},"properties":{"CUSEC":"1204009005","CMUN":"040","CDIS":"09","CSEC":"005","NMUN":"Castelló de la Plana"}},
{"type":"Feature","geometry":{"type":"Polygon","coordinates":[[[0.00922,39.9707],[0.00727,39.9705],[-0.00413,39.97394],[-0.00492,39.97274],[-0.00577,39.96917],[-0.00764,39.96592],[-0.00922,39.96632],[-0.01113,39.96172],[-0.03902,39.95068],[-0.03416,39.94962],[-0.02994,39.94779],[-0.02409,39.94629],[-0.02329,39.94743],[-0.0203,39.9468],[-0.01798,39.94752],[-0.01592,39.94905],[-0.01215,39.94795],[-0.00009,39.94358],[0.00244,39.94283],[0.00347,39.94902],[0.00492,39.95503],[0.00696,39.96016],[0.00716,39.96192],[0.00953,39.96697],[0.01099,39.96829],[0.01086,39.9689],[0.01289,39.97056],[0.0108,39.97131],[0.00922,39.9707]]]},"properties":{"CUSEC":"1204009006","CMUN":"040","CDIS":"09","CSEC":"006","NMUN":"Castelló de la Plana"}},
{"type":"Feature","geometry":{"type":"Polygon","coordinates":[[[-0.00456,39.99431],[-0.00528,39.99364],[-0.00392,39.99142],[-0.00286,39.99091],[-0.00373,39.98787],[-0.00479,39.98162],[-0.00416,39.97787],[-0.00512,39.97566],[-0.00413,39.97394],[0.00727,39.9705],[0.00922,39.9707],[0.01076,39.97422],[0.01094,39.97453],[0.01163,39.97569],[0.01335,39.97899],[0.01362,39.9797],[0.01582,39.98465],[0.01844,39.99044],[0.01554,39.99153],[0.00572,39.99267],[0.00413,39.99333],[0.00305,39.9923],[-0.00456,39.99431]]]},"properties":{"CUSEC":"1204009007","CMUN":"040","CDIS":"09","CSEC":"007","NMUN":"Castelló de la Plana"}},
{"type":"Feature","geometry":{"type":"Polygon","coordinates":[[[0.01539,39.97924],[0.01776,39.98408],[0.01582,39.98465],[0.01362,39.9797],[0.01539,39.97924]]]},"properties":{"CUSEC":"1204009009","CMUN":"040","CDIS":"09","CSEC":"009","NMUN":"Castelló de la Plana"}},
{"type":"Feature","geometry":{"type":"Polygon","coordinates":[[[0.02319,39.97308],[0.02296,39.97281],[0.01603,39.97573],[0.01477,39.97645],[0.01306,39.97515],[0.01523,39.97433],[0.0146,39.97327],[0.01371,39.97183],[0.01289,39.97056],[0.01086,39.9689],[0.01099,39.96829],[0.01188,39.96959],[0.01428,39.97041],[0.01505,39.97233],[0.01717,39.97436],[0.01992,39.97332],[0.02101,39.97139],[0.02178,39.97321],[0.02355,39.97216],[0.02649,39.96959],[0.02729,39.96837],[0.02822,39.96877],[0.02319,39.97308]]]},"properties":{"CUSEC":"1204009010","CMUN":"040","CDIS":"09","CSEC":"010","NMUN":"Castelló de la Plana"}},
{"type":"Feature","geometry":{"type":"Polygon","coordinates":[[[0.03181,40.00208],[0.02217,40.00348],[0.01361,40.00763],[0.00949,40.00823],[-0.00294,40.00913],[-0.00623,40.00878],[-0.0057,40.00242],[-0.00416,40.00214],[-0.00424,39.99988],[-0.00322,39.99682],[-0.00456,39.99431],[0.00305,39.9923],[0.00413,39.99333],[0.00572,39.99267],[0.01554,39.99153],[0.01844,39.99044],[0.0212,39.99638],[0.02236,39.99516],[0.02646,39.99389],[0.02722,39.99361],[0.02814,39.99604],[0.03181,40.00208]]]},"properties":{"CUSEC":"1204009011","CMUN":"040","CDIS":"09","CSEC":"011","NMUN":"Castelló de la Plana"}},
{"type":"Feature","geometry":{"type":"Polygon","coordinates":[[[0.03181,40.00208],[0.03557,40.012],[0.03948,40.01538],[0.03695,40.0163],[0.01581,40.02533],[0.01398,40.02946],[0.00101,40.02441],[-0.00151,40.02293],[-0.00307,40.0193],[-0.00189,40.01722],[-0.00333,40.01692],[-0.00212,40.0132],[-0.00294,40.00913],[0.00949,40.00823],[0.01361,40.00763],[0.02217,40.00348],[0.03181,40.00208]]]},"properties":{"CUSEC":"1204009012","CMUN":"040","CDIS":"09","CSEC":"012","NMUN":"Castelló de la Plana"}},
{"type":"Feature","geometry":{"type":"Polygon","coordinates":[[[0.01539,39.97924],[0.01783,39.97859],[0.02624,39.99396],[0.02646,39.99389],[0.02236,39.99516],[0.0212,39.99638],[0.01844,39.99044],[0.01582,39.98465],[0.01776,39.98408],[0.01539,39.97924]]]},"properties":{"CUSEC":"1204009013","CMUN":"040","CDIS":"09","CSEC":"013","NMUN":"Castelló de la Plana"}},
{"type":"Feature","geometry":{"type":"Polygon","coordinates":[[[-0.32546,40.1169],[-0.32797,40.12153],[-0.32902,40.12624],[-0.33066,40.12856],[-0.33423,40.13046],[-0.33652,40.13211],[-0.33834,40.1354],[-0.3401,40.13678],[-0.34491,40.1382],[-0.35009,40.14179],[-0.35068,40.1426],[-0.35748,40.14357],[-0.36105,40.14571],[-0.36152,40.14714],[-0.36124,40.15092],[-0.3602,40.15566],[-0.36074,40.1639],[-0.36038,40.16649],[-0.36176,40.16841],[-0.36163,40.17096],[-0.36254,40.17355],[-0.36116,40.17597],[-0.35851,40.17804],[-0.34919,40.17936],[-0.34885,40.18047],[-0.34691,40.18158],[-0.34611,40.18291],[-0.34008,40.18359],[-0.33613,40.18592],[-0.33102,40.18493],[-0.3292,40.18666],[-0.32807,40.18675],[-0.32213,40.18995],[-0.32117,40.19133],[-0.3225,40.19736],[-0.32184,40.19984],[-0.32042,40.2015],[-0.31984,40.20377],[-0.32074,40.20563],[-0.32114,40.2091],[-0.33819,40.22051],[-0.33961,40.21322],[-0.34282,40.20227],[-0.34326,40.19965],[-0.34614,40.19816],[-0.34683,40.19574],[-0.34924,40.19188],[-0.35,40.18888],[-0.34985,40.18685],[-0.35253,40.18581],[-0.35595,40.18386],[-0.35868,40.18177],[-0.36214,40.18066],[-0.36446,40.17887],[-0.36455,40.17788],[-0.36888,40.17575],[-0.36942,40.17347],[-0.37167,40.17073],[-0.37046,40.16919],[-0.37099,40.16807],[-0.37319,40.16678],[-0.37515,40.16461],[-0.37766,40.16385],[-0.38098,40.16373],[-0.38507,40.16128],[-0.38937,40.16119],[-0.39428,40.16173],[-0.39848,40.16293],[-0.40153,40.15782],[-0.39855,40.15648],[-0.39826,40.15205],[-0.39741,40.14864],[-0.39516,40.1464],[-0.3938,40.14427],[-0.39447,40.14189],[-0.39859,40.14271],[-0.40086,40.14192],[-0.40511,40.13761],[-0.40401,40.1364],[-0.40531,40.13402],[-0.40403,40.13283],[-0.40274,40.13026],[-0.40357,40.1294],[-0.40415,40.1255],[-0.4039,40.12304],[-0.40532,40.12163],[-0.40705,40.12116],[-0.41193,40.12221],[-0.41395,40.12131],[-0.41576,40.11963],[-0.41521,40.11822],[-0.41624,40.11621],[-0.42018,40.1144],[-0.42319,40.11218],[-0.42387,40.11108],[-0.4227,40.10932],[-0.41813,40.10785],[-0.41481,40.10745],[-0.41071,40.10456],[-0.40898,40.10433],[-0.40777,40.1026],[-0.40564,40.10129],[-0.40472,40.10592],[-0.40263,40.1091],[-0.39793,40.11074],[-0.39142,40.11191],[-0.3885,40.11311],[-0.3875,40.11273],[-0.38259,40.1139],[-0.37666,40.11298],[-0.37575,40.11389],[-0.37019,40.11536],[-0.36603,40.11559],[-0.36427,40.11527],[-0.36053,40.11569],[-0.35846,40.11471],[-0.35871,40.11358],[-0.35824,40.10735],[-0.34186,40.1119],[-0.33156,40.11526],[-0.32546,40.1169]]]},"properties":{"CUSEC":"1204101001","CMUN":"041","CDIS":"01","CSEC":"001","NMUN":"Castillo de Villamalefa"}},
{"type":"Feature","geometry":{"type":"Polygon","coordinates":[[[0.09163,40.48107],[0.08911,40.48452],[0.08896,40.48645],[0.08753,40.48799],[0.08683,40.49057],[0.08711,40.49207],[0.08484,40.49572],[0.08336,40.49655],[0.0819,40.50162],[0.07969,40.5028],[0.08138,40.50776],[0.08429,40.51185],[0.08579,40.51492],[0.08771,40.51574],[0.08979,40.51761],[0.09105,40.5196],[0.0919,40.5224],[0.092,40.52486],[0.09374,40.52558],[0.0925,40.52796],[0.09258,40.52967],[0.09391,40.53287],[0.09563,40.53493],[0.09571,40.53614],[0.09875,40.53726],[0.09807,40.53995],[0.0984,40.5412],[0.09721,40.5456],[0.095,40.54742],[0.08802,40.54836],[0.08636,40.54939],[0.08311,40.54855],[0.08121,40.54778],[0.0792,40.54378],[0.07606,40.54201],[0.07262,40.53763],[0.07262,40.53585],[0.07082,40.53402],[0.06668,40.53264],[0.06405,40.53015],[0.06071,40.52965],[0.06035,40.53211],[0.05169,40.53272],[0.04177,40.53186],[0.03678,40.53302],[0.03583,40.53363],[0.02999,40.53125],[0.02046,40.53132],[0.01791,40.53285],[0.01559,40.53345],[0.01044,40.53211],[0.00761,40.533],[0.00443,40.53165],[0.00538,40.52996],[0.00781,40.52936],[0.0092,40.52813],[0.00646,40.52427],[0.00505,40.5197],[0.00353,40.51733],[0.00412,40.5162],[0.00031,40.51397],[-0.00337,40.51422],[-0.00496,40.51167],[-0.00476,40.51025],[-0.0081,40.51116],[-0.00997,40.50007],[-0.01576,40.49248],[-0.01713,40.48868],[-0.01872,40.48545],[-0.0202,40.48443],[-0.02277,40.48387],[-0.02806,40.47758],[-0.02867,40.47478],[-0.0302,40.47217],[-0.02888,40.47008],[-0.03016,40.46774],[-0.03318,40.46533],[-0.03408,40.46134],[-0.03683,40.45685],[-0.04023,40.45498],[-0.04122,40.45264],[-0.03948,40.44775],[-0.03886,40.44416],[-0.03946,40.44148],[-0.03684,40.43174],[-0.04045,40.43107],[-0.03933,40.42764],[-0.04019,40.42617],[-0.04049,40.42314],[-0.03932,40.42106],[-0.03859,40.41675],[-0.03913,40.41452],[-0.04288,40.41374],[-0.04122,40.40841],[-0.04133,40.40624],[-0.04043,40.40569],[-0.03965,40.40315],[-0.0412,40.40098],[-0.04004,40.39763],[-0.04094,40.39546],[-0.04285,40.39309],[-0.04764,40.38932],[-0.04822,40.38813],[-0.05115,40.38535],[-0.0541,40.38408],[-0.05558,40.38061],[-0.05386,40.37831],[-0.05136,40.37227],[-0.04971,40.37014],[-0.04597,40.36913],[-0.04522,40.36689],[-0.03756,40.38499],[-0.02086,40.39406],[-0.01852,40.39549],[-0.00734,40.40801],[0.0029,40.42418],[0.00488,40.42757],[0.01412,40.44102],[0.02077,40.4444],[0.03161,40.44693],[0.03421,40.44925],[0.03588,40.44966],[0.04037,40.44852],[0.04314,40.45064],[0.04382,40.45205],[0.04722,40.45465],[0.04983,40.46119],[0.05456,40.46589],[0.0581,40.46497],[0.06546,40.46801],[0.06792,40.46831],[0.07152,40.46756],[0.07393,40.46869],[0.07846,40.46862],[0.08081,40.47273],[0.08398,40.47541],[0.08501,40.47742],[0.09006,40.47992],[0.09163,40.48107]]]},"properties":{"CUSEC":"1204201001","CMUN":"042","CDIS":"01","CSEC":"001","NMUN":"Catí"}},
{"type":"Feature","geometry":{"type":"Polygon","coordinates":[[[-0.62051,40.04585],[-0.63085,40.04804],[-0.64575,40.04983],[-0.6546,40.05042],[-0.66411,40.05144],[-0.67157,40.04883],[-0.67988,40.04568],[-0.67562,40.04468],[-0.67352,40.0437],[-0.66803,40.04251],[-0.65994,40.04443],[-0.65568,40.04431],[-0.65238,40.04283],[-0.65004,40.03972],[-0.64974,40.03844],[-0.64411,40.037],[-0.64153,40.03533],[-0.63854,40.03491],[-0.63721,40.03571],[-0.63277,40.03493],[-0.63076,40.03284],[-0.62793,40.03293],[-0.61879,40.03155],[-0.61897,40.02827],[-0.6212,40.0218],[-0.61766,40.02049],[-0.61641,40.01749],[-0.6055,40.00926],[-0.6031,40.00867],[-0.60207,40.00672],[-0.60013,40.00552],[-0.59723,39.99896],[-0.59776,39.99729],[-0.59716,39.99378],[-0.59883,39.99126],[-0.59864,39.98894],[-0.60006,39.98858],[-0.60166,39.9842],[-0.59522,39.97609],[-0.59552,39.97351],[-0.5985,39.97118],[-0.60203,39.96707],[-0.60243,39.96598],[-0.60201,39.96062],[-0.60057,39.95785],[-0.59719,39.95577],[-0.59379,39.95519],[-0.58854,39.95338],[-0.58766,39.95274],[-0.5852,39.94829],[-0.58157,39.94661],[-0.57887,39.94637],[-0.57768,39.94526],[-0.57751,39.94326],[-0.57537,39.94282],[-0.57454,39.94103],[-0.57116,39.93899],[-0.56862,39.93826],[-0.56399,39.93539],[-0.56364,39.93325],[-0.56106,39.9316],[-0.56003,39.93231],[-0.55606,39.93331],[-0.5531,39.93307],[-0.5371,39.94457],[-0.52524,39.94971],[-0.51979,39.95107],[-0.51859,39.95337],[-0.51582,39.95832],[-0.5125,39.96354],[-0.50971,39.96585],[-0.51847,39.97088],[-0.51914,39.97498],[-0.5187,39.97812],[-0.52151,39.98065],[-0.52242,39.98221],[-0.52612,39.98464],[-0.5293,39.99248],[-0.5334,40.00051],[-0.52643,40.00943],[-0.53674,40.01273],[-0.54772,40.01128],[-0.55412,40.01224],[-0.55512,40.01278],[-0.5703,40.01377],[-0.57206,40.01287],[-0.57446,40.0136],[-0.57877,40.014],[-0.58044,40.01364],[-0.5821,40.01458],[-0.58127,40.02082],[-0.58527,40.0244],[-0.59897,40.02624],[-0.60243,40.02886],[-0.60972,40.03785],[-0.61324,40.03737],[-0.6184,40.04521],[-0.62051,40.04585]]]},"properties":{"CUSEC":"1204301001","CMUN":"043","CDIS":"01","CSEC":"001","NMUN":"Caudiel"}},
{"type":"Feature","geometry":{"type":"Polygon","coordinates":[[[0.30699,40.49582],[0.30044,40.49803],[0.29314,40.49978],[0.28762,40.49674],[0.28417,40.49214],[0.27997,40.48987],[0.271,40.4895],[0.26833,40.48644],[0.26433,40.48499],[0.24966,40.4877],[0.2481,40.47772],[0.23374,40.48006],[0.22886,40.47326],[0.22772,40.46719],[0.2266,40.46457],[0.22389,40.44945],[0.22152,40.44195],[0.22097,40.43344],[0.21983,40.42811],[0.21152,40.42112],[0.21565,40.41595],[0.21836,40.41628],[0.21993,40.41543],[0.22115,40.41312],[0.22362,40.41333],[0.22952,40.41168],[0.2319,40.40915],[0.2346,40.40734],[0.23944,40.40673],[0.24268,40.40573],[0.24605,40.40404],[0.24865,40.40373],[0.2514,40.40415],[0.25434,40.40344],[0.25754,40.4033],[0.26211,40.40194],[0.26759,40.39857],[0.26955,40.39861],[0.27053,40.39987],[0.27371,40.40004],[0.27805,40.39868],[0.28065,40.39675],[0.28239,40.39487],[0.28658,40.39617],[0.28977,40.39618],[0.29389,40.39727],[0.29927,40.39758],[0.30427,40.39338],[0.31014,40.39273],[0.31248,40.39342],[0.3182,40.39606],[0.32935,40.40147],[0.33816,40.40763],[0.33998,40.41314],[0.34037,40.41708],[0.34575,40.42138],[0.3391,40.43063],[0.32949,40.43735],[0.33288,40.44248],[0.33326,40.44608],[0.33421,40.44824],[0.33212,40.4537],[0.33517,40.4555],[0.3374,40.46552],[0.33172,40.47537],[0.3279,40.48626],[0.3207,40.49094],[0.3144,40.49346],[0.30699,40.49582]]]},"properties":{"CUSEC":"1204401001","CMUN":"044","CDIS":"01","CSEC":"001","NMUN":"Cervera del Maestre"}},
{"type":"Feature","geometry":{"type":"Polygon","coordinates":[[[-0.21524,40.61436],[-0.21664,40.61556],[-0.21915,40.61594],[-0.22441,40.61563],[-0.22282,40.61364],[-0.22498,40.61299],[-0.22762,40.61035],[-0.23062,40.60851],[-0.23484,40.60779],[-0.23792,40.60777],[-0.24237,40.60617],[-0.24305,40.60518],[-0.24309,40.60264],[-0.24466,40.59947],[-0.24637,40.59829],[-0.25128,40.60262],[-0.252,40.60398],[-0.25495,40.60546],[-0.25875,40.60641],[-0.25978,40.6049],[-0.26229,40.60367],[-0.26144,40.60072],[-0.25956,40.60019],[-0.25398,40.59764],[-0.24822,40.59238],[-0.24813,40.58614],[-0.2499,40.58343],[-0.25336,40.58017],[-0.25366,40.57845],[-0.25129,40.57274],[-0.25113,40.56607],[-0.24934,40.56207],[-0.24707,40.56026],[-0.24098,40.55626],[-0.22925,40.54953],[-0.22696,40.54951],[-0.22827,40.54519],[-0.23013,40.54521],[-0.23265,40.54354],[-0.23356,40.54573],[-0.23571,40.54612],[-0.23653,40.54485],[-0.23663,40.54168],[-0.23508,40.5405],[-0.23664,40.53828],[-0.23055,40.5381],[-0.22594,40.53822],[-0.21629,40.5369],[-0.2133,40.5379],[-0.21366,40.5397],[-0.2123,40.54176],[-0.20857,40.543],[-0.20404,40.54498],[-0.20358,40.54665],[-0.20206,40.54839],[-0.1996,40.54867],[-0.19873,40.55009],[-0.19926,40.55163],[-0.19561,40.55186],[-0.19417,40.55315],[-0.19242,40.55353],[-0.18894,40.55259],[-0.18872,40.55075],[-0.18662,40.5502],[-0.18566,40.55162],[-0.18711,40.55262],[-0.18549,40.55493],[-0.1859,40.56001],[-0.18805,40.56211],[-0.1883,40.56426],[-0.18647,40.56623],[-0.18616,40.56775],[-0.18704,40.57181],[-0.18626,40.57363],[-0.18253,40.57881],[-0.182,40.58192],[-0.18674,40.58528],[-0.18884,40.5885],[-0.18835,40.59369],[-0.18693,40.59764],[-0.1875,40.59884],[-0.18992,40.59843],[-0.19363,40.59874],[-0.19702,40.59192],[-0.20088,40.59349],[-0.20259,40.59504],[-0.2048,40.59611],[-0.20735,40.59837],[-0.20752,40.60319],[-0.21576,40.61283],[-0.21524,40.61436]]]},"properties":{"CUSEC":"1204501001","CMUN":"045","CDIS":"01","CSEC":"001","NMUN":"Cinctorres"}},
{"type":"Feature","geometry":{"type":"Polygon","coordinates":[[[-0.40347,40.07469],[-0.40361,40.07638],[-0.40582,40.08547],[-0.42253,40.08482],[-0.44166,40.08643],[-0.44718,40.0873],[-0.4521,40.08747],[-0.45654,40.08798],[-0.45595,40.0861],[-0.45646,40.08454],[-0.46101,40.0796],[-0.4611,40.07331],[-0.47193,40.06692],[-0.47569,40.06385],[-0.47847,40.06315],[-0.48362,40.05868],[-0.48826,40.05648],[-0.49223,40.0526],[-0.4995,40.04932],[-0.50081,40.04308],[-0.50468,40.04215],[-0.50551,40.03761],[-0.50389,40.03306],[-0.50652,40.03034],[-0.50105,40.02676],[-0.49044,40.02258],[-0.48837,40.0232],[-0.48352,40.01545],[-0.4827,40.01229],[-0.48405,40.00902],[-0.4822,40.00899],[-0.47848,40.00733],[-0.47517,40.00667],[-0.47382,40.00717],[-0.468,40.00745],[-0.46635,40.00917],[-0.46557,40.01203],[-0.45686,40.0212],[-0.45557,40.02353],[-0.45129,40.0284],[-0.44763,40.03081],[-0.4467,40.03162],[-0.43274,40.03775],[-0.43226,40.03887],[-0.42888,40.04386],[-0.42326,40.04711],[-0.41816,40.05156],[-0.41385,40.06046],[-0.40583,40.0722],[-0.40347,40.07469]]]},"properties":{"CUSEC":"1204601001","CMUN":"046","CDIS":"01","CSEC":"001","NMUN":"Cirat"}},
{"type":"Feature","geometry":{"type":"Polygon","coordinates":[[[-0.57216,40.18147],[-0.57085,40.18069],[-0.57127,40.17585],[-0.57291,40.17299],[-0.57397,40.17296],[-0.57329,40.16884],[-0.57126,40.16683],[-0.57085,40.16431],[-0.56965,40.16285],[-0.57073,40.16037],[-0.56896,40.15859],[-0.57085,40.15519],[-0.57332,40.15444],[-0.57548,40.15165],[-0.57466,40.14902],[-0.57558,40.1482],[-0.57896,40.14789],[-0.57988,40.14496],[-0.58008,40.14163],[-0.57965,40.13883],[-0.58013,40.13723],[-0.57971,40.13636],[-0.5709,40.13278],[-0.56366,40.12802],[-0.5569,40.12638],[-0.55231,40.12457],[-0.54526,40.12233],[-0.54453,40.12272],[-0.54125,40.12192],[-0.54015,40.12108],[-0.53797,40.12106],[-0.53416,40.12252],[-0.53272,40.12409],[-0.52916,40.12616],[-0.5275,40.12625],[-0.52469,40.12525],[-0.52289,40.12527],[-0.52085,40.12213],[-0.51685,40.11828],[-0.5142,40.11322],[-0.51225,40.11229],[-0.51312,40.11042],[-0.50943,40.1099],[-0.50708,40.1079],[-0.50634,40.10609],[-0.5045,40.1042],[-0.50029,40.10766],[-0.49325,40.11691],[-0.48863,40.12329],[-0.48288,40.13249],[-0.48524,40.13978],[-0.49139,40.16079],[-0.48224,40.16156],[-0.48344,40.1668],[-0.48446,40.17533],[-0.48625,40.18094],[-0.48811,40.18378],[-0.48962,40.18919],[-0.4942,40.19647],[-0.49492,40.19991],[-0.50174,40.19967],[-0.50717,40.20085],[-0.50663,40.20348],[-0.5075,40.21142],[-0.51026,40.21595],[-0.51238,40.22367],[-0.5135,40.22966],[-0.51059,40.23178],[-0.52086,40.23538],[-0.5259,40.23732],[-0.53123,40.24079],[-0.53569,40.24467],[-0.54419,40.25166],[-0.5479,40.24426],[-0.55179,40.2321],[-0.55761,40.21271],[-0.55907,40.21011],[-0.55789,40.20084],[-0.56096,40.19736],[-0.56122,40.19461],[-0.56374,40.18865],[-0.57216,40.18147]]]},"properties":{"CUSEC":"1204801001","CMUN":"048","CDIS":"01","CSEC":"001","NMUN":"Cortes de Arenoso"}},
{"type":"Feature","geometry":{"type":"Polygon","coordinates":[[[-0.13013,40.12954],[-0.13348,40.1327],[-0.13436,40.13605],[-0.13364,40.13759],[-0.13145,40.13886],[-0.1321,40.14015],[-0.13594,40.14388],[-0.13849,40.1445],[-0.14005,40.14565],[-0.14146,40.14501],[-0.14525,40.14539],[-0.14778,40.14221],[-0.15012,40.14181],[-0.1506,40.14009],[-0.15334,40.14051],[-0.15448,40.14002],[-0.15967,40.1421],[-0.16105,40.14172],[-0.16504,40.14318],[-0.17004,40.14265],[-0.16998,40.14495],[-0.17092,40.14562],[-0.17678,40.14433],[-0.17904,40.14465],[-0.18561,40.14119],[-0.18988,40.13641],[-0.19322,40.13468],[-0.19221,40.13276],[-0.19387,40.13057],[-0.19343,40.12862],[-0.19454,40.12761],[-0.1903,40.12507],[-0.19256,40.122],[-0.19146,40.11623],[-0.18934,40.11083],[-0.1859,40.11036],[-0.176,40.10512],[-0.1734,40.09894],[-0.16046,40.0973],[-0.15875,40.09428],[-0.15716,40.09368],[-0.15057,40.08982],[-0.14881,40.08802],[-0.14602,40.08888],[-0.1442,40.08882],[-0.14325,40.09022],[-0.14545,40.09377],[-0.14573,40.09589],[-0.14517,40.09763],[-0.14653,40.10031],[-0.14791,40.10167],[-0.14764,40.10307],[-0.14388,40.10348],[-0.14142,40.10552],[-0.14137,40.10782],[-0.14357,40.10933],[-0.14174,40.11098],[-0.13776,40.11096],[-0.13805,40.11278],[-0.14237,40.11474],[-0.14232,40.11682],[-0.13752,40.12124],[-0.13567,40.12635],[-0.13435,40.12796],[-0.13013,40.12954]]]},"properties":{"CUSEC":"1204901001","CMUN":"049","CDIS":"01","CSEC":"001","NMUN":"Costur"}},
{"type":"Feature","geometry":{"type":"Polygon","coordinates":[[[0.16921,40.37309],[0.16896,40.37305],[0.15091,40.38212],[0.14748,40.38223],[0.14674,40.38084],[0.14349,40.38146],[0.14064,40.38111],[0.1388,40.38256],[0.13754,40.38149],[0.134,40.38334],[0.12986,40.38966],[0.12889,40.39198],[0.12684,40.39169],[0.12393,40.39232],[0.12016,40.39452],[0.12045,40.397],[0.11569,40.4026],[0.11242,40.40484],[0.11306,40.40847],[0.10679,40.41635],[0.10042,40.41786],[0.09085,40.40826],[0.08711,40.40218],[0.08704,40.3988],[0.08511,40.39561],[0.08617,40.39437],[0.08492,40.39253],[0.08398,40.38915],[0.08154,40.37523],[0.07167,40.36385],[0.05776,40.34996],[0.04938,40.34078],[0.05418,40.33865],[0.06018,40.33469],[0.06139,40.33258],[0.0603,40.33081],[0.06107,40.32295],[0.05946,40.3138],[0.05627,40.30746],[0.05843,40.30188],[0.05818,40.29856],[0.04585,40.28785],[0.03503,40.28168],[0.02742,40.27931],[0.03134,40.27584],[0.03447,40.275],[0.03556,40.27345],[0.03803,40.27304],[0.0395,40.27201],[0.0452,40.27227],[0.04823,40.27324],[0.04945,40.27205],[0.05145,40.2735],[0.05447,40.27294],[0.05768,40.2739],[0.05935,40.27565],[0.06054,40.27829],[0.06382,40.28067],[0.06691,40.28123],[0.07213,40.28108],[0.07994,40.2836],[0.08366,40.28177],[0.08471,40.28186],[0.08794,40.27963],[0.09415,40.28048],[0.09772,40.28356],[0.10043,40.28432],[0.10343,40.28355],[0.10696,40.28449],[0.10831,40.28621],[0.11298,40.28271],[0.11338,40.28151],[0.11634,40.26885],[0.12387,40.26178],[0.14327,40.24295],[0.15405,40.23614],[0.15511,40.23437],[0.15775,40.23238],[0.16007,40.23147],[0.16041,40.23147],[0.17447,40.25688],[0.17681,40.26531],[0.17566,40.27736],[0.17393,40.27883],[0.17217,40.28691],[0.17405,40.29042],[0.18004,40.29419],[0.1808,40.2992],[0.18021,40.30338],[0.17391,40.3108],[0.16588,40.32783],[0.17145,40.33342],[0.18073,40.34321],[0.18084,40.34333],[0.16491,40.35977],[0.16973,40.36777],[0.16789,40.37058],[0.16921,40.37309]]]},"properties":{"CUSEC":"1205001001","CMUN":"050","CDIS":"01","CSEC":"001","NMUN":"Coves de Vinromà, les"}},
{"type":"Feature","geometry":{"type":"Polygon","coordinates":[[[-0.03356,40.32193],[-0.03231,40.32503],[-0.03238,40.32697],[-0.03166,40.32944],[-0.02892,40.33182],[-0.02759,40.33449],[-0.02284,40.3396],[-0.02029,40.34135],[-0.01812,40.34368],[-0.01721,40.34571],[-0.01779,40.34772],[-0.01619,40.35065],[-0.01618,40.353],[-0.01857,40.35541],[-0.02626,40.36159],[-0.02859,40.3625],[-0.03893,40.34997],[-0.04472,40.34378],[-0.04494,40.33983],[-0.04651,40.33934],[-0.04843,40.33678],[-0.05056,40.33343],[-0.05878,40.32158],[-0.08578,40.29785],[-0.10485,40.31294],[-0.10554,40.32343],[-0.10547,40.32469],[-0.10231,40.32815],[-0.09789,40.33019],[-0.09217,40.33115],[-0.09107,40.33076],[-0.08571,40.33263],[-0.08363,40.33436],[-0.08654,40.33522],[-0.08762,40.33718],[-0.0893,40.33667],[-0.09263,40.33736],[-0.09094,40.3413],[-0.0901,40.34437],[-0.08772,40.34794],[-0.08718,40.35118],[-0.08812,40.3543],[-0.08823,40.35815],[-0.08881,40.35902],[-0.0912,40.35846],[-0.09405,40.35623],[-0.09739,40.35165],[-0.0995,40.35056],[-0.10305,40.35101],[-0.1074,40.35207],[-0.11234,40.3526],[-0.11748,40.35433],[-0.12547,40.35556],[-0.13824,40.35959],[-0.14431,40.36056],[-0.14667,40.36031],[-0.15396,40.35723],[-0.15455,40.35643],[-0.16074,40.35615],[-0.16331,40.35646],[-0.16759,40.35869],[-0.16886,40.35851],[-0.17621,40.36049],[-0.18116,40.36003],[-0.18152,40.36095],[-0.18846,40.3609],[-0.19151,40.35869],[-0.19556,40.36032],[-0.19724,40.35951],[-0.19722,40.35559],[-0.19958,40.35475],[-0.20033,40.35229],[-0.20006,40.35033],[-0.2032,40.35105],[-0.20448,40.35],[-0.20431,40.34773],[-0.20591,40.34743],[-0.20924,40.34503],[-0.20622,40.34402],[-0.20591,40.34515],[-0.20386,40.34609],[-0.2025,40.3441],[-0.20594,40.33944],[-0.20334,40.33917],[-0.2031,40.33778],[-0.19954,40.33844],[-0.20051,40.33607],[-0.20318,40.336],[-0.20216,40.33405],[-0.20494,40.33283],[-0.20682,40.33043],[-0.20403,40.33012],[-0.20568,40.32744],[-0.20748,40.32641],[-0.20742,40.3253],[-0.20917,40.32368],[-0.20934,40.32245],[-0.20446,40.32222],[-0.20521,40.32077],[-0.20418,40.31925],[-0.2062,40.31611],[-0.20049,40.31591],[-0.20118,40.31421],[-0.20294,40.31249],[-0.20248,40.31144],[-0.19903,40.31238],[-0.19789,40.31209],[-0.19806,40.30938],[-0.19562,40.3094],[-0.19412,40.30829],[-0.19534,40.30706],[-0.19758,40.30789],[-0.19839,40.30717],[-0.19536,40.30417],[-0.19556,40.3029],[-0.19756,40.30164],[-0.1965,40.30045],[-0.19387,40.30094],[-0.19335,40.30014],[-0.19512,40.29866],[-0.19478,40.29537],[-0.19298,40.29449],[-0.19479,40.29142],[-0.19419,40.2897],[-0.19569,40.2885],[-0.19418,40.28673],[-0.19156,40.28681],[-0.18885,40.28801],[-0.18903,40.28962],[-0.18663,40.28961],[-0.18591,40.28829],[-0.18726,40.28704],[-0.18534,40.2842],[-0.18394,40.28424],[-0.18153,40.2861],[-0.1814,40.28857],[-0.17836,40.28708],[-0.1789,40.28529],[-0.17792,40.28447],[-0.17517,40.28387],[-0.17411,40.28135],[-0.17179,40.28428],[-0.1705,40.2847],[-0.16837,40.28296],[-0.16906,40.28028],[-0.17208,40.27782],[-0.16972,40.27637],[-0.17114,40.27466],[-0.16895,40.27368],[-0.1685,40.27233],[-0.17034,40.27061],[-0.16914,40.2677],[-0.16986,40.26588],[-0.16347,40.26226],[-0.16264,40.26056],[-0.16232,40.25783],[-0.16095,40.2566],[-0.15964,40.25702],[-0.16078,40.2662],[-0.15918,40.26806],[-0.15915,40.2693],[-0.1565,40.27139],[-0.15629,40.27363],[-0.15443,40.27498],[-0.15091,40.27647],[-0.14717,40.27853],[-0.1432,40.27995],[-0.14184,40.28086],[-0.13888,40.28508],[-0.11074,40.2742],[-0.11337,40.26988],[-0.11239,40.26705],[-0.11201,40.26088],[-0.11562,40.25483],[-0.1188,40.25164],[-0.11885,40.248],[-0.11935,40.24653],[-0.1219,40.24381],[-0.12207,40.24228],[-0.1199,40.24069],[-0.11301,40.23862],[-0.11051,40.23576],[-0.11033,40.2341],[-0.1085,40.23303],[-0.10607,40.23254],[-0.10403,40.23309],[-0.10363,40.23505],[-0.10426,40.2372],[-0.10353,40.23907],[-0.10082,40.24017],[-0.0985,40.23997],[-0.09412,40.23622],[-0.09336,40.23119],[-0.09403,40.22807],[-0.09851,40.2239],[-0.09739,40.22236],[-0.0946,40.22134],[-0.08863,40.22112],[-0.0855,40.22001],[-0.08542,40.22297],[-0.08449,40.22588],[-0.08145,40.2263],[-0.08005,40.23312],[-0.07769,40.23848],[-0.07725,40.24088],[-0.07764,40.24456],[-0.07727,40.24828],[-0.07568,40.25242],[-0.07593,40.25429],[-0.07945,40.25529],[-0.08189,40.25705],[-0.08226,40.25938],[-0.08178,40.26089],[-0.07943,40.26233],[-0.07345,40.26283],[-0.07049,40.26457],[-0.0689,40.26712],[-0.06893,40.26859],[-0.07047,40.26969],[-0.07072,40.27097],[-0.06922,40.27283],[-0.06859,40.27475],[-0.06641,40.2744],[-0.06506,40.27511],[-0.06613,40.27698],[-0.06843,40.27787],[-0.06774,40.27908],[-0.06386,40.28054],[-0.0615,40.28243],[-0.0583,40.28379],[-0.05724,40.28487],[-0.0569,40.28709],[-0.0571,40.29154],[-0.05673,40.29575],[-0.0559,40.29895],[-0.05468,40.30032],[-0.05113,40.30053],[-0.04859,40.3021],[-0.04702,40.30545],[-0.04701,40.30686],[-0.04521,40.31348],[-0.04421,40.31496],[-0.04182,40.31526],[-0.03939,40.31483],[-0.03356,40.32193]]]},"properties":{"CUSEC":"1205101001","CMUN":"051","CDIS":"01","CSEC":"001","NMUN":"Culla"}},
{"type":"Feature","geometry":{"type":"Polygon","coordinates":[[[0.16319,40.57939],[0.15826,40.57821],[0.15354,40.57599],[0.1509,40.57582],[0.14764,40.57478],[0.14461,40.5749],[0.14133,40.57687],[0.13387,40.57897],[0.13098,40.58054],[0.12817,40.58059],[0.12199,40.58506],[0.11629,40.58659],[0.10806,40.58558],[0.09934,40.58293],[0.0959,40.58136],[0.09382,40.57918],[0.0877,40.57574],[0.08006,40.57308],[0.07863,40.5721],[0.0778,40.56979],[0.07842,40.56748],[0.07776,40.56589],[0.08256,40.56111],[0.08351,40.55854],[0.08499,40.55624],[0.08437,40.55367],[0.08424,40.54978],[0.08311,40.54855],[0.08636,40.54939],[0.08802,40.54836],[0.095,40.54742],[0.09721,40.5456],[0.0984,40.5412],[0.09807,40.53995],[0.09875,40.53726],[0.09571,40.53614],[0.09563,40.53493],[0.09391,40.53287],[0.09258,40.52967],[0.0925,40.52796],[0.09374,40.52558],[0.092,40.52486],[0.0919,40.5224],[0.09105,40.5196],[0.08979,40.51761],[0.08771,40.51574],[0.08579,40.51492],[0.08429,40.51185],[0.08138,40.50776],[0.07969,40.5028],[0.0819,40.50162],[0.08336,40.49655],[0.08484,40.49572],[0.08711,40.49207],[0.08683,40.49057],[0.08753,40.48799],[0.08896,40.48645],[0.08911,40.48452],[0.09163,40.48107],[0.09556,40.4809],[0.09747,40.48133],[0.09997,40.47978],[0.10453,40.481],[0.10644,40.48095],[0.10603,40.48307],[0.10964,40.4858],[0.11215,40.48681],[0.11653,40.48774],[0.11842,40.48974],[0.12287,40.48949],[0.12489,40.48995],[0.13142,40.4874],[0.13917,40.48982],[0.14583,40.49308],[0.15928,40.50008],[0.16971,40.5049],[0.17174,40.50599],[0.17625,40.50404],[0.17932,40.50207],[0.18224,40.49891],[0.18686,40.49708],[0.18999,40.49683],[0.20095,40.49786],[0.20608,40.49947],[0.20288,40.51109],[0.20107,40.51565],[0.18574,40.52675],[0.1708,40.53562],[0.18195,40.54162],[0.18584,40.55489],[0.18291,40.56444],[0.16319,40.57939]]]},"properties":{"CUSEC":"1205201001","CMUN":"052","CDIS":"01","CSEC":"001","NMUN":"Xert"}},
{"type":"Feature","geometry":{"type":"Polygon","coordinates":[[[-0.18142,39.79855],[-0.18442,39.80028],[-0.20267,39.80191],[-0.20507,39.79661],[-0.20668,39.79078],[-0.2102,39.78699],[-0.19811,39.77671],[-0.17069,39.75528],[-0.16648,39.7524],[-0.16132,39.75873],[-0.16417,39.76026],[-0.15936,39.76792],[-0.15847,39.76899],[-0.16548,39.77204],[-0.17798,39.7778],[-0.18542,39.78101],[-0.18644,39.78291],[-0.18753,39.78649],[-0.17945,39.79723],[-0.18142,39.79855]]]},"properties":{"CUSEC":"1205301001","CMUN":"053","CDIS":"01","CSEC":"001","NMUN":"Chilches/Xilxes"}},
{"type":"Feature","geometry":{"type":"Polygon","coordinates":[[[-0.16945,39.78821],[-0.17945,39.79723],[-0.18753,39.78649],[-0.18644,39.78291],[-0.18542,39.78101],[-0.17798,39.7778],[-0.16548,39.77204],[-0.15847,39.76899],[-0.15936,39.76792],[-0.16417,39.76026],[-0.16132,39.75873],[-0.15756,39.7639],[-0.15222,39.77015],[-0.155,39.77216],[-0.16074,39.77888],[-0.16945,39.78821]]]},"properties":{"CUSEC":"1205301002","CMUN":"053","CDIS":"01","CSEC":"002","NMUN":"Chilches/Xilxes"}},
{"type":"Feature","geometry":{"type":"Polygon","coordinates":[[[-0.27775,40.25998],[-0.27972,40.26123],[-0.28293,40.26472],[-0.28502,40.26538],[-0.29065,40.26616],[-0.29276,40.26721],[-0.29646,40.26821],[-0.29878,40.26825],[-0.3031,40.26736],[-0.3063,40.26603],[-0.3078,40.26639],[-0.31181,40.26552],[-0.3127,40.26329],[-0.31297,40.25776],[-0.31546,40.25544],[-0.31744,40.25497],[-0.31793,40.25051],[-0.31878,40.24867],[-0.32184,40.24888],[-0.32453,40.2482],[-0.32633,40.24576],[-0.32718,40.2431],[-0.32923,40.24017],[-0.32971,40.23736],[-0.33113,40.23545],[-0.33298,40.23436],[-0.3374,40.23609],[-0.33971,40.2351],[-0.34473,40.23478],[-0.34819,40.23188],[-0.3486,40.23101],[-0.34974,40.22271],[-0.33819,40.22051],[-0.32114,40.2091],[-0.32021,40.21012],[-0.31753,40.21131],[-0.31477,40.21119],[-0.31179,40.20959],[-0.31074,40.2097],[-0.29171,40.2052],[-0.26867,40.19666],[-0.25188,40.20348],[-0.23881,40.22386],[-0.23393,40.22322],[-0.23964,40.23361],[-0.26337,40.24859],[-0.27775,40.25998]]]},"properties":{"CUSEC":"1205501001","CMUN":"055","CDIS":"01","CSEC":"001","NMUN":"Xodos/Chodos"}},
{"type":"Feature","geometry":{"type":"Polygon","coordinates":[[[-0.33591,39.87435],[-0.34224,39.87479],[-0.34397,39.87431],[-0.34474,39.87151],[-0.34115,39.86714],[-0.34071,39.86434],[-0.34478,39.85712],[-0.3443,39.8549],[-0.345,39.85293],[-0.34413,39.85132],[-0.3455,39.8484],[-0.34772,39.84677],[-0.34987,39.84258],[-0.35093,39.83805],[-0.34906,39.83267],[-0.3466,39.83191],[-0.34506,39.83044],[-0.34118,39.82917],[-0.33819,39.82922],[-0.33257,39.8259],[-0.32964,39.82352],[-0.32742,39.82441],[-0.32382,39.82386],[-0.31866,39.82368],[-0.31629,39.82305],[-0.31279,39.8308],[-0.30247,39.84131],[-0.30006,39.85345],[-0.29229,39.8579],[-0.29339,39.86375],[-0.29454,39.8656],[-0.298,39.86702],[-0.30442,39.86825],[-0.30626,39.86735],[-0.31216,39.86821],[-0.31753,39.86531],[-0.32226,39.86564],[-0.3245,39.86692],[-0.32628,39.87079],[-0.32542,39.8722],[-0.33141,39.87384],[-0.33591,39.87435]]]},"properties":{"CUSEC":"1205601001","CMUN":"056","CDIS":"01","CSEC":"001","NMUN":"Chóvar"}},
{"type":"Feature","geometry":{"type":"Polygon","coordinates":[[[-0.28181,39.90865],[-0.291,39.9102],[-0.29209,39.90756],[-0.29732,39.90692],[-0.30075,39.90863],[-0.30373,39.90878],[-0.30563,39.90794],[-0.3072,39.90819],[-0.31011,39.90461],[-0.31076,39.90319],[-0.31338,39.90176],[-0.3171,39.90145],[-0.31983,39.90218],[-0.32155,39.90178],[-0.32381,39.89937],[-0.32731,39.89723],[-0.32762,39.89343],[-0.32857,39.89217],[-0.32965,39.88784],[-0.33086,39.88611],[-0.33696,39.88613],[-0.33799,39.88088],[-0.33638,39.87944],[-0.3379,39.8779],[-0.33591,39.87435],[-0.33141,39.87384],[-0.32542,39.8722],[-0.32628,39.87079],[-0.3245,39.86692],[-0.32226,39.86564],[-0.31753,39.86531],[-0.31216,39.86821],[-0.30626,39.86735],[-0.30442,39.86825],[-0.298,39.86702],[-0.29454,39.8656],[-0.29339,39.86375],[-0.28895,39.86483],[-0.28795,39.86681],[-0.28602,39.86859],[-0.28524,39.8707],[-0.28754,39.87231],[-0.2897,39.87493],[-0.28468,39.88277],[-0.28403,39.8833],[-0.27998,39.88666],[-0.27724,39.89031],[-0.27414,39.89602],[-0.28181,39.90865]]]},"properties":{"CUSEC":"1205701001","CMUN":"057","CDIS":"01","CSEC":"001","NMUN":"Eslida"}},
{"type":"Feature","geometry":{"type":"Polygon","coordinates":[[[-0.34561,40.03831],[-0.34704,40.03881],[-0.35291,40.03898],[-0.35827,40.03644],[-0.35933,40.03299],[-0.36024,40.03225],[-0.36612,40.03104],[-0.36864,40.0298],[-0.37649,40.02838],[-0.37864,40.02837],[-0.3843,40.0295],[-0.39051,40.0276],[-0.39307,40.02771],[-0.39664,40.02693],[-0.39872,40.03028],[-0.39972,40.02823],[-0.40735,40.02565],[-0.40289,40.01994],[-0.39206,40.01785],[-0.38734,40.01667],[-0.37157,40.00666],[-0.37003,40.00607],[-0.36052,40.00689],[-0.35604,40.00703],[-0.34622,40.00467],[-0.34038,40.01451],[-0.33627,40.02238],[-0.34113,40.02129],[-0.34413,40.02207],[-0.34507,40.02779],[-0.34409,40.02878],[-0.34334,40.03216],[-0.34604,40.0367],[-0.34561,40.03831]]]},"properties":{"CUSEC":"1205801001","CMUN":"058","CDIS":"01","CSEC":"001","NMUN":"Espadilla"}},
{"type":"Feature","geometry":{"type":"Polygon","coordinates":[[[-0.30485,40.05863],[-0.30647,40.05913],[-0.30909,40.0614],[-0.30995,40.06281],[-0.31019,40.06581],[-0.31302,40.06488],[-0.3196,40.05987],[-0.3281,40.05372],[-0.3223,40.04594],[-0.32256,40.03546],[-0.32418,40.02981],[-0.3347,40.02353],[-0.33627,40.02238],[-0.34038,40.01451],[-0.34622,40.00467],[-0.35095,40.00069],[-0.35263,39.99893],[-0.35041,39.99121],[-0.34972,39.98966],[-0.34131,39.97986],[-0.33485,39.97916],[-0.33041,39.97812],[-0.32845,39.97342],[-0.32715,39.97215],[-0.32337,39.97032],[-0.32081,39.96977],[-0.31584,39.97242],[-0.31288,39.97535],[-0.30995,39.97698],[-0.30833,39.97848],[-0.30487,39.97942],[-0.29969,39.98322],[-0.29683,39.98677],[-0.29378,39.99173],[-0.29169,39.99396],[-0.28739,39.99729],[-0.28331,39.99975],[-0.28131,40.00186],[-0.28435,40.00995],[-0.28471,40.01156],[-0.28697,40.0193],[-0.29112,40.0227],[-0.29489,40.03056],[-0.29747,40.03472],[-0.29878,40.03982],[-0.29508,40.04478],[-0.29269,40.04731],[-0.29373,40.05055],[-0.29364,40.05333],[-0.29427,40.05542],[-0.30033,40.0584],[-0.30485,40.05863]]]},"properties":{"CUSEC":"1205901001","CMUN":"059","CDIS":"01","CSEC":"001","NMUN":"Fanzara"}},
{"type":"Feature","geometry":{"type":"Polygon","coordinates":[[[-0.198,40.14417],[-0.2056,40.14469],[-0.21301,40.14488],[-0.22038,40.14133],[-0.22125,40.1388],[-0.22116,40.13705],[-0.22643,40.13511],[-0.23231,40.13363],[-0.24203,40.12938],[-0.25172,40.12477],[-0.24911,40.12257],[-0.24718,40.12034],[-0.25156,40.11784],[-0.25583,40.11428],[-0.25018,40.1106],[-0.23515,40.10666],[-0.23189,40.10612],[-0.22917,40.10615],[-0.22632,40.10855],[-0.22134,40.1178],[-0.20796,40.12316],[-0.20118,40.12598],[-0.19454,40.12761],[-0.19343,40.12862],[-0.19387,40.13057],[-0.19221,40.13276],[-0.19322,40.13468],[-0.18988,40.13641],[-0.18561,40.14119],[-0.18828,40.13994],[-0.19357,40.14101],[-0.198,40.14417]]]},"properties":{"CUSEC":"1206001001","CMUN":"060","CDIS":"01","CSEC":"001","NMUN":"Figueroles"}},
{"type":"Feature","geometry":{"type":"Polygon","coordinates":[[[-0.22441,40.61563],[-0.21915,40.61594],[-0.21664,40.61556],[-0.21524,40.61436],[-0.21418,40.61483],[-0.20169,40.61862],[-0.19989,40.61653],[-0.19784,40.61532],[-0.19705,40.61641],[-0.19388,40.61706],[-0.18968,40.61873],[-0.1875,40.62073],[-0.18139,40.62304],[-0.18165,40.6251],[-0.18004,40.6252],[-0.17624,40.62728],[-0.17864,40.63088],[-0.17986,40.63092],[-0.18229,40.63369],[-0.18712,40.63561],[-0.18611,40.63817],[-0.18722,40.64183],[-0.18551,40.64223],[-0.18104,40.63813],[-0.1759,40.63448],[-0.17409,40.63352],[-0.16824,40.64191],[-0.17126,40.64368],[-0.17445,40.64337],[-0.17644,40.64384],[-0.17728,40.64679],[-0.17435,40.64854],[-0.17222,40.64982],[-0.17711,40.65231],[-0.18442,40.65441],[-0.18514,40.65539],[-0.18306,40.66101],[-0.1807,40.66147],[-0.17536,40.65999],[-0.17273,40.65956],[-0.16462,40.65662],[-0.16183,40.6593],[-0.15139,40.66475],[-0.15266,40.66494],[-0.15855,40.6672],[-0.15949,40.66889],[-0.16336,40.66942],[-0.16578,40.66837],[-0.17156,40.67013],[-0.17191,40.6717],[-0.17331,40.67312],[-0.1755,40.67413],[-0.1815,40.67431],[-0.18479,40.67303],[-0.19048,40.67502],[-0.19093,40.67309],[-0.1926,40.67027],[-0.1938,40.67003],[-0.196,40.67143],[-0.20126,40.67191],[-0.20563,40.67111],[-0.20879,40.67146],[-0.211,40.67245],[-0.21649,40.67251],[-0.22165,40.67476],[-0.22322,40.67384],[-0.23103,40.67776],[-0.23503,40.68133],[-0.2344,40.68432],[-0.23288,40.6858],[-0.23018,40.68473],[-0.22629,40.68456],[-0.22412,40.68372],[-0.22078,40.68414],[-0.21511,40.68614],[-0.20882,40.68697],[-0.20843,40.68923],[-0.21103,40.69671],[-0.23753,40.69794],[-0.23599,40.69111],[-0.23773,40.6906],[-0.2423,40.69072],[-0.24459,40.69145],[-0.24928,40.69062],[-0.25044,40.69077],[-0.25341,40.68901],[-0.25774,40.68776],[-0.26099,40.68509],[-0.25943,40.68325],[-0.2598,40.68163],[-0.25801,40.67955],[-0.25713,40.67672],[-0.2582,40.67384],[-0.26287,40.67246],[-0.26661,40.67007],[-0.2668,40.66826],[-0.26528,40.66676],[-0.26482,40.66489],[-0.262,40.66344],[-0.26143,40.66162],[-0.2599,40.66045],[-0.25738,40.66096],[-0.25453,40.66002],[-0.2508,40.66019],[-0.24739,40.65949],[-0.24005,40.65294],[-0.23861,40.65238],[-0.22809,40.64684],[-0.22588,40.64678],[-0.22555,40.64006],[-0.22455,40.63843],[-0.22102,40.63598],[-0.21746,40.63648],[-0.21801,40.6346],[-0.21879,40.62589],[-0.22151,40.62043],[-0.22441,40.61563]]]},"properties":{"CUSEC":"1206101001","CMUN":"061","CDIS":"01","CSEC":"001","NMUN":"Forcall"}},
{"type":"Feature","geometry":{"type":"Polygon","coordinates":[[[-0.61359,40.07001],[-0.61514,40.07032],[-0.61872,40.06835],[-0.62321,40.06961],[-0.62364,40.07336],[-0.6229,40.07489],[-0.62479,40.07609],[-0.62722,40.0762],[-0.62908,40.07471],[-0.6272,40.07205],[-0.62741,40.06968],[-0.62648,40.06619],[-0.62631,40.06055],[-0.62561,40.05902],[-0.62397,40.05896],[-0.62226,40.05728],[-0.62181,40.05247],[-0.62461,40.05142],[-0.62057,40.04909],[-0.62051,40.04585],[-0.6184,40.04521],[-0.61324,40.03737],[-0.60972,40.03785],[-0.60739,40.03972],[-0.6067,40.04404],[-0.60375,40.04585],[-0.60086,40.04658],[-0.5994,40.04775],[-0.59695,40.05269],[-0.59399,40.05393],[-0.59171,40.05679],[-0.59082,40.05863],[-0.58927,40.05996],[-0.58301,40.05827],[-0.58112,40.06003],[-0.57829,40.06068],[-0.58059,40.06181],[-0.58337,40.0622],[-0.58594,40.06524],[-0.58904,40.06559],[-0.59102,40.06348],[-0.59493,40.06348],[-0.5974,40.06494],[-0.60121,40.06451],[-0.60516,40.06592],[-0.60545,40.06747],[-0.60749,40.06775],[-0.61013,40.06959],[-0.61359,40.07001]]]},"properties":{"CUSEC":"1206301001","CMUN":"063","CDIS":"01","CSEC":"001","NMUN":"Fuente la Reina"}},
{"type":"Feature","geometry":{"type":"Polygon","coordinates":[[[-0.40735,40.02565],[-0.41115,40.02947],[-0.41406,40.03057],[-0.41627,40.03256],[-0.41639,40.03389],[-0.4217,40.03724],[-0.42786,40.03894],[-0.43226,40.03887],[-0.43274,40.03775],[-0.4467,40.03162],[-0.44763,40.03081],[-0.44949,40.02421],[-0.44903,40.02141],[-0.44674,40.0159],[-0.44508,40.01387],[-0.43261,40.01025],[-0.42809,40.00659],[-0.42645,40.00572],[-0.42347,40.00527],[-0.42248,40.00431],[-0.42157,39.99906],[-0.41825,40.00045],[-0.41318,40.00319],[-0.40326,40.01184],[-0.40372,40.01483],[-0.40227,40.01896],[-0.40289,40.01994],[-0.40735,40.02565]]]},"properties":{"CUSEC":"1206401001","CMUN":"064","CDIS":"01","CSEC":"001","NMUN":"Fuentes de Ayódar"}},
{"type":"Feature","geometry":{"type":"Polygon","coordinates":[[[-0.4853,39.95487],[-0.48648,39.95609],[-0.49281,39.95688],[-0.49713,39.95826],[-0.50291,39.95608],[-0.50713,39.95502],[-0.50982,39.9558],[-0.51582,39.95832],[-0.51859,39.95337],[-0.51724,39.95213],[-0.5145,39.95078],[-0.51638,39.94857],[-0.51418,39.94715],[-0.51501,39.946],[-0.51743,39.94571],[-0.51777,39.94375],[-0.51913,39.94241],[-0.51783,39.94097],[-0.51817,39.93683],[-0.51714,39.9356],[-0.51789,39.9342],[-0.51534,39.9323],[-0.5173,39.93172],[-0.51869,39.93243],[-0.52162,39.9317],[-0.52527,39.93182],[-0.52458,39.92916],[-0.52322,39.9278],[-0.52059,39.92706],[-0.52116,39.9256],[-0.52447,39.92364],[-0.52287,39.9215],[-0.52043,39.92175],[-0.52018,39.92011],[-0.51573,39.9202],[-0.51786,39.91808],[-0.51891,39.91514],[-0.51604,39.91201],[-0.5123,39.91061],[-0.50852,39.9079],[-0.5041,39.90073],[-0.50241,39.89702],[-0.50053,39.89828],[-0.49728,39.90151],[-0.49434,39.90365],[-0.48238,39.91336],[-0.47658,39.91556],[-0.47312,39.91886],[-0.47229,39.92039],[-0.46941,39.92372],[-0.47298,39.92693],[-0.47584,39.93061],[-0.48074,39.93167],[-0.48113,39.93368],[-0.486,39.93651],[-0.48794,39.93852],[-0.4878,39.94037],[-0.48632,39.94173],[-0.48576,39.94508],[-0.48614,39.94647],[-0.48618,39.95358],[-0.4853,39.95487]]]},"properties":{"CUSEC":"1206501001","CMUN":"065","CDIS":"01","CSEC":"001","NMUN":"Gaibiel"}},
{"type":"Feature","geometry":{"type":"Polygon","coordinates":[[[-0.46441,39.83938],[-0.46598,39.84184],[-0.47024,39.83768],[-0.46912,39.83733],[-0.46952,39.83518],[-0.46674,39.83221],[-0.46458,39.83078],[-0.46017,39.83295],[-0.4623,39.83651],[-0.46441,39.83938]]]},"properties":{"CUSEC":"1206701001","CMUN":"067","CDIS":"01","CSEC":"001","NMUN":"Geldo"}},
{"type":"Feature","geometry":{"type":"Polygon","coordinates":[[[0.02644,40.69495],[0.02545,40.69714],[0.02684,40.70037],[0.0242,40.70234],[0.0245,40.70727],[0.02642,40.70922],[0.02837,40.71318],[0.028,40.71409],[0.02435,40.71724],[0.0202,40.71955],[0.01874,40.7196],[0.01805,40.72124],[0.0161,40.72326],[0.01792,40.72585],[0.0152,40.72862],[0.01195,40.7284],[0.00898,40.72964],[0.00072,40.72996],[-0.00287,40.73069],[-0.00922,40.72994],[-0.01231,40.73088],[-0.01544,40.73029],[-0.01772,40.7312],[-0.02264,40.73021],[-0.02571,40.72716],[-0.02866,40.72629],[-0.03198,40.72244],[-0.03615,40.72338],[-0.04226,40.72529],[-0.04367,40.7262],[-0.04549,40.72594],[-0.04887,40.72729],[-0.05371,40.72788],[-0.05318,40.72611],[-0.05379,40.7249],[-0.05348,40.72113],[-0.05198,40.72104],[-0.04889,40.71681],[-0.05002,40.71586],[-0.05172,40.71656],[-0.0589,40.71134],[-0.05788,40.70989],[-0.06267,40.70864],[-0.06579,40.7094],[-0.06912,40.70837],[-0.06866,40.70577],[-0.04325,40.69943],[-0.02714,40.68632],[-0.00445,40.67759],[-0.00415,40.67684],[-0.00444,40.67759],[-0.00056,40.67963],[0.00067,40.68107],[-0.00146,40.68381],[-0.00583,40.68706],[-0.00825,40.68771],[-0.00967,40.68935],[-0.01025,40.69217],[-0.0096,40.69372],[-0.00598,40.69561],[0.00137,40.69429],[0.00369,40.6945],[0.00679,40.69601],[0.01126,40.69614],[0.01597,40.6954],[0.02092,40.69356],[0.02644,40.69495]]]},"properties":{"CUSEC":"1206801001","CMUN":"068","CDIS":"01","CSEC":"001","NMUN":"Herbers"}},
{"type":"Feature","geometry":{"type":"Polygon","coordinates":[[[-0.48858,40.00543],[-0.4918,40.00689],[-0.49545,40.00456],[-0.50262,40.00425],[-0.50399,40.00539],[-0.50814,40.00615],[-0.5104,40.00548],[-0.51325,40.00561],[-0.52643,40.00943],[-0.5334,40.00051],[-0.5293,39.99248],[-0.52612,39.98464],[-0.52242,39.98221],[-0.52151,39.98065],[-0.5187,39.97812],[-0.51914,39.97498],[-0.51847,39.97088],[-0.50971,39.96585],[-0.50757,39.96838],[-0.50694,39.97056],[-0.50723,39.97346],[-0.50584,39.9762],[-0.49994,39.98189],[-0.49337,39.98275],[-0.48605,39.98715],[-0.48379,39.98952],[-0.48481,39.99107],[-0.48388,39.99194],[-0.48045,39.99246],[-0.48018,39.99552],[-0.48279,39.998],[-0.48558,39.9987],[-0.48605,40.00141],[-0.48858,40.00543]]]},"properties":{"CUSEC":"1206901001","CMUN":"069","CDIS":"01","CSEC":"001","NMUN":"Higueras"}},
{"type":"Feature","geometry":{"type":"Polygon","coordinates":[[[0.271,40.4895],[0.26835,40.4954],[0.27178,40.50097],[0.25967,40.50754],[0.26133,40.51603],[0.25834,40.52365],[0.25285,40.52694],[0.23608,40.52056],[0.23071,40.51912],[0.22973,40.51705],[0.22686,40.51673],[0.21767,40.51716],[0.21569,40.51624],[0.21064,40.51696],[0.20107,40.51565],[0.20288,40.51109],[0.20608,40.49947],[0.20739,40.4996],[0.21289,40.49752],[0.21527,40.49564],[0.22012,40.4887],[0.22577,40.48395],[0.23374,40.48006],[0.2481,40.47772],[0.24966,40.4877],[0.26433,40.48499],[0.26833,40.48644],[0.271,40.4895]]]},"properties":{"CUSEC":"1207001001","CMUN":"070","CDIS":"01","CSEC":"001","NMUN":"Jana, la"}},
{"type":"Feature","geometry":{"type":"Polygon","coordinates":[[[-0.58511,39.92134],[-0.58615,39.91679],[-0.58769,39.91345],[-0.59051,39.91221],[-0.59251,39.91263],[-0.59589,39.91192],[-0.59734,39.9099],[-0.59759,39.90614],[-0.59645,39.90323],[-0.5981,39.90031],[-0.59818,39.89474],[-0.60199,39.89194],[-0.6027,39.88992],[-0.60832,39.88516],[-0.61108,39.88389],[-0.61412,39.88141],[-0.61538,39.87926],[-0.62044,39.87852],[-0.62359,39.88019],[-0.62501,39.88178],[-0.62703,39.88263],[-0.63022,39.88686],[-0.63061,39.8885],[-0.63268,39.89274],[-0.63251,39.89389],[-0.64008,39.90269],[-0.64025,39.8983],[-0.64156,39.897],[-0.64757,39.89532],[-0.65175,39.88913],[-0.65453,39.88778],[-0.66045,39.88633],[-0.66245,39.88235],[-0.66085,39.8807],[-0.66124,39.87912],[-0.66088,39.87595],[-0.66156,39.8739],[-0.66053,39.87279],[-0.66123,39.87091],[-0.66618,39.86899],[-0.67074,39.8691],[-0.67398,39.86809],[-0.67679,39.86643],[-0.68021,39.86515],[-0.68263,39.86485],[-0.68434,39.8629],[-0.68453,39.86082],[-0.6863,39.85893],[-0.68575,39.85733],[-0.68692,39.85654],[-0.69069,39.85666],[-0.69159,39.85359],[-0.69111,39.85246],[-0.68753,39.84987],[-0.68141,39.84759],[-0.66855,39.8404],[-0.66237,39.83891],[-0.65615,39.83596],[-0.65178,39.8373],[-0.6444,39.84136],[-0.63931,39.84691],[-0.6357,39.8519],[-0.62772,39.85807],[-0.61843,39.86401],[-0.61268,39.86617],[-0.60681,39.86691],[-0.60031,39.86702],[-0.59147,39.86624],[-0.56932,39.86577],[-0.56491,39.86546],[-0.55308,39.86587],[-0.55183,39.86591],[-0.53934,39.87012],[-0.53395,39.87248],[-0.52618,39.87338],[-0.52098,39.87288],[-0.52263,39.87647],[-0.52813,39.87895],[-0.52921,39.88016],[-0.53371,39.88116],[-0.5357,39.88375],[-0.54072,39.88515],[-0.54231,39.88671],[-0.54297,39.88854],[-0.54644,39.89232],[-0.55668,39.89839],[-0.55803,39.89973],[-0.55882,39.90244],[-0.5591,39.90556],[-0.55823,39.90642],[-0.55812,39.90882],[-0.55884,39.91],[-0.56167,39.91124],[-0.56949,39.90994],[-0.57062,39.91187],[-0.57411,39.91351],[-0.57894,39.91847],[-0.58214,39.91969],[-0.58511,39.92134]]]},"properties":{"CUSEC":"1207101001","CMUN":"071","CDIS":"01","CSEC":"001","NMUN":"Jérica"}},
{"type":"Feature","geometry":{"type":"Polygon","coordinates":[[[-0.50241,39.89702],[-0.5041,39.90073],[-0.50852,39.9079],[-0.5123,39.91061],[-0.51604,39.91201],[-0.51891,39.91514],[-0.51786,39.91808],[-0.51573,39.9202],[-0.52018,39.92011],[-0.52043,39.92175],[-0.52287,39.9215],[-0.52447,39.92364],[-0.52116,39.9256],[-0.52059,39.92706],[-0.52322,39.9278],[-0.52458,39.92916],[-0.52527,39.93182],[-0.52162,39.9317],[-0.51869,39.93243],[-0.5173,39.93172],[-0.51534,39.9323],[-0.51789,39.9342],[-0.51714,39.9356],[-0.51817,39.93683],[-0.51783,39.94097],[-0.51913,39.94241],[-0.51777,39.94375],[-0.51743,39.94571],[-0.51501,39.946],[-0.51418,39.94715],[-0.51638,39.94857],[-0.5145,39.95078],[-0.51724,39.95213],[-0.51859,39.95337],[-0.51979,39.95107],[-0.52524,39.94971],[-0.5371,39.94457],[-0.5531,39.93307],[-0.55606,39.93331],[-0.56003,39.93231],[-0.56106,39.9316],[-0.56364,39.93325],[-0.56868,39.933],[-0.57367,39.92682],[-0.58005,39.92749],[-0.58464,39.92974],[-0.58412,39.92566],[-0.58511,39.92134],[-0.58214,39.91969],[-0.57894,39.91847],[-0.57411,39.91351],[-0.57062,39.91187],[-0.56949,39.90994],[-0.56167,39.91124],[-0.55884,39.91],[-0.55812,39.90882],[-0.55823,39.90642],[-0.5591,39.90556],[-0.55882,39.90244],[-0.55803,39.89973],[-0.55668,39.89839],[-0.54644,39.89232],[-0.54297,39.88854],[-0.54231,39.88671],[-0.54072,39.88515],[-0.5357,39.88375],[-0.53371,39.88116],[-0.52921,39.88016],[-0.52813,39.87895],[-0.52263,39.87647],[-0.52098,39.87288],[-0.51867,39.8727],[-0.51618,39.87121],[-0.51917,39.87672],[-0.52063,39.8838],[-0.51595,39.88813],[-0.51385,39.89059],[-0.51001,39.89347],[-0.50241,39.89702]]]},"properties":{"CUSEC":"1207102001","CMUN":"071","CDIS":"02","CSEC":"001","NMUN":"Jérica"}},
{"type":"Feature","geometry":{"type":"Polygon","coordinates":[[[-0.23393,40.22322],[-0.23881,40.22386],[-0.25188,40.20348],[-0.26867,40.19666],[-0.29171,40.2052],[-0.31074,40.2097],[-0.31179,40.20959],[-0.31477,40.21119],[-0.31753,40.21131],[-0.32021,40.21012],[-0.32114,40.2091],[-0.32074,40.20563],[-0.31984,40.20377],[-0.32042,40.2015],[-0.32184,40.19984],[-0.3225,40.19736],[-0.32117,40.19133],[-0.32213,40.18995],[-0.32807,40.18675],[-0.3292,40.18666],[-0.33102,40.18493],[-0.33613,40.18592],[-0.34008,40.18359],[-0.34611,40.18291],[-0.34691,40.18158],[-0.34885,40.18047],[-0.34919,40.17936],[-0.35851,40.17804],[-0.36116,40.17597],[-0.36254,40.17355],[-0.36163,40.17096],[-0.36176,40.16841],[-0.36038,40.16649],[-0.36074,40.1639],[-0.3602,40.15566],[-0.36124,40.15092],[-0.36152,40.14714],[-0.36105,40.14571],[-0.35748,40.14357],[-0.35068,40.1426],[-0.35009,40.14179],[-0.34491,40.1382],[-0.3401,40.13678],[-0.33834,40.1354],[-0.33652,40.13211],[-0.33423,40.13046],[-0.33066,40.12856],[-0.32902,40.12624],[-0.32797,40.12153],[-0.32546,40.1169],[-0.32359,40.11526],[-0.32226,40.11147],[-0.32016,40.10814],[-0.31821,40.10048],[-0.31774,40.09895],[-0.32111,40.09503],[-0.32073,40.09132],[-0.3223,40.08823],[-0.322,40.08553],[-0.32425,40.08353],[-0.32343,40.07982],[-0.32224,40.07764],[-0.32037,40.07579],[-0.31981,40.07356],[-0.32182,40.06984],[-0.32097,40.06759],[-0.31871,40.06677],[-0.31089,40.06733],[-0.31019,40.06581],[-0.30995,40.06281],[-0.30909,40.0614],[-0.30647,40.05913],[-0.30485,40.05863],[-0.30224,40.06222],[-0.30109,40.06544],[-0.29836,40.06835],[-0.29401,40.07141],[-0.28661,40.07537],[-0.2807,40.07915],[-0.27653,40.08058],[-0.27133,40.08295],[-0.26855,40.08354],[-0.26401,40.08507],[-0.25842,40.08807],[-0.2581,40.08959],[-0.25994,40.09236],[-0.25902,40.09555],[-0.25591,40.09635],[-0.25235,40.09854],[-0.24873,40.09851],[-0.24674,40.09921],[-0.24211,40.09969],[-0.23497,40.09683],[-0.23137,40.10308],[-0.22917,40.10615],[-0.23189,40.10612],[-0.23515,40.10666],[-0.25018,40.1106],[-0.25583,40.11428],[-0.25156,40.11784],[-0.24718,40.12034],[-0.24911,40.12257],[-0.25172,40.12477],[-0.24203,40.12938],[-0.23231,40.13363],[-0.22643,40.13511],[-0.22116,40.13705],[-0.22125,40.1388],[-0.22038,40.14133],[-0.21301,40.14488],[-0.2056,40.14469],[-0.198,40.14417],[-0.20201,40.14657],[-0.20347,40.14785],[-0.2053,40.14828],[-0.20769,40.14988],[-0.20718,40.15521],[-0.21012,40.15719],[-0.20869,40.16037],[-0.20541,40.16607],[-0.20158,40.17366],[-0.20002,40.17551],[-0.19683,40.17653],[-0.20653,40.18857],[-0.21264,40.19549],[-0.21892,40.20133],[-0.2249,40.21114],[-0.2272,40.21363],[-0.23113,40.22029],[-0.23393,40.22322]]]},"properties":{"CUSEC":"1207201001","CMUN":"072","CDIS":"01","CSEC":"001","NMUN":"Llucena/Lucena del Cid"}},
{"type":"Feature","geometry":{"type":"Polygon","coordinates":[[[-0.31821,40.10048],[-0.32016,40.10814],[-0.32226,40.11147],[-0.32359,40.11526],[-0.32546,40.1169],[-0.33156,40.11526],[-0.34186,40.1119],[-0.35824,40.10735],[-0.35871,40.11358],[-0.35846,40.11471],[-0.36053,40.11569],[-0.36427,40.11527],[-0.36603,40.11559],[-0.37019,40.11536],[-0.37575,40.11389],[-0.37666,40.11298],[-0.38259,40.1139],[-0.3875,40.11273],[-0.3885,40.11311],[-0.39142,40.11191],[-0.39793,40.11074],[-0.40263,40.1091],[-0.40472,40.10592],[-0.40564,40.10129],[-0.40542,40.10114],[-0.4409,40.0988],[-0.45654,40.08798],[-0.4521,40.08747],[-0.44718,40.0873],[-0.44166,40.08643],[-0.42253,40.08482],[-0.40582,40.08547],[-0.40361,40.07638],[-0.40347,40.07469],[-0.39712,40.07637],[-0.39388,40.07657],[-0.39149,40.07828],[-0.38832,40.07818],[-0.38208,40.07962],[-0.3678,40.07449],[-0.36354,40.07432],[-0.35726,40.07652],[-0.3526,40.07871],[-0.35044,40.07921],[-0.34331,40.08221],[-0.33897,40.08481],[-0.33776,40.08616],[-0.33591,40.09053],[-0.33384,40.09272],[-0.32967,40.09338],[-0.31821,40.10048]]]},"properties":{"CUSEC":"1207301001","CMUN":"073","CDIS":"01","CSEC":"001","NMUN":"Ludiente"}},
{"type":"Feature","geometry":{"type":"Polygon","coordinates":[[[-0.16648,39.7524],[-0.17069,39.75528],[-0.19811,39.77671],[-0.2102,39.78699],[-0.21553,39.78228],[-0.21889,39.78051],[-0.22718,39.77911],[-0.2461,39.7768],[-0.2282,39.76995],[-0.21854,39.76588],[-0.21107,39.76273],[-0.2034,39.75963],[-0.19861,39.75748],[-0.19148,39.75474],[-0.1916,39.75436],[-0.1767,39.74598],[-0.17317,39.74681],[-0.17212,39.746],[-0.16988,39.74888],[-0.16648,39.7524]]]},"properties":{"CUSEC":"1207401001","CMUN":"074","CDIS":"01","CSEC":"001","NMUN":"Llosa, la"}},
{"type":"Feature","geometry":{"type":"Polygon","coordinates":[[[-0.2986,40.61284],[-0.29447,40.61217],[-0.29328,40.61104],[-0.29401,40.60946],[-0.29238,40.60441],[-0.29382,40.60338],[-0.29502,40.60008],[-0.2938,40.59906],[-0.29333,40.59638],[-0.29541,40.59524],[-0.29348,40.59146],[-0.29537,40.586],[-0.29431,40.58395],[-0.28257,40.58757],[-0.2817,40.5898],[-0.27596,40.59153],[-0.27418,40.59179],[-0.27052,40.58922],[-0.26952,40.58928],[-0.26726,40.59326],[-0.26626,40.59384],[-0.26645,40.59613],[-0.26325,40.59856],[-0.26312,40.59983],[-0.26144,40.60072],[-0.26229,40.60367],[-0.25978,40.6049],[-0.25875,40.60641],[-0.25495,40.60546],[-0.252,40.60398],[-0.25128,40.60262],[-0.24637,40.59829],[-0.24466,40.59947],[-0.24309,40.60264],[-0.24305,40.60518],[-0.24237,40.60617],[-0.23792,40.60777],[-0.2434,40.61461],[-0.24656,40.61289],[-0.25527,40.60764],[-0.25987,40.60973],[-0.26596,40.61673],[-0.26669,40.61805],[-0.26566,40.6222],[-0.26475,40.62303],[-0.26183,40.62318],[-0.25882,40.62668],[-0.26176,40.62815],[-0.26431,40.62868],[-0.26524,40.62959],[-0.27018,40.63078],[-0.27311,40.63046],[-0.27591,40.63142],[-0.27775,40.63116],[-0.28314,40.63378],[-0.28538,40.63412],[-0.2878,40.63741],[-0.29393,40.63856],[-0.29636,40.63823],[-0.29563,40.63569],[-0.29749,40.62777],[-0.2975,40.62377],[-0.30128,40.62226],[-0.30116,40.61953],[-0.29997,40.61827],[-0.2986,40.61284]]]},"properties":{"CUSEC":"1207501001","CMUN":"075","CDIS":"01","CSEC":"001","NMUN":"Mata de Morella, la"}},
{"type":"Feature","geometry":{"type":"Polygon","coordinates":[[[-0.41137,39.93864],[-0.41456,39.94151],[-0.4182,39.9439],[-0.4257,39.94785],[-0.43249,39.95236],[-0.44035,39.95569],[-0.44617,39.96143],[-0.44754,39.96181],[-0.45163,39.96099],[-0.45326,39.9594],[-0.45357,39.95801],[-0.45763,39.95629],[-0.46089,39.95865],[-0.46221,39.95733],[-0.46777,39.95683],[-0.47224,39.95752],[-0.4853,39.95487],[-0.48618,39.95358],[-0.48614,39.94647],[-0.48576,39.94508],[-0.48632,39.94173],[-0.4878,39.94037],[-0.48794,39.93852],[-0.486,39.93651],[-0.48113,39.93368],[-0.48074,39.93167],[-0.47584,39.93061],[-0.47298,39.92693],[-0.46941,39.92372],[-0.46377,39.92674],[-0.45639,39.92748],[-0.44202,39.93725],[-0.43424,39.94003],[-0.4282,39.93706],[-0.42533,39.93641],[-0.41679,39.93588],[-0.41137,39.93864]]]},"properties":{"CUSEC":"1207601001","CMUN":"076","CDIS":"01","CSEC":"001","NMUN":"Matet"}},
{"type":"Feature","geometry":{"type":"Polygon","coordinates":[[[-0.14024,39.81646],[-0.15371,39.82096],[-0.15455,39.81975],[-0.1624,39.81289],[-0.16416,39.80949],[-0.1709,39.81328],[-0.17212,39.81359],[-0.17247,39.8123],[-0.17683,39.80608],[-0.18077,39.79921],[-0.18142,39.79855],[-0.17945,39.79723],[-0.16945,39.78821],[-0.16712,39.78919],[-0.16294,39.79194],[-0.15664,39.79956],[-0.15266,39.80304],[-0.14633,39.80722],[-0.14501,39.80834],[-0.14303,39.81247],[-0.14024,39.81646]]]},"properties":{"CUSEC":"1207701001","CMUN":"077","CDIS":"01","CSEC":"001","NMUN":"Moncofa"}},
{"type":"Feature","geometry":{"type":"Polygon","coordinates":[[[-0.13383,39.81329],[-0.14024,39.81646],[-0.14303,39.81247],[-0.14501,39.80834],[-0.14633,39.80722],[-0.15266,39.80304],[-0.15664,39.79956],[-0.16294,39.79194],[-0.16712,39.78919],[-0.16945,39.78821],[-0.16074,39.77888],[-0.15261,39.784],[-0.14985,39.78818],[-0.14531,39.79238],[-0.14491,39.79855],[-0.14585,39.8011],[-0.14131,39.80594],[-0.13838,39.80923],[-0.13735,39.81103],[-0.13583,39.81141],[-0.13383,39.81329]]]},"properties":{"CUSEC":"1207701002","CMUN":"077","CDIS":"01","CSEC":"002","NMUN":"Moncofa"}},
{"type":"Feature","geometry":{"type":"Polygon","coordinates":[[[-0.12343,39.80888],[-0.12617,39.80968],[-0.13383,39.81329],[-0.13583,39.81141],[-0.13735,39.81103],[-0.13838,39.80923],[-0.14131,39.80594],[-0.12946,39.79978],[-0.12343,39.80888]]]},"properties":{"CUSEC":"1207702001","CMUN":"077","CDIS":"02","CSEC":"001","NMUN":"Moncofa"}},
{"type":"Feature","geometry":{"type":"Polygon","coordinates":[[[-0.12946,39.79978],[-0.14131,39.80594],[-0.14585,39.8011],[-0.14491,39.79855],[-0.14531,39.79238],[-0.14985,39.78818],[-0.15261,39.784],[-0.16074,39.77888],[-0.155,39.77216],[-0.15222,39.77015],[-0.15105,39.77192],[-0.14893,39.77378],[-0.14633,39.77796],[-0.14282,39.7817],[-0.13923,39.78769],[-0.13669,39.79044],[-0.13196,39.79617],[-0.12946,39.79978]]]},"properties":{"CUSEC":"1207702002","CMUN":"077","CDIS":"02","CSEC":"002","NMUN":"Moncofa"}},
{"type":"Feature","geometry":{"type":"Polygon","coordinates":[[[-0.58301,40.05827],[-0.58927,40.05996],[-0.59082,40.05863],[-0.59171,40.05679],[-0.59399,40.05393],[-0.59695,40.05269],[-0.5994,40.04775],[-0.60086,40.04658],[-0.60375,40.04585],[-0.6067,40.04404],[-0.60739,40.03972],[-0.60972,40.03785],[-0.60243,40.02886],[-0.59897,40.02624],[-0.58527,40.0244],[-0.58127,40.02082],[-0.5821,40.01458],[-0.58044,40.01364],[-0.57877,40.014],[-0.57446,40.0136],[-0.57206,40.01287],[-0.5703,40.01377],[-0.55512,40.01278],[-0.55412,40.01224],[-0.54772,40.01128],[-0.53674,40.01273],[-0.52643,40.00943],[-0.51325,40.00561],[-0.5104,40.00548],[-0.50814,40.00615],[-0.50399,40.00539],[-0.50262,40.00425],[-0.49545,40.00456],[-0.4918,40.00689],[-0.48858,40.00543],[-0.48721,40.00779],[-0.48405,40.00902],[-0.4827,40.01229],[-0.48352,40.01545],[-0.48837,40.0232],[-0.49044,40.02258],[-0.50105,40.02676],[-0.50652,40.03034],[-0.50802,40.03285],[-0.51084,40.03099],[-0.51401,40.02987],[-0.51792,40.03013],[-0.51701,40.03152],[-0.51676,40.03433],[-0.51824,40.0351],[-0.52085,40.03452],[-0.52462,40.03435],[-0.52807,40.03491],[-0.5311,40.03406],[-0.53439,40.03553],[-0.53413,40.03713],[-0.53496,40.03978],[-0.53865,40.04366],[-0.53664,40.0487],[-0.54336,40.04993],[-0.55206,40.04924],[-0.55783,40.04851],[-0.56379,40.0503],[-0.56705,40.05297],[-0.56827,40.05343],[-0.57306,40.05336],[-0.57591,40.0552],[-0.57767,40.05521],[-0.58301,40.05827]]]},"properties":{"CUSEC":"1207801001","CMUN":"078","CDIS":"01","CSEC":"001","NMUN":"Montán"}},
{"type":"Feature","geometry":{"type":"Polygon","coordinates":[[[-0.5045,40.1042],[-0.50634,40.10609],[-0.50708,40.1079],[-0.50943,40.1099],[-0.51312,40.11042],[-0.51595,40.10949],[-0.52085,40.10719],[-0.53282,40.1028],[-0.56156,40.09761],[-0.56573,40.09089],[-0.56958,40.08427],[-0.57356,40.07694],[-0.57829,40.06068],[-0.58112,40.06003],[-0.58301,40.05827],[-0.57767,40.05521],[-0.57591,40.0552],[-0.57306,40.05336],[-0.56827,40.05343],[-0.56705,40.05297],[-0.56379,40.0503],[-0.55783,40.04851],[-0.55206,40.04924],[-0.54336,40.04993],[-0.53664,40.0487],[-0.53865,40.04366],[-0.53496,40.03978],[-0.53413,40.03713],[-0.53439,40.03553],[-0.5311,40.03406],[-0.52807,40.03491],[-0.52462,40.03435],[-0.52085,40.03452],[-0.51824,40.0351],[-0.51676,40.03433],[-0.51701,40.03152],[-0.51792,40.03013],[-0.51401,40.02987],[-0.51084,40.03099],[-0.50802,40.03285],[-0.50652,40.03034],[-0.50389,40.03306],[-0.50551,40.03761],[-0.50468,40.04215],[-0.50081,40.04308],[-0.4995,40.04932],[-0.49223,40.0526],[-0.49529,40.05578],[-0.50329,40.06356],[-0.50153,40.07202],[-0.5024,40.07575],[-0.50412,40.07716],[-0.51353,40.08326],[-0.5195,40.08549],[-0.52501,40.08694],[-0.52429,40.08881],[-0.52893,40.08945],[-0.52085,40.09364],[-0.50835,40.09971],[-0.5045,40.1042]]]},"properties":{"CUSEC":"1207901001","CMUN":"079","CDIS":"01","CSEC":"001","NMUN":"Montanejos"}},
{"type":"Feature","geometry":{"type":"MultiPolygon","coordinates":[[[[-0.0081,40.51116],[-0.00941,40.51056],[-0.01382,40.51081],[-0.02006,40.50802],[-0.02347,40.50942],[-0.02378,40.51078],[-0.02663,40.51285],[-0.02915,40.51345],[-0.03166,40.51548],[-0.03455,40.5149],[-0.03699,40.51499],[-0.0412,40.51657],[-0.04211,40.51769],[-0.04467,40.51857],[-0.04528,40.521],[-0.04383,40.52291],[-0.04011,40.52413],[-0.03871,40.52741],[-0.03968,40.53022],[-0.04321,40.53166],[-0.04562,40.53208],[-0.05,40.53172],[-0.05297,40.53263],[-0.0529,40.53559],[-0.05126,40.53884],[-0.05233,40.54175],[-0.05224,40.54481],[-0.05342,40.54724],[-0.05107,40.55521],[-0.05148,40.55707],[-0.05319,40.56033],[-0.05326,40.56173],[-0.05217,40.56487],[-0.05453,40.56623],[-0.05759,40.56575],[-0.06169,40.56573],[-0.06893,40.56512],[-0.08237,40.5651],[-0.08442,40.56422],[-0.08634,40.56425],[-0.09504,40.56312],[-0.09823,40.56291],[-0.10213,40.5633],[-0.10761,40.56204],[-0.10872,40.56138],[-0.11422,40.56139],[-0.11367,40.5563],[-0.114,40.5536],[-0.11601,40.54842],[-0.11695,40.548],[-0.12329,40.54818],[-0.12497,40.54878],[-0.1268,40.54801],[-0.12622,40.54678],[-0.12352,40.54593],[-0.1223,40.54272],[-0.12067,40.54141],[-0.11884,40.53761],[-0.11576,40.53495],[-0.11538,40.53332],[-0.11255,40.53161],[-0.10921,40.53104],[-0.10667,40.52934],[-0.1058,40.52672],[-0.10599,40.52515],[-0.10757,40.52322],[-0.10959,40.52237],[-0.11568,40.52288],[-0.11784,40.52435],[-0.12021,40.52481],[-0.12304,40.52433],[-0.12526,40.52307],[-0.12664,40.52038],[-0.12375,40.51779],[-0.12453,40.51572],[-0.12364,40.51428],[-0.12293,40.50959],[-0.12395,40.50739],[-0.12518,40.50652],[-0.12415,40.50459],[-0.12176,40.5067],[-0.11864,40.50835],[-0.11154,40.51135],[-0.10768,40.51107],[-0.10177,40.50946],[-0.09366,40.51049],[-0.09156,40.50965],[-0.0861,40.50872],[-0.08459,40.50218],[-0.08309,40.49878],[-0.0799,40.49523],[-0.07916,40.49194],[-0.07624,40.49155],[-0.07618,40.48942],[-0.07379,40.48904],[-0.07334,40.48529],[-0.07482,40.48362],[-0.07524,40.48123],[-0.07188,40.47959],[-0.07068,40.47825],[-0.06808,40.47718],[-0.06522,40.47451],[-0.06315,40.47172],[-0.06169,40.46784],[-0.06159,40.46511],[-0.05558,40.45894],[-0.05767,40.45407],[-0.05803,40.45205],[-0.05532,40.44365],[-0.05675,40.44029],[-0.05532,40.43899],[-0.05488,40.43668],[-0.05253,40.4354],[-0.05273,40.434],[-0.05138,40.4331],[-0.05149,40.43038],[-0.05083,40.42826],[-0.04896,40.42623],[-0.04901,40.42478],[-0.04559,40.42153],[-0.04529,40.41816],[-0.04463,40.41622],[-0.04288,40.41374],[-0.03913,40.41452],[-0.03859,40.41675],[-0.03932,40.42106],[-0.04049,40.42314],[-0.04019,40.42617],[-0.03933,40.42764],[-0.04045,40.43107],[-0.03684,40.43174],[-0.03946,40.44148],[-0.03886,40.44416],[-0.03948,40.44775],[-0.04122,40.45264],[-0.04023,40.45498],[-0.03683,40.45685],[-0.03408,40.46134],[-0.03318,40.46533],[-0.03016,40.46774],[-0.02888,40.47008],[-0.0302,40.47217],[-0.02867,40.47478],[-0.02806,40.47758],[-0.02277,40.48387],[-0.0202,40.48443],[-0.01872,40.48545],[-0.01713,40.48868],[-0.01576,40.49248],[-0.00997,40.50007],[-0.0081,40.51116]]],[[[-0.09927,40.61929],[-0.10382,40.61857],[-0.10562,40.61922],[-0.10979,40.61873],[-0.11398,40.61981],[-0.11931,40.62022],[-0.13272,40.62175],[-0.13682,40.62261],[-0.13924,40.62376],[-0.13909,40.62556],[-0.14212,40.62814],[-0.14702,40.63045],[-0.14855,40.63312],[-0.14951,40.63612],[-0.15234,40.63805],[-0.15504,40.63921],[-0.15687,40.64168],[-0.1582,40.64151],[-0.16059,40.64272],[-0.16331,40.64258],[-0.16547,40.64467],[-0.16795,40.64476],[-0.1739,40.64721],[-0.17435,40.64854],[-0.17728,40.64679],[-0.17644,40.64384],[-0.17445,40.64337],[-0.17126,40.64368],[-0.16824,40.64191],[-0.17409,40.63352],[-0.1759,40.63448],[-0.18104,40.63813],[-0.18551,40.64223],[-0.18722,40.64183],[-0.18611,40.63817],[-0.18712,40.63561],[-0.18229,40.63369],[-0.17986,40.63092],[-0.17864,40.63088],[-0.17624,40.62728],[-0.18004,40.6252],[-0.18165,40.6251],[-0.18139,40.62304],[-0.1875,40.62073],[-0.18968,40.61873],[-0.19388,40.61706],[-0.19705,40.61641],[-0.19784,40.61532],[-0.19989,40.61653],[-0.20169,40.61862],[-0.21418,40.61483],[-0.21524,40.61436],[-0.21576,40.61283],[-0.20752,40.60319],[-0.20735,40.59837],[-0.2048,40.59611],[-0.20259,40.59504],[-0.20088,40.59349],[-0.19702,40.59192],[-0.19363,40.59874],[-0.18992,40.59843],[-0.1875,40.59884],[-0.18693,40.59764],[-0.18835,40.59369],[-0.18884,40.5885],[-0.18674,40.58528],[-0.182,40.58192],[-0.18253,40.57881],[-0.17957,40.57736],[-0.17426,40.57794],[-0.17146,40.57718],[-0.1693,40.5727],[-0.16747,40.57114],[-0.1632,40.56914],[-0.16065,40.56675],[-0.15591,40.56589],[-0.15279,40.56616],[-0.15045,40.56442],[-0.147,40.56288],[-0.14418,40.56311],[-0.14181,40.56108],[-0.13935,40.56043],[-0.13289,40.56017],[-0.1286,40.56119],[-0.12622,40.56276],[-0.12527,40.56421],[-0.12364,40.56403],[-0.12144,40.55975],[-0.11962,40.55916],[-0.11777,40.56056],[-0.11539,40.56076],[-0.11349,40.56257],[-0.11874,40.56718],[-0.11902,40.56834],[-0.12179,40.57249],[-0.12228,40.57442],[-0.12143,40.57665],[-0.11921,40.5772],[-0.11725,40.57849],[-0.1166,40.58057],[-0.1143,40.58423],[-0.11242,40.58571],[-0.11075,40.58836],[-0.11032,40.59159],[-0.10947,40.59259],[-0.10939,40.59478],[-0.11082,40.59681],[-0.11076,40.59874],[-0.10956,40.59981],[-0.10473,40.59946],[-0.10215,40.59836],[-0.09812,40.59841],[-0.09498,40.59722],[-0.09338,40.5959],[-0.08824,40.59419],[-0.08396,40.59358],[-0.08235,40.59296],[-0.07738,40.59272],[-0.07486,40.5939],[-0.07402,40.59509],[-0.07349,40.5989],[-0.07154,40.60156],[-0.0698,40.60163],[-0.06806,40.60071],[-0.06815,40.59519],[-0.06691,40.59309],[-0.0652,40.59206],[-0.06287,40.59203],[-0.05795,40.59448],[-0.05069,40.59369],[-0.04527,40.59503],[-0.04314,40.59477],[-0.03835,40.59496],[-0.03903,40.59698],[-0.04151,40.59836],[-0.04257,40.60157],[-0.04466,40.60525],[-0.04643,40.60541],[-0.04837,40.60657],[-0.04945,40.60851],[-0.05203,40.60973],[-0.05406,40.61141],[-0.05822,40.61207],[-0.06022,40.61145],[-0.06425,40.61151],[-0.06555,40.61056],[-0.06836,40.61207],[-0.06899,40.61321],[-0.07108,40.61425],[-0.07257,40.6164],[-0.0756,40.61708],[-0.07839,40.61869],[-0.08022,40.61907],[-0.0871,40.61805],[-0.08952,40.61844],[-0.0922,40.61784],[-0.09497,40.61798],[-0.09635,40.61576],[-0.09857,40.6148],[-0.10264,40.61631],[-0.10292,40.61711],[-0.09982,40.6183],[-0.09927,40.61929]]]]},"properties":{"CUSEC":"1208001001","CMUN":"080","CDIS":"01","CSEC":"001","NMUN":"Morella"}},
{"type":"Feature","geometry":{"type":"MultiPolygon","coordinates":[[[[-0.05371,40.72788],[-0.05591,40.72673],[-0.0647,40.72741],[-0.07985,40.73334],[-0.08594,40.73793],[-0.08881,40.73891],[-0.09293,40.73923],[-0.09604,40.74181],[-0.09819,40.74186],[-0.10077,40.74301],[-0.10204,40.74271],[-0.10172,40.73552],[-0.10262,40.73476],[-0.10363,40.73116],[-0.10249,40.72814],[-0.10255,40.72448],[-0.1049,40.71847],[-0.10398,40.71668],[-0.10406,40.71295],[-0.10247,40.70956],[-0.10267,40.70767],[-0.10439,40.70672],[-0.10551,40.70438],[-0.10396,40.70464],[-0.10039,40.70315],[-0.09767,40.70146],[-0.09533,40.70135],[-0.09432,40.70007],[-0.08825,40.69719],[-0.08718,40.69573],[-0.08472,40.69434],[-0.08434,40.69283],[-0.0812,40.69041],[-0.07726,40.68791],[-0.07541,40.68557],[-0.0715,40.68393],[-0.06743,40.68408],[-0.06444,40.68469],[-0.06064,40.68251],[-0.0551,40.68123],[-0.05602,40.68017],[-0.0584,40.67371],[-0.05748,40.67225],[-0.05157,40.66951],[-0.04797,40.66726],[-0.04772,40.66645],[-0.04403,40.66531],[-0.03965,40.66342],[-0.03576,40.66099],[-0.03111,40.65919],[-0.02721,40.6586],[-0.02305,40.65928],[-0.01683,40.65894],[-0.01476,40.65832],[-0.00498,40.65914],[0.00098,40.66224],[0.00492,40.66317],[0.01121,40.66236],[0.01115,40.6634],[0.00787,40.66462],[0.00686,40.66674],[0.00478,40.66906],[0.00466,40.6709],[0.00539,40.67358],[0.00203,40.67585],[-0.0011,40.67567],[-0.00179,40.67688],[-0.00415,40.67684],[-0.00445,40.67759],[-0.02714,40.68632],[-0.04325,40.69943],[-0.06866,40.70577],[-0.06912,40.70837],[-0.06579,40.7094],[-0.06267,40.70864],[-0.05788,40.70989],[-0.0589,40.71134],[-0.05172,40.71656],[-0.05002,40.71586],[-0.04889,40.71681],[-0.05198,40.72104],[-0.05348,40.72113],[-0.05379,40.7249],[-0.05318,40.72611],[-0.05371,40.72788]]],[[[0.02912,40.63269],[0.02536,40.63314],[0.02217,40.63407],[0.0173,40.63428],[0.01077,40.63366],[0.00514,40.63363],[0.00385,40.63317],[0.00056,40.63435],[-0.00423,40.63338],[-0.00579,40.63238],[-0.00965,40.63372],[-0.01186,40.63564],[-0.01408,40.63438],[-0.01545,40.63264],[-0.01567,40.62857],[-0.01981,40.6266],[-0.02404,40.62619],[-0.0283,40.6291],[-0.03046,40.62858],[-0.03316,40.6302],[-0.03897,40.63206],[-0.04099,40.63509],[-0.04842,40.63675],[-0.05066,40.63803],[-0.05731,40.64108],[-0.05912,40.6428],[-0.06481,40.64466],[-0.06685,40.64597],[-0.06793,40.63859],[-0.07175,40.63993],[-0.07906,40.6416],[-0.08479,40.64119],[-0.09097,40.64129],[-0.09185,40.63868],[-0.08988,40.63654],[-0.08983,40.63393],[-0.09108,40.63277],[-0.09248,40.63022],[-0.09698,40.62616],[-0.09935,40.6217],[-0.09771,40.6211],[-0.09927,40.61929],[-0.09982,40.6183],[-0.10292,40.61711],[-0.10264,40.61631],[-0.09857,40.6148],[-0.09635,40.61576],[-0.09497,40.61798],[-0.0922,40.61784],[-0.08952,40.61844],[-0.0871,40.61805],[-0.08022,40.61907],[-0.07839,40.61869],[-0.0756,40.61708],[-0.07257,40.6164],[-0.07108,40.61425],[-0.06899,40.61321],[-0.06836,40.61207],[-0.06555,40.61056],[-0.06425,40.61151],[-0.06022,40.61145],[-0.05822,40.61207],[-0.05406,40.61141],[-0.05203,40.60973],[-0.04945,40.60851],[-0.04837,40.60657],[-0.04643,40.60541],[-0.04466,40.60525],[-0.04257,40.60157],[-0.04151,40.59836],[-0.03903,40.59698],[-0.03835,40.59496],[-0.03639,40.59473],[-0.02953,40.59568],[-0.0245,40.5974],[-0.02109,40.59798],[-0.01857,40.59989],[-0.01585,40.60037],[-0.01404,40.5996],[-0.01379,40.59823],[-0.0119,40.59518],[-0.00989,40.59319],[-0.00576,40.58996],[-0.00352,40.58925],[0.00304,40.5864],[0.00366,40.59358],[0.00568,40.5959],[0.00996,40.59865],[0.01313,40.59929],[0.01619,40.59914],[0.02048,40.60139],[0.02411,40.60472],[0.02332,40.60689],[0.02024,40.61014],[0.01776,40.6114],[0.01601,40.61151],[0.011,40.61404],[0.00999,40.61561],[0.01046,40.61741],[0.0096,40.61896],[0.00992,40.62091],[0.00907,40.62265],[0.01152,40.62298],[0.01473,40.62463],[0.0171,40.625],[0.01957,40.62626],[0.024,40.62667],[0.02544,40.6272],[0.02788,40.63011],[0.02912,40.63269]]]]},"properties":{"CUSEC":"1208002001","CMUN":"080","CDIS":"02","CSEC":"001","NMUN":"Morella"}},
{"type":"Feature","geometry":{"type":"MultiPolygon","coordinates":[[[[0.00304,40.5864],[-0.00352,40.58925],[-0.00576,40.58996],[-0.00989,40.59319],[-0.0119,40.59518],[-0.01379,40.59823],[-0.01404,40.5996],[-0.01585,40.60037],[-0.01857,40.59989],[-0.02109,40.59798],[-0.0245,40.5974],[-0.02953,40.59568],[-0.03639,40.59473],[-0.03835,40.59496],[-0.04314,40.59477],[-0.04527,40.59503],[-0.05069,40.59369],[-0.05795,40.59448],[-0.06287,40.59203],[-0.0652,40.59206],[-0.06691,40.59309],[-0.06815,40.59519],[-0.06806,40.60071],[-0.0698,40.60163],[-0.07154,40.60156],[-0.07349,40.5989],[-0.07402,40.59509],[-0.07486,40.5939],[-0.07738,40.59272],[-0.08235,40.59296],[-0.08396,40.59358],[-0.08824,40.59419],[-0.09338,40.5959],[-0.09498,40.59722],[-0.09812,40.59841],[-0.10215,40.59836],[-0.10473,40.59946],[-0.10956,40.59981],[-0.11076,40.59874],[-0.11082,40.59681],[-0.10939,40.59478],[-0.10947,40.59259],[-0.11032,40.59159],[-0.11075,40.58836],[-0.11242,40.58571],[-0.1143,40.58423],[-0.1166,40.58057],[-0.11725,40.57849],[-0.11921,40.5772],[-0.12143,40.57665],[-0.12228,40.57442],[-0.12179,40.57249],[-0.11902,40.56834],[-0.11874,40.56718],[-0.11349,40.56257],[-0.11539,40.56076],[-0.11777,40.56056],[-0.11962,40.55916],[-0.12144,40.55975],[-0.12364,40.56403],[-0.12527,40.56421],[-0.12622,40.56276],[-0.1286,40.56119],[-0.13289,40.56017],[-0.13935,40.56043],[-0.14181,40.56108],[-0.14418,40.56311],[-0.147,40.56288],[-0.15045,40.56442],[-0.15279,40.56616],[-0.15591,40.56589],[-0.16065,40.56675],[-0.1632,40.56914],[-0.16747,40.57114],[-0.1693,40.5727],[-0.17146,40.57718],[-0.17426,40.57794],[-0.17957,40.57736],[-0.18253,40.57881],[-0.18626,40.57363],[-0.18704,40.57181],[-0.18616,40.56775],[-0.18647,40.56623],[-0.1883,40.56426],[-0.18805,40.56211],[-0.1859,40.56001],[-0.18217,40.55924],[-0.17939,40.56031],[-0.17593,40.56005],[-0.1751,40.55927],[-0.17522,40.55534],[-0.17825,40.55368],[-0.1782,40.55185],[-0.17382,40.55274],[-0.17227,40.55476],[-0.16949,40.55367],[-0.16942,40.55224],[-0.17115,40.54893],[-0.17323,40.54703],[-0.17161,40.54409],[-0.16988,40.543],[-0.16781,40.54338],[-0.16726,40.54535],[-0.16535,40.54783],[-0.16323,40.54926],[-0.16027,40.55021],[-0.15804,40.54989],[-0.15704,40.54853],[-0.15747,40.54555],[-0.16079,40.54389],[-0.16306,40.54223],[-0.16334,40.53925],[-0.16219,40.5356],[-0.16036,40.5333],[-0.16412,40.53106],[-0.16437,40.52987],[-0.16161,40.52844],[-0.16148,40.52675],[-0.16457,40.52405],[-0.1654,40.5226],[-0.16416,40.52195],[-0.161,40.52384],[-0.1599,40.52275],[-0.16153,40.52161],[-0.16091,40.52064],[-0.15719,40.52],[-0.15357,40.51729],[-0.15096,40.51481],[-0.14752,40.5157],[-0.14278,40.51323],[-0.14314,40.51105],[-0.13984,40.50509],[-0.13809,40.50383],[-0.13445,40.50845],[-0.12906,40.50953],[-0.12653,40.50847],[-0.12518,40.50652],[-0.12395,40.50739],[-0.12293,40.50959],[-0.12364,40.51428],[-0.12453,40.51572],[-0.12375,40.51779],[-0.12664,40.52038],[-0.12526,40.52307],[-0.12304,40.52433],[-0.12021,40.52481],[-0.11784,40.52435],[-0.11568,40.52288],[-0.10959,40.52237],[-0.10757,40.52322],[-0.10599,40.52515],[-0.1058,40.52672],[-0.10667,40.52934],[-0.10921,40.53104],[-0.11255,40.53161],[-0.11538,40.53332],[-0.11576,40.53495],[-0.11884,40.53761],[-0.12067,40.54141],[-0.1223,40.54272],[-0.12352,40.54593],[-0.12622,40.54678],[-0.1268,40.54801],[-0.12497,40.54878],[-0.12329,40.54818],[-0.11695,40.548],[-0.11601,40.54842],[-0.114,40.5536],[-0.11367,40.5563],[-0.11422,40.56139],[-0.10872,40.56138],[-0.10761,40.56204],[-0.10213,40.5633],[-0.09823,40.56291],[-0.09504,40.56312],[-0.08634,40.56425],[-0.08442,40.56422],[-0.08237,40.5651],[-0.06893,40.56512],[-0.06169,40.56573],[-0.05759,40.56575],[-0.05453,40.56623],[-0.05217,40.56487],[-0.05326,40.56173],[-0.05319,40.56033],[-0.05148,40.55707],[-0.05107,40.55521],[-0.05342,40.54724],[-0.05224,40.54481],[-0.05233,40.54175],[-0.05126,40.53884],[-0.0529,40.53559],[-0.05297,40.53263],[-0.05,40.53172],[-0.04562,40.53208],[-0.04321,40.53166],[-0.03968,40.53022],[-0.03871,40.52741],[-0.04011,40.52413],[-0.04383,40.52291],[-0.04528,40.521],[-0.04467,40.51857],[-0.04211,40.51769],[-0.0412,40.51657],[-0.03699,40.51499],[-0.03455,40.5149],[-0.03166,40.51548],[-0.02915,40.51345],[-0.02663,40.51285],[-0.02378,40.51078],[-0.02347,40.50942],[-0.02006,40.50802],[-0.01382,40.51081],[-0.00941,40.51056],[-0.0081,40.51116],[-0.00476,40.51025],[-0.00496,40.51167],[-0.00337,40.51422],[0.00031,40.51397],[0.00412,40.5162],[0.00353,40.51733],[0.00505,40.5197],[0.00646,40.52427],[0.0092,40.52813],[0.00781,40.52936],[0.00538,40.52996],[0.00443,40.53165],[0.00761,40.533],[0.01044,40.53211],[0.01559,40.53345],[0.01791,40.53285],[0.02046,40.53132],[0.02999,40.53125],[0.03583,40.53363],[0.03678,40.53302],[0.04177,40.53186],[0.05169,40.53272],[0.06035,40.53211],[0.06071,40.52965],[0.06405,40.53015],[0.06668,40.53264],[0.07082,40.53402],[0.07262,40.53585],[0.07262,40.53763],[0.07606,40.54201],[0.0792,40.54378],[0.08121,40.54778],[0.08311,40.54855],[0.08424,40.54978],[0.08437,40.55367],[0.08499,40.55624],[0.08351,40.55854],[0.08256,40.56111],[0.07776,40.56589],[0.07842,40.56748],[0.0778,40.56979],[0.07863,40.5721],[0.07687,40.5722],[0.07282,40.57076],[0.06983,40.57049],[0.06714,40.56932],[0.06215,40.56823],[0.06071,40.56846],[0.05444,40.57154],[0.05298,40.5741],[0.04828,40.57398],[0.04104,40.57568],[0.03321,40.57884],[0.03138,40.57885],[0.02766,40.57695],[0.0235,40.57794],[0.01908,40.5794],[0.0145,40.58182],[0.01274,40.58397],[0.00884,40.58399],[0.0029,40.58484],[0.00304,40.5864]]],[[[-0.13171,40.6999],[-0.13267,40.69797],[-0.14031,40.69513],[-0.14321,40.69222],[-0.14756,40.6943],[-0.15687,40.69825],[-0.16519,40.70594],[-0.17836,40.70928],[-0.18425,40.70886],[-0.187,40.70964],[-0.1922,40.70869],[-0.19414,40.70878],[-0.19637,40.7079],[-0.19915,40.70809],[-0.20149,40.70577],[-0.20361,40.70511],[-0.20726,40.70532],[-0.20819,40.70477],[-0.20826,40.7027],[-0.21116,40.69954],[-0.21103,40.69671],[-0.20843,40.68923],[-0.20253,40.68836],[-0.19877,40.68584],[-0.19453,40.68461],[-0.19253,40.68453],[-0.19009,40.68349],[-0.18711,40.68014],[-0.18874,40.67849],[-0.19048,40.67502],[-0.18479,40.67303],[-0.1815,40.67431],[-0.1755,40.67413],[-0.17331,40.67312],[-0.17191,40.6717],[-0.17156,40.67013],[-0.16578,40.66837],[-0.16336,40.66942],[-0.15949,40.66889],[-0.15855,40.6672],[-0.15266,40.66494],[-0.15139,40.66475],[-0.16183,40.6593],[-0.16462,40.65662],[-0.17273,40.65956],[-0.17536,40.65999],[-0.1807,40.66147],[-0.18306,40.66101],[-0.18514,40.65539],[-0.18442,40.65441],[-0.17711,40.65231],[-0.17222,40.64982],[-0.17435,40.64854],[-0.1739,40.64721],[-0.16795,40.64476],[-0.16547,40.64467],[-0.16331,40.64258],[-0.16059,40.64272],[-0.1582,40.64151],[-0.15687,40.64168],[-0.15504,40.63921],[-0.15234,40.63805],[-0.14951,40.63612],[-0.14855,40.63312],[-0.14702,40.63045],[-0.14212,40.62814],[-0.13909,40.62556],[-0.13924,40.62376],[-0.13682,40.62261],[-0.13272,40.62175],[-0.11931,40.62022],[-0.11398,40.61981],[-0.10979,40.61873],[-0.10562,40.61922],[-0.10382,40.61857],[-0.09927,40.61929],[-0.09771,40.6211],[-0.09935,40.6217],[-0.09698,40.62616],[-0.09248,40.63022],[-0.09108,40.63277],[-0.08983,40.63393],[-0.08988,40.63654],[-0.09185,40.63868],[-0.09097,40.64129],[-0.08479,40.64119],[-0.07906,40.6416],[-0.07175,40.63993],[-0.06793,40.63859],[-0.06685,40.64597],[-0.06481,40.64466],[-0.05912,40.6428],[-0.05731,40.64108],[-0.05066,40.63803],[-0.04842,40.63675],[-0.04099,40.63509],[-0.03897,40.63206],[-0.03316,40.6302],[-0.03046,40.62858],[-0.0283,40.6291],[-0.02404,40.62619],[-0.01981,40.6266],[-0.01567,40.62857],[-0.01545,40.63264],[-0.01408,40.63438],[-0.01186,40.63564],[-0.00965,40.63372],[-0.00579,40.63238],[-0.00423,40.63338],[0.00056,40.63435],[0.00385,40.63317],[0.00514,40.63363],[0.01077,40.63366],[0.0173,40.63428],[0.02217,40.63407],[0.02536,40.63314],[0.02912,40.63269],[0.03193,40.6349],[0.03222,40.63699],[0.03461,40.63736],[0.03437,40.63955],[0.03494,40.64203],[0.03508,40.64633],[0.03813,40.65014],[0.01405,40.6486],[0.01522,40.6495],[0.01805,40.65015],[0.02128,40.65199],[0.02037,40.65547],[0.01811,40.65877],[0.01119,40.66174],[0.01121,40.66236],[0.00492,40.66317],[0.00098,40.66224],[-0.00498,40.65914],[-0.01476,40.65832],[-0.01683,40.65894],[-0.02305,40.65928],[-0.02721,40.6586],[-0.03111,40.65919],[-0.03576,40.66099],[-0.03965,40.66342],[-0.04403,40.66531],[-0.04772,40.66645],[-0.04797,40.66726],[-0.05157,40.66951],[-0.05748,40.67225],[-0.0584,40.67371],[-0.05602,40.68017],[-0.0551,40.68123],[-0.06064,40.68251],[-0.06444,40.68469],[-0.06743,40.68408],[-0.0715,40.68393],[-0.07541,40.68557],[-0.07726,40.68791],[-0.0812,40.69041],[-0.08434,40.69283],[-0.08472,40.69434],[-0.08718,40.69573],[-0.08825,40.69719],[-0.09432,40.70007],[-0.09533,40.70135],[-0.09767,40.70146],[-0.10039,40.70315],[-0.10396,40.70464],[-0.10551,40.70438],[-0.10935,40.69634],[-0.11073,40.6929],[-0.11553,40.6938],[-0.13171,40.6999]]]]},"properties":{"CUSEC":"1208003001","CMUN":"080","CDIS":"03","CSEC":"001","NMUN":"Morella"}},
{"type":"Feature","geometry":{"type":"Polygon","coordinates":[[[-0.47728,39.87872],[-0.48067,39.88202],[-0.48625,39.88686],[-0.48695,39.88909],[-0.49537,39.8964],[-0.50241,39.89702],[-0.51001,39.89347],[-0.51385,39.89059],[-0.51595,39.88813],[-0.52063,39.8838],[-0.51917,39.87672],[-0.50803,39.86941],[-0.50156,39.86455],[-0.49278,39.86921],[-0.48775,39.87287],[-0.47867,39.87814],[-0.47729,39.87872],[-0.47728,39.87872]]]},"properties":{"CUSEC":"1208101001","CMUN":"081","CDIS":"01","CSEC":"001","NMUN":"Navajas"}},
{"type":"Feature","geometry":{"type":"Polygon","coordinates":[[[-0.15322,39.85187],[-0.15043,39.8552],[-0.15151,39.85595],[-0.154,39.85384],[-0.15501,39.85439],[-0.15643,39.85501],[-0.1572,39.85417],[-0.15432,39.85248],[-0.15322,39.85187]]]},"properties":{"CUSEC":"1208201001","CMUN":"082","CDIS":"01","CSEC":"001","NMUN":"Nules"}},
{"type":"Feature","geometry":{"type":"Polygon","coordinates":[[[-0.16972,39.8959],[-0.17484,39.89567],[-0.17944,39.89502],[-0.18374,39.89507],[-0.18752,39.89557],[-0.19356,39.89546],[-0.19723,39.89889],[-0.20138,39.89424],[-0.20427,39.89146],[-0.20845,39.88836],[-0.21125,39.88547],[-0.21641,39.87932],[-0.21932,39.87624],[-0.22897,39.86712],[-0.23598,39.86102],[-0.23049,39.86112],[-0.22762,39.8606],[-0.22568,39.86115],[-0.22307,39.86242],[-0.21884,39.86182],[-0.21599,39.86074],[-0.21521,39.8565],[-0.21353,39.85534],[-0.20945,39.85542],[-0.20697,39.85501],[-0.20506,39.85295],[-0.20193,39.8513],[-0.19208,39.8449],[-0.1905,39.84353],[-0.17809,39.83494],[-0.1748,39.83322],[-0.1724,39.83194],[-0.17432,39.81684],[-0.17128,39.81605],[-0.17191,39.81415],[-0.17212,39.81359],[-0.1709,39.81328],[-0.16416,39.80949],[-0.1624,39.81289],[-0.15455,39.81975],[-0.15371,39.82096],[-0.14024,39.81646],[-0.13383,39.81329],[-0.12617,39.80968],[-0.12343,39.80888],[-0.11962,39.81391],[-0.11817,39.81624],[-0.11457,39.81999],[-0.10901,39.8267],[-0.10741,39.82921],[-0.10359,39.83232],[-0.09972,39.83655],[-0.09647,39.84131],[-0.10559,39.84653],[-0.11762,39.85356],[-0.12354,39.85649],[-0.12869,39.86059],[-0.12908,39.86193],[-0.133,39.8647],[-0.13528,39.86498],[-0.13735,39.86674],[-0.13888,39.868],[-0.14238,39.87187],[-0.14437,39.87691],[-0.15069,39.88252],[-0.15284,39.88299],[-0.15885,39.88509],[-0.16272,39.88822],[-0.16658,39.89028],[-0.16837,39.89302],[-0.16972,39.8959]],[[-0.2094,39.87323],[-0.20511,39.87579],[-0.20101,39.87757],[-0.19884,39.87687],[-0.19634,39.87725],[-0.19432,39.87543],[-0.19036,39.87328],[-0.18753,39.87043],[-0.18553,39.86934],[-0.18227,39.86867],[-0.17441,39.86467],[-0.16971,39.86091],[-0.17177,39.86047],[-0.17437,39.85826],[-0.17649,39.85573],[-0.17203,39.85319],[-0.17304,39.8521],[-0.17512,39.85092],[-0.17984,39.85277],[-0.18364,39.85281],[-0.18682,39.85179],[-0.18887,39.85047],[-0.1924,39.85154],[-0.19666,39.85201],[-0.19606,39.85727],[-0.19663,39.85857],[-0.199,39.86051],[-0.20421,39.86251],[-0.20649,39.86256],[-0.20885,39.86169],[-0.21292,39.86225],[-0.21522,39.86452],[-0.21314,39.86633],[-0.21271,39.86898],[-0.21065,39.87085],[-0.2094,39.87323]],[[-0.16141,39.85891],[-0.15856,39.85932],[-0.15578,39.85789],[-0.1545,39.85893],[-0.15223,39.85715],[-0.15501,39.85439],[-0.154,39.85384],[-0.15151,39.85595],[-0.15043,39.8552],[-0.15322,39.85187],[-0.15672,39.84807],[-0.15753,39.84853],[-0.16017,39.84568],[-0.16128,39.84543],[-0.16609,39.84816],[-0.16477,39.85233],[-0.16371,39.85451],[-0.16905,39.85674],[-0.16266,39.85645],[-0.16141,39.85891]]]},"properties":{"CUSEC":"1208201002","CMUN":"082","CDIS":"01","CSEC":"002","NMUN":"Nules"}},
{"type":"Feature","geometry":{"type":"Polygon","coordinates":[[[-0.15501,39.85439],[-0.15223,39.85715],[-0.1545,39.85893],[-0.15578,39.85789],[-0.15856,39.85932],[-0.16141,39.85891],[-0.15587,39.8556],[-0.15643,39.85501],[-0.15501,39.85439]]]},"properties":{"CUSEC":"1208201003","CMUN":"082","CDIS":"01","CSEC":"003","NMUN":"Nules"}},
{"type":"Feature","geometry":{"type":"Polygon","coordinates":[[[-0.15643,39.85501],[-0.15587,39.8556],[-0.16141,39.85891],[-0.16266,39.85645],[-0.16106,39.856],[-0.15752,39.85381],[-0.1572,39.85417],[-0.15643,39.85501]]]},"properties":{"CUSEC":"1208201004","CMUN":"082","CDIS":"01","CSEC":"004","NMUN":"Nules"}},
{"type":"Feature","geometry":{"type":"Polygon","coordinates":[[[-0.15432,39.85248],[-0.1572,39.85417],[-0.15752,39.85381],[-0.15837,39.85286],[-0.15707,39.85124],[-0.15608,39.85071],[-0.15432,39.85248]]]},"properties":{"CUSEC":"1208202001","CMUN":"082","CDIS":"02","CSEC":"001","NMUN":"Nules"}},
{"type":"Feature","geometry":{"type":"Polygon","coordinates":[[[-0.16477,39.85233],[-0.16064,39.85088],[-0.15837,39.85286],[-0.15752,39.85381],[-0.16106,39.856],[-0.16266,39.85645],[-0.16905,39.85674],[-0.16371,39.85451],[-0.16477,39.85233]]]},"properties":{"CUSEC":"1208202002","CMUN":"082","CDIS":"02","CSEC":"002","NMUN":"Nules"}},
{"type":"Feature","geometry":{"type":"Polygon","coordinates":[[[-0.15753,39.84853],[-0.15672,39.84807],[-0.15322,39.85187],[-0.15432,39.85248],[-0.15608,39.85071],[-0.15707,39.85124],[-0.1561,39.85071],[-0.1579,39.84878],[-0.15753,39.84853]]]},"properties":{"CUSEC":"1208202003","CMUN":"082","CDIS":"02","CSEC":"003","NMUN":"Nules"}},
{"type":"Feature","geometry":{"type":"Polygon","coordinates":[[[-0.16064,39.85088],[-0.16477,39.85233],[-0.16609,39.84816],[-0.16128,39.84543],[-0.16017,39.84568],[-0.15753,39.84853],[-0.1579,39.84878],[-0.15949,39.84759],[-0.16064,39.85088]]]},"properties":{"CUSEC":"1208202004","CMUN":"082","CDIS":"02","CSEC":"004","NMUN":"Nules"}},
{"type":"Feature","geometry":{"type":"Polygon","coordinates":[[[-0.15707,39.85124],[-0.15837,39.85286],[-0.16064,39.85088],[-0.15949,39.84759],[-0.1579,39.84878],[-0.1561,39.85071],[-0.15707,39.85124]]]},"properties":{"CUSEC":"1208202005","CMUN":"082","CDIS":"02","CSEC":"005","NMUN":"Nules"}},
{"type":"Feature","geometry":{"type":"Polygon","coordinates":[[[-0.307,40.6595],[-0.31657,40.66332],[-0.31823,40.66607],[-0.32043,40.66837],[-0.32218,40.67343],[-0.32142,40.67527],[-0.32211,40.67772],[-0.32586,40.678],[-0.32882,40.68028],[-0.33695,40.6792],[-0.33999,40.6798],[-0.34642,40.67933],[-0.3522,40.67775],[-0.35617,40.67769],[-0.35901,40.67556],[-0.37051,40.67228],[-0.37229,40.66963],[-0.37033,40.66897],[-0.37202,40.66725],[-0.37381,40.66821],[-0.37796,40.66754],[-0.38113,40.66423],[-0.38151,40.66158],[-0.37941,40.65704],[-0.37096,40.6511],[-0.3724,40.64704],[-0.37244,40.64576],[-0.37115,40.64354],[-0.37197,40.64111],[-0.37363,40.64025],[-0.37641,40.63635],[-0.37613,40.63376],[-0.37692,40.63064],[-0.37819,40.62985],[-0.37967,40.62353],[-0.37758,40.61889],[-0.37214,40.6154],[-0.37048,40.61359],[-0.36778,40.61371],[-0.36622,40.61472],[-0.36284,40.61432],[-0.36025,40.61551],[-0.35579,40.61416],[-0.34401,40.6112],[-0.34329,40.60652],[-0.33994,40.6065],[-0.33773,40.60729],[-0.33441,40.60632],[-0.3291,40.60562],[-0.32485,40.60316],[-0.32208,40.60284],[-0.31852,40.6074],[-0.31158,40.61145],[-0.3057,40.61207],[-0.30301,40.6115],[-0.30007,40.61285],[-0.2986,40.61284],[-0.29997,40.61827],[-0.30116,40.61953],[-0.30128,40.62226],[-0.2975,40.62377],[-0.29749,40.62777],[-0.29563,40.63569],[-0.29636,40.63823],[-0.29868,40.63943],[-0.30119,40.64287],[-0.30617,40.64692],[-0.30831,40.65328],[-0.30943,40.65584],[-0.30743,40.65727],[-0.307,40.6595]]]},"properties":{"CUSEC":"1208301001","CMUN":"083","CDIS":"01","CSEC":"001","NMUN":"Olocau del Rey"}},
{"type":"Feature","geometry":{"type":"Polygon","coordinates":[[[-0.26875,39.96523],[-0.26979,39.96545],[-0.27488,39.96479],[-0.27598,39.96207],[-0.28669,39.9602],[-0.29063,39.95853],[-0.29549,39.95425],[-0.29626,39.95311],[-0.30084,39.95089],[-0.29714,39.95155],[-0.29033,39.95621],[-0.28598,39.95604],[-0.28442,39.95646],[-0.28332,39.95787],[-0.28163,39.95825],[-0.27959,39.9601],[-0.27808,39.959],[-0.27481,39.9581],[-0.27237,39.95945],[-0.26882,39.96489],[-0.26875,39.96523]]]},"properties":{"CUSEC":"1208401001","CMUN":"084","CDIS":"01","CSEC":"001","NMUN":"Onda"}},
{"type":"Feature","geometry":{"type":"Polygon","coordinates":[[[-0.2647,39.9624],[-0.26658,39.96278],[-0.26882,39.96489],[-0.27237,39.95945],[-0.27481,39.9581],[-0.27808,39.959],[-0.27616,39.95749],[-0.27305,39.95713],[-0.27155,39.95857],[-0.26903,39.95915],[-0.26467,39.95854],[-0.26548,39.95916],[-0.2647,39.9624]]]},"properties":{"CUSEC":"1208401002","CMUN":"084","CDIS":"01","CSEC":"002","NMUN":"Onda"}},
{"type":"Feature","geometry":{"type":"Polygon","coordinates":[[[-0.26045,39.96404],[-0.26053,39.96523],[-0.26261,39.96516],[-0.26404,39.96511],[-0.2641,39.96286],[-0.2627,39.96234],[-0.26045,39.96404]]]},"properties":{"CUSEC":"1208401003","CMUN":"084","CDIS":"01","CSEC":"003","NMUN":"Onda"}},
{"type":"Feature","geometry":{"type":"Polygon","coordinates":[[[-0.26489,39.96508],[-0.26875,39.96523],[-0.26882,39.96489],[-0.26658,39.96278],[-0.2647,39.9624],[-0.2641,39.96286],[-0.26404,39.96511],[-0.26489,39.96508]]]},"properties":{"CUSEC":"1208401004","CMUN":"084","CDIS":"01","CSEC":"004","NMUN":"Onda"}},
{"type":"Feature","geometry":{"type":"Polygon","coordinates":[[[-0.2492,39.96847],[-0.25077,39.96978],[-0.2552,39.97049],[-0.25736,39.96585],[-0.25682,39.96533],[-0.25532,39.9656],[-0.2492,39.96847]]]},"properties":{"CUSEC":"1208402001","CMUN":"084","CDIS":"02","CSEC":"001","NMUN":"Onda"}},
{"type":"Feature","geometry":{"type":"Polygon","coordinates":[[[-0.26319,39.96654],[-0.26424,39.96792],[-0.26489,39.96508],[-0.26404,39.96511],[-0.26261,39.96516],[-0.26319,39.96654]]]},"properties":{"CUSEC":"1208402002","CMUN":"084","CDIS":"02","CSEC":"002","NMUN":"Onda"}},
{"type":"Feature","geometry":{"type":"Polygon","coordinates":[[[-0.25642,39.96112],[-0.25695,39.9602],[-0.25968,39.96023],[-0.26467,39.95854],[-0.26903,39.95915],[-0.27155,39.95857],[-0.27305,39.95713],[-0.27616,39.95749],[-0.27808,39.959],[-0.27959,39.9601],[-0.28163,39.95825],[-0.28332,39.95787],[-0.28442,39.95646],[-0.28598,39.95604],[-0.29033,39.95621],[-0.29714,39.95155],[-0.30084,39.95089],[-0.29871,39.95052],[-0.29238,39.95326],[-0.28985,39.95212],[-0.28888,39.94797],[-0.28794,39.94595],[-0.27986,39.93757],[-0.27548,39.93275],[-0.26084,39.92602],[-0.25737,39.92845],[-0.25577,39.93005],[-0.25076,39.92704],[-0.24794,39.92609],[-0.23994,39.92581],[-0.23424,39.92605],[-0.23021,39.92644],[-0.22813,39.92888],[-0.22503,39.93083],[-0.21289,39.94599],[-0.21005,39.94909],[-0.20196,39.94568],[-0.1964,39.94404],[-0.1883,39.94106],[-0.18471,39.94069],[-0.18284,39.94159],[-0.17719,39.94028],[-0.17655,39.93879],[-0.17495,39.93801],[-0.17364,39.9433],[-0.17228,39.94734],[-0.17261,39.94787],[-0.17223,39.9496],[-0.17616,39.95038],[-0.17885,39.94954],[-0.18205,39.95023],[-0.18392,39.95187],[-0.18561,39.9522],[-0.18467,39.9546],[-0.1807,39.95367],[-0.17907,39.95416],[-0.17165,39.95214],[-0.16963,39.96171],[-0.16987,39.96378],[-0.16899,39.9673],[-0.16834,39.97453],[-0.16665,39.9805],[-0.16425,39.97974],[-0.16306,39.97838],[-0.15822,39.97505],[-0.15703,39.97251],[-0.15369,39.97116],[-0.1466,39.97787],[-0.14147,39.98081],[-0.13647,39.98335],[-0.13461,39.98702],[-0.14211,39.99296],[-0.14757,39.99562],[-0.15046,39.99803],[-0.15258,39.99918],[-0.15582,40.0001],[-0.15805,40.00142],[-0.15948,40.00479],[-0.15822,40.00983],[-0.15833,40.01136],[-0.1612,40.0198],[-0.16422,40.0202],[-0.16725,40.02115],[-0.16883,40.02084],[-0.17218,40.0227],[-0.17926,40.02039],[-0.18162,40.01914],[-0.18741,40.01798],[-0.18952,40.01801],[-0.19283,40.01634],[-0.19515,40.01592],[-0.19816,40.01426],[-0.20738,40.01145],[-0.20882,40.01225],[-0.21069,40.02083],[-0.21369,40.02267],[-0.21769,40.02252],[-0.2225,40.02394],[-0.22506,40.02585],[-0.23227,40.02603],[-0.23984,40.02916],[-0.24349,40.03125],[-0.24903,40.03285],[-0.25523,40.03368],[-0.25708,40.03512],[-0.26183,40.03747],[-0.2638,40.03896],[-0.26643,40.03937],[-0.27197,40.0411],[-0.27429,40.04287],[-0.27662,40.04352],[-0.28199,40.04757],[-0.28378,40.04856],[-0.28763,40.04793],[-0.28174,40.04359],[-0.27616,40.03994],[-0.27292,40.03592],[-0.27212,40.03296],[-0.27087,40.03052],[-0.26546,40.02438],[-0.25833,40.02164],[-0.25629,40.02159],[-0.24856,40.02063],[-0.24865,40.0184],[-0.25003,40.01727],[-0.24967,40.01551],[-0.25228,40.0125],[-0.25578,40.01109],[-0.25855,40.01257],[-0.26133,40.01567],[-0.26378,40.0134],[-0.27087,40.01134],[-0.27573,40.01138],[-0.27797,40.01262],[-0.28099,40.01339],[-0.28297,40.01295],[-0.28471,40.01156],[-0.28435,40.00995],[-0.28131,40.00186],[-0.28331,39.99975],[-0.28739,39.99729],[-0.29169,39.99396],[-0.29378,39.99173],[-0.29683,39.98677],[-0.29969,39.98322],[-0.30487,39.97942],[-0.30833,39.97848],[-0.30995,39.97698],[-0.31288,39.97535],[-0.31113,39.97479],[-0.29919,39.96909],[-0.2953,39.96739],[-0.29561,39.96115],[-0.29549,39.95425],[-0.29063,39.95853],[-0.28669,39.9602],[-0.27598,39.96207],[-0.27488,39.96479],[-0.27572,39.96676],[-0.27447,39.96782],[-0.26979,39.96983],[-0.26507,39.97043],[-0.26245,39.97069],[-0.25746,39.97056],[-0.2552,39.97049],[-0.25077,39.96978],[-0.2492,39.96847],[-0.24189,39.97151],[-0.23702,39.97428],[-0.23553,39.97278],[-0.23295,39.9651],[-0.23735,39.96333],[-0.23967,39.96329],[-0.24049,39.96119],[-0.24798,39.9614],[-0.2502,39.96063],[-0.25222,39.96164],[-0.25491,39.96073],[-0.25642,39.96112]]]},"properties":{"CUSEC":"1208402003","CMUN":"084","CDIS":"02","CSEC":"003","NMUN":"Onda"}},
{"type":"Feature","geometry":{"type":"Polygon","coordinates":[[[-0.25954,39.96526],[-0.25962,39.96662],[-0.26319,39.96654],[-0.26261,39.96516],[-0.26053,39.96523],[-0.25954,39.96526]]]},"properties":{"CUSEC":"1208402004","CMUN":"084","CDIS":"02","CSEC":"004","NMUN":"Onda"}},
{"type":"Feature","geometry":{"type":"Polygon","coordinates":[[[-0.26424,39.96792],[-0.26507,39.97043],[-0.26979,39.96983],[-0.27447,39.96782],[-0.27572,39.96676],[-0.27488,39.96479],[-0.26979,39.96545],[-0.26875,39.96523],[-0.26489,39.96508],[-0.26424,39.96792]]]},"properties":{"CUSEC":"1208402005","CMUN":"084","CDIS":"02","CSEC":"005","NMUN":"Onda"}},
{"type":"Feature","geometry":{"type":"Polygon","coordinates":[[[-0.25746,39.97056],[-0.26245,39.97069],[-0.26507,39.97043],[-0.26424,39.96792],[-0.26319,39.96654],[-0.25962,39.96662],[-0.25763,39.96806],[-0.25746,39.97056]]]},"properties":{"CUSEC":"1208402006","CMUN":"084","CDIS":"02","CSEC":"006","NMUN":"Onda"}},
{"type":"Feature","geometry":{"type":"Polygon","coordinates":[[[-0.2552,39.97049],[-0.25746,39.97056],[-0.25763,39.96806],[-0.25962,39.96662],[-0.25954,39.96526],[-0.25682,39.96533],[-0.25736,39.96585],[-0.2552,39.97049]]]},"properties":{"CUSEC":"1208402007","CMUN":"084","CDIS":"02","CSEC":"007","NMUN":"Onda"}},
{"type":"Feature","geometry":{"type":"Polygon","coordinates":[[[-0.2641,39.96286],[-0.2647,39.9624],[-0.26548,39.95916],[-0.26467,39.95854],[-0.25968,39.96023],[-0.2627,39.96234],[-0.2641,39.96286]]]},"properties":{"CUSEC":"1208403001","CMUN":"084","CDIS":"03","CSEC":"001","NMUN":"Onda"}},
{"type":"Feature","geometry":{"type":"Polygon","coordinates":[[[-0.25642,39.96112],[-0.25789,39.96261],[-0.26045,39.96404],[-0.2627,39.96234],[-0.25968,39.96023],[-0.25695,39.9602],[-0.25642,39.96112]]]},"properties":{"CUSEC":"1208403002","CMUN":"084","CDIS":"03","CSEC":"002","NMUN":"Onda"}},
{"type":"Feature","geometry":{"type":"MultiPolygon","coordinates":[[[[-0.25642,39.96112],[-0.25491,39.96073],[-0.25222,39.96164],[-0.2502,39.96063],[-0.24798,39.9614],[-0.24049,39.96119],[-0.23967,39.96329],[-0.23735,39.96333],[-0.23295,39.9651],[-0.23553,39.97278],[-0.23702,39.97428],[-0.24189,39.97151],[-0.2492,39.96847],[-0.25532,39.9656],[-0.25682,39.96533],[-0.25954,39.96526],[-0.26053,39.96523],[-0.26045,39.96404],[-0.25789,39.96261],[-0.25642,39.96112]]],[[[-0.17165,39.95214],[-0.17907,39.95416],[-0.1807,39.95367],[-0.18467,39.9546],[-0.18561,39.9522],[-0.18392,39.95187],[-0.18205,39.95023],[-0.17885,39.94954],[-0.17616,39.95038],[-0.17223,39.9496],[-0.17165,39.95214]]]]},"properties":{"CUSEC":"1208403003","CMUN":"084","CDIS":"03","CSEC":"003","NMUN":"Onda"}},
{"type":"Feature","geometry":{"type":"Polygon","coordinates":[[[0.13989,40.09155],[0.13846,40.09131],[0.13574,40.09211],[0.13565,40.09308],[0.131,40.09289],[0.12943,40.09194],[0.12929,40.09067],[0.13405,40.09054],[0.1379,40.08889],[0.13869,40.08846],[0.13989,40.09155]]]},"properties":{"CUSEC":"1208501001","CMUN":"085","CDIS":"01","CSEC":"001","NMUN":"Orpesa/Oropesa del Mar"}},
{"type":"Feature","geometry":{"type":"Polygon","coordinates":[[[0.14009,40.09215],[0.14144,40.09635],[0.13601,40.09807],[0.13684,40.10032],[0.135,40.10096],[0.13363,40.0976],[0.13056,40.09291],[0.12943,40.09194],[0.131,40.09289],[0.13565,40.09308],[0.13574,40.09211],[0.13846,40.09131],[0.13989,40.09155],[0.14009,40.09215]]]},"properties":{"CUSEC":"1208501002","CMUN":"085","CDIS":"01","CSEC":"002","NMUN":"Orpesa/Oropesa del Mar"}},
{"type":"Feature","geometry":{"type":"Polygon","coordinates":[[[0.16087,40.12391],[0.14582,40.12677],[0.13406,40.12834],[0.13032,40.12717],[0.12381,40.12441],[0.12167,40.12209],[0.12072,40.11959],[0.11615,40.11482],[0.11648,40.11175],[0.12038,40.11038],[0.11755,40.10774],[0.11675,40.10625],[0.11328,40.10326],[0.11052,40.09881],[0.11212,40.09771],[0.11901,40.09405],[0.12056,40.09269],[0.12306,40.09228],[0.12427,40.0934],[0.12943,40.09194],[0.13056,40.09291],[0.13363,40.0976],[0.135,40.10096],[0.13684,40.10032],[0.13601,40.09807],[0.14144,40.09635],[0.14009,40.09215],[0.14652,40.09037],[0.14786,40.09723],[0.14914,40.0993],[0.14974,40.10153],[0.15335,40.10628],[0.15418,40.10906],[0.15524,40.11049],[0.15561,40.1134],[0.16001,40.12275],[0.16087,40.12391]]]},"properties":{"CUSEC":"1208501004","CMUN":"085","CDIS":"01","CSEC":"004","NMUN":"Orpesa/Oropesa del Mar"}},
{"type":"Feature","geometry":{"type":"Polygon","coordinates":[[[-0.13171,40.6999],[-0.13206,40.70096],[-0.13626,40.70297],[-0.13729,40.70462],[-0.13998,40.70675],[-0.14335,40.70795],[-0.1493,40.70857],[-0.15906,40.71285],[-0.16096,40.71322],[-0.16318,40.71489],[-0.16659,40.71532],[-0.16929,40.71404],[-0.17368,40.71479],[-0.17631,40.71577],[-0.17865,40.71824],[-0.18015,40.72441],[-0.18171,40.72669],[-0.18378,40.72742],[-0.18881,40.72822],[-0.19002,40.72753],[-0.19261,40.7275],[-0.19435,40.72623],[-0.19948,40.72364],[-0.2033,40.72384],[-0.20707,40.72272],[-0.20947,40.72261],[-0.21166,40.72117],[-0.21408,40.7214],[-0.21608,40.72232],[-0.21806,40.72181],[-0.22181,40.71878],[-0.2232,40.7169],[-0.22521,40.71618],[-0.2273,40.71397],[-0.22999,40.70944],[-0.232,40.70834],[-0.23356,40.70855],[-0.23753,40.69794],[-0.21103,40.69671],[-0.21116,40.69954],[-0.20826,40.7027],[-0.20819,40.70477],[-0.20726,40.70532],[-0.20361,40.70511],[-0.20149,40.70577],[-0.19915,40.70809],[-0.19637,40.7079],[-0.19414,40.70878],[-0.1922,40.70869],[-0.187,40.70964],[-0.18425,40.70886],[-0.17836,40.70928],[-0.16519,40.70594],[-0.15687,40.69825],[-0.14756,40.6943],[-0.14321,40.69222],[-0.14031,40.69513],[-0.13267,40.69797],[-0.13171,40.6999]]]},"properties":{"CUSEC":"1208701001","CMUN":"087","CDIS":"01","CSEC":"001","NMUN":"Palanques"}},
{"type":"Feature","geometry":{"type":"Polygon","coordinates":[[[-0.45188,39.96902],[-0.45998,39.97571],[-0.46529,39.97954],[-0.4686,39.98337],[-0.46989,39.9887],[-0.473,39.99006],[-0.47856,39.99156],[-0.48045,39.99246],[-0.48388,39.99194],[-0.48481,39.99107],[-0.48379,39.98952],[-0.48605,39.98715],[-0.49337,39.98275],[-0.49994,39.98189],[-0.50584,39.9762],[-0.50723,39.97346],[-0.50694,39.97056],[-0.50757,39.96838],[-0.50971,39.96585],[-0.5125,39.96354],[-0.51582,39.95832],[-0.50982,39.9558],[-0.50713,39.95502],[-0.50291,39.95608],[-0.49713,39.95826],[-0.49281,39.95688],[-0.48648,39.95609],[-0.4853,39.95487],[-0.47224,39.95752],[-0.46777,39.95683],[-0.46221,39.95733],[-0.46089,39.95865],[-0.45763,39.95629],[-0.45357,39.95801],[-0.45326,39.9594],[-0.45163,39.96099],[-0.44754,39.96181],[-0.4492,39.96563],[-0.44878,39.96784],[-0.45188,39.96902]]]},"properties":{"CUSEC":"1208801001","CMUN":"088","CDIS":"01","CSEC":"001","NMUN":"Pavías"}},
{"type":"Feature","geometry":{"type":"Polygon","coordinates":[[[0.39984,40.35781],[0.4025,40.35792],[0.40517,40.35733],[0.40648,40.35619],[0.40904,40.35774],[0.40892,40.35929],[0.40734,40.36028],[0.40512,40.35991],[0.40383,40.36198],[0.40185,40.3615],[0.39997,40.35824],[0.39984,40.35781]]]},"properties":{"CUSEC":"1208901001","CMUN":"089","CDIS":"01","CSEC":"001","NMUN":"Peníscola/Peñíscola"}},
{"type":"Feature","geometry":{"type":"Polygon","coordinates":[[[0.40185,40.3615],[0.40383,40.36198],[0.40385,40.36338],[0.4055,40.37003],[0.40781,40.37768],[0.41127,40.38712],[0.41759,40.39958],[0.41483,40.40076],[0.40364,40.4056],[0.39739,40.4079],[0.37498,40.41676],[0.35593,40.42417],[0.35493,40.42425],[0.35463,40.42425],[0.35057,40.42314],[0.34837,40.42297],[0.3446,40.42033],[0.34071,40.41708],[0.34032,40.41313],[0.33898,40.40898],[0.34934,40.4036],[0.35901,40.39882],[0.3607,40.39773],[0.37369,40.3928],[0.37575,40.39109],[0.38801,40.37826],[0.38886,40.37616],[0.39506,40.365],[0.39694,40.36597],[0.40185,40.3615]]]},"properties":{"CUSEC":"1208902002","CMUN":"089","CDIS":"02","CSEC":"002","NMUN":"Peníscola/Peñíscola"}},
{"type":"Feature","geometry":{"type":"Polygon","coordinates":[[[0.39506,40.365],[0.38886,40.37616],[0.38801,40.37826],[0.37575,40.39109],[0.37369,40.3928],[0.3607,40.39773],[0.35901,40.39882],[0.34934,40.4036],[0.33898,40.40898],[0.34032,40.41313],[0.34071,40.41708],[0.3446,40.42033],[0.34837,40.42297],[0.35057,40.42314],[0.35463,40.42425],[0.35023,40.42314],[0.34803,40.42297],[0.34575,40.42138],[0.34037,40.41708],[0.33998,40.41314],[0.33816,40.40763],[0.32935,40.40147],[0.3182,40.39606],[0.31248,40.39342],[0.32185,40.3904],[0.32522,40.3881],[0.33204,40.38533],[0.34081,40.37835],[0.34819,40.37306],[0.34884,40.37037],[0.34608,40.36656],[0.34392,40.36464],[0.34333,40.35976],[0.34158,40.35674],[0.34196,40.3533],[0.33764,40.35191],[0.3339,40.34999],[0.33086,40.34937],[0.32901,40.3475],[0.32583,40.34747],[0.323,40.34552],[0.32025,40.34171],[0.31628,40.3405],[0.31365,40.33919],[0.30815,40.33288],[0.30688,40.33062],[0.30438,40.32917],[0.30315,40.32637],[0.30276,40.32346],[0.30064,40.31525],[0.29846,40.30969],[0.2962,40.30718],[0.29818,40.30429],[0.30243,40.30028],[0.30959,40.29073],[0.32105,40.27733],[0.32124,40.27698],[0.32261,40.27435],[0.32666,40.27643],[0.3266,40.27763],[0.32841,40.27821],[0.33047,40.2798],[0.33342,40.2831],[0.33427,40.28929],[0.33582,40.29165],[0.33896,40.29384],[0.34216,40.29492],[0.34714,40.29607],[0.35123,40.30018],[0.35107,40.30238],[0.35289,40.30451],[0.35242,40.30668],[0.35288,40.30881],[0.35444,40.31214],[0.35989,40.31656],[0.36337,40.32005],[0.36498,40.32385],[0.36668,40.32583],[0.37025,40.3285],[0.37439,40.32983],[0.37574,40.33123],[0.37595,40.33279],[0.37897,40.33526],[0.38536,40.33886],[0.38897,40.34346],[0.38839,40.34447],[0.39255,40.34995],[0.39253,40.3515],[0.39522,40.35309],[0.39849,40.35413],[0.39984,40.35781],[0.39997,40.35824],[0.39773,40.35984],[0.39531,40.36391],[0.39506,40.365]]]},"properties":{"CUSEC":"1208902003","CMUN":"089","CDIS":"02","CSEC":"003","NMUN":"Peníscola/Peñíscola"}},
{"type":"Feature","geometry":{"type":"Polygon","coordinates":[[[0.40185,40.3615],[0.39694,40.36597],[0.39506,40.365],[0.39531,40.36391],[0.39773,40.35984],[0.39997,40.35824],[0.40185,40.3615]]]},"properties":{"CUSEC":"1208902004","CMUN":"089","CDIS":"02","CSEC":"004","NMUN":"Peníscola/Peñíscola"}},
{"type":"Feature","geometry":{"type":"Polygon","coordinates":[[[-0.67988,40.04568],[-0.6819,40.04442],[-0.68364,40.0442],[-0.68892,40.04514],[-0.69671,40.04579],[-0.70287,40.0466],[-0.70368,40.04566],[-0.70905,40.04465],[-0.71331,40.04222],[-0.71515,40.04194],[-0.71595,40.04027],[-0.71304,40.03834],[-0.71144,40.0366],[-0.7019,40.04565],[-0.69449,40.0436],[-0.68753,40.04099],[-0.68927,40.03595],[-0.68779,40.03518],[-0.6852,40.03159],[-0.67774,40.02246],[-0.67372,40.01729],[-0.67221,40.01116],[-0.66862,40.00017],[-0.66552,39.99134],[-0.66542,39.98837],[-0.66309,39.98465],[-0.65502,39.98003],[-0.65448,39.97995],[-0.64995,39.97998],[-0.64718,39.98169],[-0.64314,39.98218],[-0.63687,39.98104],[-0.6309,39.98381],[-0.62391,39.98659],[-0.62106,39.99031],[-0.61334,39.99639],[-0.60929,40.00478],[-0.60994,40.00678],[-0.61839,40.01385],[-0.61641,40.01749],[-0.61766,40.02049],[-0.6212,40.0218],[-0.61897,40.02827],[-0.61879,40.03155],[-0.62793,40.03293],[-0.63076,40.03284],[-0.63277,40.03493],[-0.63721,40.03571],[-0.63854,40.03491],[-0.64153,40.03533],[-0.64411,40.037],[-0.64974,40.03844],[-0.65004,40.03972],[-0.65238,40.04283],[-0.65568,40.04431],[-0.65994,40.04443],[-0.66803,40.04251],[-0.67352,40.0437],[-0.67562,40.04468],[-0.67988,40.04568]]]},"properties":{"CUSEC":"1209001001","CMUN":"090","CDIS":"01","CSEC":"001","NMUN":"Pina de Montalgrao"}},
{"type":"Feature","geometry":{"type":"Polygon","coordinates":[[[-0.23664,40.53828],[-0.23508,40.5405],[-0.23663,40.54168],[-0.23653,40.54485],[-0.23571,40.54612],[-0.23356,40.54573],[-0.23265,40.54354],[-0.23013,40.54521],[-0.22827,40.54519],[-0.22696,40.54951],[-0.22925,40.54953],[-0.24098,40.55626],[-0.24707,40.56026],[-0.24934,40.56207],[-0.25113,40.56607],[-0.25129,40.57274],[-0.25366,40.57845],[-0.25336,40.58017],[-0.2499,40.58343],[-0.24813,40.58614],[-0.24822,40.59238],[-0.25398,40.59764],[-0.25956,40.60019],[-0.26144,40.60072],[-0.26312,40.59983],[-0.26325,40.59856],[-0.26645,40.59613],[-0.26626,40.59384],[-0.26726,40.59326],[-0.26952,40.58928],[-0.27052,40.58922],[-0.27418,40.59179],[-0.27596,40.59153],[-0.2817,40.5898],[-0.28257,40.58757],[-0.29431,40.58395],[-0.29529,40.58096],[-0.29913,40.5784],[-0.29847,40.57444],[-0.29915,40.57323],[-0.29495,40.57039],[-0.29482,40.56827],[-0.29545,40.56619],[-0.29619,40.56452],[-0.29659,40.56275],[-0.29606,40.56049],[-0.29461,40.55936],[-0.29465,40.55811],[-0.29291,40.55745],[-0.29245,40.5561],[-0.29331,40.55357],[-0.29099,40.55348],[-0.29045,40.55211],[-0.29255,40.54665],[-0.29011,40.54395],[-0.29226,40.54164],[-0.29166,40.53954],[-0.29288,40.53851],[-0.2931,40.53658],[-0.29469,40.53575],[-0.2961,40.53219],[-0.29748,40.53129],[-0.29873,40.52495],[-0.30003,40.52228],[-0.30158,40.51737],[-0.30162,40.51501],[-0.29943,40.5131],[-0.29769,40.50577],[-0.29427,40.50627],[-0.29063,40.50758],[-0.28881,40.50926],[-0.28658,40.50907],[-0.28484,40.50722],[-0.28137,40.50554],[-0.28123,40.50439],[-0.27764,40.50153],[-0.27637,40.49792],[-0.27455,40.49658],[-0.27527,40.49303],[-0.27752,40.49179],[-0.27958,40.48821],[-0.27871,40.48611],[-0.27899,40.48418],[-0.27779,40.48251],[-0.2755,40.48247],[-0.2739,40.48147],[-0.27143,40.4785],[-0.26869,40.47806],[-0.26764,40.47636],[-0.26837,40.47444],[-0.26618,40.47377],[-0.265,40.47472],[-0.26154,40.47466],[-0.26079,40.47551],[-0.26266,40.47761],[-0.25995,40.47789],[-0.25719,40.47663],[-0.25405,40.47744],[-0.25576,40.47991],[-0.25601,40.48232],[-0.25361,40.48397],[-0.25229,40.48562],[-0.25518,40.49119],[-0.25202,40.49211],[-0.25056,40.49089],[-0.24838,40.49234],[-0.24686,40.49444],[-0.24687,40.49664],[-0.24817,40.49817],[-0.24827,40.49967],[-0.24982,40.50114],[-0.24812,40.50214],[-0.24727,40.50015],[-0.24458,40.4993],[-0.24348,40.50071],[-0.24492,40.5026],[-0.24295,40.50401],[-0.24315,40.50544],[-0.24548,40.50561],[-0.2462,40.50697],[-0.24859,40.50877],[-0.24849,40.50997],[-0.24645,40.51139],[-0.24651,40.51354],[-0.24825,40.5144],[-0.24885,40.5159],[-0.24698,40.51804],[-0.24492,40.51667],[-0.24339,40.51711],[-0.24308,40.5238],[-0.24099,40.52273],[-0.23969,40.52015],[-0.23819,40.51956],[-0.23611,40.51991],[-0.23656,40.52144],[-0.23967,40.52337],[-0.2404,40.52536],[-0.24352,40.52665],[-0.24438,40.52759],[-0.24434,40.53084],[-0.24049,40.52937],[-0.236,40.53138],[-0.23876,40.53331],[-0.23861,40.53523],[-0.23664,40.53828]]]},"properties":{"CUSEC":"1209101001","CMUN":"091","CDIS":"01","CSEC":"001","NMUN":"Portell de Morella"}},
{"type":"Feature","geometry":{"type":"Polygon","coordinates":[[[-0.51312,40.11042],[-0.51225,40.11229],[-0.5142,40.11322],[-0.51685,40.11828],[-0.52085,40.12213],[-0.52289,40.12527],[-0.52469,40.12525],[-0.5275,40.12625],[-0.52916,40.12616],[-0.53272,40.12409],[-0.53416,40.12252],[-0.53797,40.12106],[-0.54015,40.12108],[-0.54125,40.12192],[-0.54453,40.12272],[-0.54526,40.12233],[-0.55231,40.12457],[-0.5569,40.12638],[-0.56366,40.12802],[-0.5709,40.13278],[-0.57971,40.13636],[-0.58013,40.13723],[-0.58177,40.13672],[-0.58243,40.13535],[-0.5855,40.13209],[-0.58698,40.13143],[-0.59047,40.13364],[-0.59683,40.13235],[-0.59808,40.12897],[-0.60085,40.12755],[-0.60402,40.12675],[-0.60613,40.12821],[-0.60741,40.12798],[-0.60929,40.1257],[-0.62749,40.10462],[-0.6287,40.1021],[-0.62468,40.09473],[-0.6225,40.08924],[-0.62133,40.08777],[-0.61835,40.08207],[-0.61359,40.07001],[-0.61013,40.06959],[-0.60749,40.06775],[-0.60545,40.06747],[-0.60516,40.06592],[-0.60121,40.06451],[-0.5974,40.06494],[-0.59493,40.06348],[-0.59102,40.06348],[-0.58904,40.06559],[-0.58594,40.06524],[-0.58337,40.0622],[-0.58059,40.06181],[-0.57829,40.06068],[-0.57356,40.07694],[-0.56958,40.08427],[-0.56573,40.09089],[-0.56156,40.09761],[-0.53282,40.1028],[-0.52085,40.10719],[-0.51595,40.10949],[-0.51312,40.11042]]]},"properties":{"CUSEC":"1209201001","CMUN":"092","CDIS":"01","CSEC":"001","NMUN":"Puebla de Arenoso"}},
{"type":"Feature","geometry":{"type":"Polygon","coordinates":[[[0.26935,40.66047],[0.27224,40.6644],[0.27333,40.66683],[0.27344,40.66862],[0.27524,40.67047],[0.28055,40.67202],[0.28213,40.67285],[0.28488,40.67644],[0.28524,40.67865],[0.28675,40.67949],[0.29053,40.68375],[0.29233,40.68518],[0.29184,40.68855],[0.28915,40.68983],[0.28657,40.69003],[0.2836,40.69153],[0.28229,40.69298],[0.27689,40.6944],[0.27656,40.69559],[0.27409,40.69829],[0.27258,40.69895],[0.2723,40.70055],[0.27013,40.70308],[0.26731,40.70387],[0.26604,40.70356],[0.26243,40.70585],[0.25206,40.70497],[0.24943,40.70331],[0.24188,40.70037],[0.23652,40.70168],[0.23541,40.70489],[0.23185,40.7098],[0.22744,40.71502],[0.22663,40.71706],[0.22414,40.72563],[0.22587,40.73277],[0.22183,40.73226],[0.21792,40.7326],[0.21516,40.73184],[0.21192,40.72949],[0.20881,40.72911],[0.2062,40.72727],[0.20325,40.72596],[0.20105,40.72592],[0.19729,40.72417],[0.19507,40.72674],[0.19398,40.72875],[0.19103,40.73116],[0.18555,40.72826],[0.18223,40.72826],[0.17072,40.73284],[0.16836,40.72949],[0.16466,40.72774],[0.16449,40.72437],[0.16184,40.7226],[0.15617,40.72099],[0.15159,40.72027],[0.14773,40.71904],[0.14392,40.71825],[0.14135,40.71847],[0.13427,40.71928],[0.12379,40.7208],[0.11652,40.72508],[0.11188,40.7247],[0.1125,40.72714],[0.07269,40.71431],[0.04217,40.69101],[0.04701,40.68295],[0.0517,40.68278],[0.05662,40.68497],[0.06055,40.68769],[0.06651,40.67805],[0.0706,40.67612],[0.0746,40.67659],[0.07644,40.67597],[0.08119,40.67609],[0.09614,40.66072],[0.09776,40.65745],[0.09998,40.65483],[0.09789,40.65378],[0.09375,40.6548],[0.09197,40.65471],[0.08926,40.65313],[0.08968,40.65026],[0.10901,40.63872],[0.11909,40.63445],[0.13941,40.63679],[0.14809,40.64061],[0.15104,40.64386],[0.15498,40.64482],[0.15797,40.64621],[0.16061,40.64636],[0.16383,40.64593],[0.16807,40.64744],[0.17142,40.64682],[0.1742,40.64752],[0.17878,40.64993],[0.18857,40.65065],[0.19075,40.65153],[0.19762,40.65247],[0.19928,40.65169],[0.20308,40.65348],[0.20822,40.6542],[0.21057,40.65524],[0.21491,40.65539],[0.23658,40.66013],[0.23881,40.66079],[0.24257,40.65981],[0.24685,40.6606],[0.24889,40.65998],[0.25181,40.66106],[0.25516,40.66325],[0.26778,40.66056],[0.26935,40.66047]]]},"properties":{"CUSEC":"1209301001","CMUN":"093","CDIS":"01","CSEC":"001","NMUN":"Pobla de Benifassà, la"}},
{"type":"Feature","geometry":{"type":"Polygon","coordinates":[[[0.02028,40.11866],[0.01892,40.11865],[0.01856,40.12584],[0.0146,40.13428],[0.01519,40.1373],[0.01701,40.14257],[0.0008,40.1412],[-0.0021,40.13657],[-0.00341,40.13334],[-0.0047,40.1276],[-0.00508,40.11943],[-0.0058,40.11945],[-0.0134,40.11743],[-0.01506,40.11489],[-0.01752,40.11401],[-0.01857,40.11282],[-0.02569,40.11256],[-0.03012,40.11203],[-0.03235,40.10785],[-0.03551,40.10636],[-0.04256,40.10163],[-0.04572,40.10123],[-0.04833,40.10004],[-0.04951,40.09827],[-0.04938,40.09667],[-0.05506,40.09154],[-0.04602,40.08961],[-0.02518,40.0903],[-0.01139,40.09739],[-0.00923,40.08185],[-0.00069,40.07414],[0.00228,40.07035],[0.01246,40.07664],[0.01892,40.07943],[0.03092,40.08556],[0.03502,40.08646],[0.03192,40.09007],[0.02427,40.10572],[0.02336,40.11062],[0.02345,40.11464],[0.0228,40.11825],[0.02028,40.11866]]]},"properties":{"CUSEC":"1209401001","CMUN":"094","CDIS":"01","CSEC":"001","NMUN":"Pobla Tornesa, la"}},
{"type":"Feature","geometry":{"type":"Polygon","coordinates":[[[-0.28471,40.01156],[-0.28297,40.01295],[-0.28099,40.01339],[-0.27797,40.01262],[-0.27573,40.01138],[-0.27087,40.01134],[-0.26378,40.0134],[-0.26133,40.01567],[-0.25855,40.01257],[-0.25578,40.01109],[-0.25228,40.0125],[-0.24967,40.01551],[-0.25003,40.01727],[-0.24865,40.0184],[-0.24856,40.02063],[-0.25629,40.02159],[-0.25833,40.02164],[-0.26546,40.02438],[-0.27087,40.03052],[-0.27212,40.03296],[-0.27292,40.03592],[-0.27616,40.03994],[-0.28174,40.04359],[-0.28763,40.04793],[-0.29269,40.04731],[-0.29508,40.04478],[-0.29878,40.03982],[-0.29747,40.03472],[-0.29489,40.03056],[-0.29112,40.0227],[-0.28697,40.0193],[-0.28471,40.01156]]]},"properties":{"CUSEC":"1209501001","CMUN":"095","CDIS":"01","CSEC":"001","NMUN":"Ribesalbes"}},
{"type":"Feature","geometry":{"type":"Polygon","coordinates":[[[0.26935,40.66047],[0.26778,40.66056],[0.25516,40.66325],[0.25181,40.66106],[0.24889,40.65998],[0.24685,40.6606],[0.24257,40.65981],[0.23881,40.66079],[0.23658,40.66013],[0.21491,40.65539],[0.21057,40.65524],[0.20822,40.6542],[0.20308,40.65348],[0.19928,40.65169],[0.19762,40.65247],[0.19075,40.65153],[0.18857,40.65065],[0.17878,40.64993],[0.1742,40.64752],[0.17142,40.64682],[0.16807,40.64744],[0.16383,40.64593],[0.16061,40.64636],[0.15797,40.64621],[0.15498,40.64482],[0.15104,40.64386],[0.14809,40.64061],[0.13941,40.63679],[0.14698,40.63102],[0.14707,40.62972],[0.15427,40.62766],[0.15558,40.62595],[0.15752,40.61368],[0.16054,40.61474],[0.16265,40.61489],[0.1684,40.61334],[0.17023,40.61129],[0.17441,40.61036],[0.17665,40.60419],[0.17879,40.60234],[0.18406,40.59941],[0.18543,40.59756],[0.18583,40.59555],[0.18639,40.59837],[0.18919,40.59677],[0.18947,40.5934],[0.19202,40.59273],[0.19465,40.59091],[0.19944,40.59261],[0.20252,40.59225],[0.20297,40.58849],[0.20436,40.58723],[0.20827,40.5887],[0.21011,40.59236],[0.21167,40.59309],[0.21401,40.59213],[0.21364,40.59054],[0.21688,40.5864],[0.21916,40.58769],[0.22237,40.58658],[0.22476,40.58641],[0.2268,40.58533],[0.2308,40.58174],[0.23261,40.58134],[0.23346,40.58259],[0.24024,40.58277],[0.24092,40.58057],[0.24514,40.57902],[0.24898,40.57537],[0.25151,40.57551],[0.25641,40.57487],[0.25888,40.57665],[0.2624,40.58163],[0.26748,40.5898],[0.26929,40.59345],[0.27029,40.59672],[0.27259,40.6006],[0.2758,40.60467],[0.27965,40.60843],[0.28606,40.61371],[0.29456,40.61403],[0.30147,40.61323],[0.30353,40.61399],[0.30745,40.61359],[0.30923,40.61695],[0.31104,40.61691],[0.30709,40.61975],[0.30107,40.62261],[0.29875,40.626],[0.29264,40.62328],[0.28855,40.62521],[0.28341,40.62718],[0.27917,40.63006],[0.279,40.63105],[0.27804,40.63258],[0.27715,40.63379],[0.2773,40.63546],[0.27616,40.63684],[0.27134,40.63827],[0.27061,40.64052],[0.26654,40.64422],[0.26647,40.64618],[0.26947,40.64782],[0.26961,40.65367],[0.26868,40.65526],[0.26818,40.659],[0.26935,40.66047]]]},"properties":{"CUSEC":"1209601001","CMUN":"096","CDIS":"01","CSEC":"001","NMUN":"Rossell"}},
{"type":"Feature","geometry":{"type":"Polygon","coordinates":[[[-0.70411,39.86841],[-0.70876,39.86726],[-0.71045,39.86908],[-0.71568,39.86952],[-0.71675,39.86823],[-0.71945,39.8681],[-0.72317,39.86926],[-0.72609,39.86936],[-0.7312,39.86879],[-0.73758,39.87031],[-0.74322,39.87287],[-0.74976,39.87546],[-0.75528,39.87853],[-0.77247,39.8834],[-0.78422,39.88619],[-0.78891,39.88581],[-0.79758,39.88325],[-0.79769,39.88107],[-0.79377,39.88143],[-0.79097,39.87997],[-0.77922,39.8721],[-0.77356,39.8698],[-0.7642,39.85855],[-0.76266,39.85449],[-0.75999,39.85149],[-0.75612,39.846],[-0.75366,39.84295],[-0.74915,39.84052],[-0.74662,39.83644],[-0.74517,39.83576],[-0.74571,39.83347],[-0.74521,39.83196],[-0.74109,39.83217],[-0.73926,39.83041],[-0.7372,39.82981],[-0.73774,39.82848],[-0.73733,39.82522],[-0.73785,39.82334],[-0.73686,39.82071],[-0.73572,39.81934],[-0.73068,39.81663],[-0.73046,39.81483],[-0.72827,39.81512],[-0.72799,39.81613],[-0.72438,39.81352],[-0.72252,39.81323],[-0.71255,39.81685],[-0.70954,39.82509],[-0.70956,39.82831],[-0.70705,39.83513],[-0.70224,39.83949],[-0.69512,39.85006],[-0.69111,39.85246],[-0.69159,39.85359],[-0.69069,39.85666],[-0.68692,39.85654],[-0.69235,39.8616],[-0.69932,39.86457],[-0.70411,39.86841]]]},"properties":{"CUSEC":"1209701001","CMUN":"097","CDIS":"01","CSEC":"001","NMUN":"Sacañet"}},
{"type":"Feature","geometry":{"type":"Polygon","coordinates":[[[0.17812,40.42861],[0.16985,40.43272],[0.15859,40.43767],[0.13934,40.4478],[0.1335,40.45049],[0.12246,40.45631],[0.1112,40.46273],[0.10201,40.46895],[0.09961,40.47181],[0.09589,40.47784],[0.09163,40.48107],[0.09376,40.47818],[0.09294,40.47439],[0.09157,40.47284],[0.09199,40.47046],[0.09196,40.46314],[0.09355,40.46123],[0.09236,40.45954],[0.09478,40.45954],[0.09715,40.45636],[0.09766,40.45334],[0.09978,40.45215],[0.10303,40.45123],[0.10528,40.45183],[0.11174,40.45003],[0.11523,40.44811],[0.11494,40.44581],[0.113,40.44441],[0.11401,40.44284],[0.11225,40.44224],[0.10836,40.43922],[0.10915,40.43711],[0.10882,40.43119],[0.10796,40.42895],[0.10236,40.42847],[0.10321,40.42363],[0.09727,40.42186],[0.10042,40.41786],[0.10679,40.41635],[0.11306,40.40847],[0.11242,40.40484],[0.11569,40.4026],[0.12045,40.397],[0.12016,40.39452],[0.12393,40.39232],[0.12684,40.39169],[0.12889,40.39198],[0.12986,40.38966],[0.134,40.38334],[0.13754,40.38149],[0.1388,40.38256],[0.14064,40.38111],[0.14349,40.38146],[0.14674,40.38084],[0.14748,40.38223],[0.15091,40.38212],[0.16896,40.37305],[0.16921,40.37309],[0.17167,40.3736],[0.17253,40.37567],[0.17741,40.38084],[0.18458,40.3857],[0.18701,40.39136],[0.18953,40.39342],[0.19111,40.39586],[0.18996,40.3998],[0.19034,40.40171],[0.19187,40.40422],[0.19518,40.40562],[0.19815,40.40833],[0.20173,40.41291],[0.20524,40.41543],[0.20893,40.41597],[0.20974,40.41542],[0.21565,40.41595],[0.21152,40.42112],[0.206,40.42621],[0.20171,40.42583],[0.19695,40.42657],[0.19422,40.42473],[0.19356,40.42329],[0.18769,40.42465],[0.17812,40.42861]]]},"properties":{"CUSEC":"1209801001","CMUN":"098","CDIS":"01","CSEC":"001","NMUN":"Salzadella, la"}},
{"type":"Feature","geometry":{"type":"Polygon","coordinates":[[[0.42422,40.58384],[0.42018,40.58546],[0.4176,40.58781],[0.41021,40.58468],[0.39232,40.57687],[0.38563,40.57378],[0.36534,40.56405],[0.35852,40.56036],[0.35179,40.55296],[0.34381,40.5478],[0.34294,40.54591],[0.34129,40.54487],[0.33577,40.53907],[0.32768,40.53388],[0.31935,40.52804],[0.32058,40.52043],[0.30308,40.50717],[0.30739,40.49702],[0.30699,40.49582],[0.3144,40.49346],[0.3207,40.49094],[0.3279,40.48626],[0.33541,40.49466],[0.3405,40.50007],[0.34156,40.50268],[0.34586,40.50879],[0.34794,40.51093],[0.34938,40.51039],[0.3537,40.51184],[0.35192,40.51435],[0.35454,40.51661],[0.35786,40.5177],[0.36082,40.51925],[0.36367,40.52166],[0.3667,40.52318],[0.37229,40.52768],[0.37673,40.53185],[0.3831,40.53663],[0.38716,40.54029],[0.39341,40.54523],[0.39979,40.54994],[0.39995,40.55167],[0.40625,40.56011],[0.41003,40.56407],[0.41186,40.56694],[0.41409,40.57152],[0.4162,40.57434],[0.42155,40.58002],[0.42422,40.58384]]]},"properties":{"CUSEC":"1209901001","CMUN":"099","CDIS":"01","CSEC":"001","NMUN":"Sant Jordi/San Jorge"}},
{"type":"Feature","geometry":{"type":"Polygon","coordinates":[[[0.16971,40.5049],[0.16966,40.495],[0.1718,40.49192],[0.17277,40.48693],[0.17591,40.48411],[0.17763,40.47901],[0.17731,40.47611],[0.17984,40.4681],[0.17737,40.46599],[0.17907,40.46296],[0.18258,40.46081],[0.18057,40.45745],[0.18152,40.44729],[0.17886,40.4425],[0.18007,40.4355],[0.17812,40.42861],[0.18769,40.42465],[0.19356,40.42329],[0.19422,40.42473],[0.19695,40.42657],[0.20171,40.42583],[0.206,40.42621],[0.21152,40.42112],[0.21983,40.42811],[0.22097,40.43344],[0.22152,40.44195],[0.22389,40.44945],[0.2266,40.46457],[0.22772,40.46719],[0.22886,40.47326],[0.23374,40.48006],[0.22577,40.48395],[0.22012,40.4887],[0.21527,40.49564],[0.21289,40.49752],[0.20739,40.4996],[0.20608,40.49947],[0.20095,40.49786],[0.18999,40.49683],[0.18686,40.49708],[0.18224,40.49891],[0.17932,40.50207],[0.17625,40.50404],[0.17174,40.50599],[0.16971,40.5049]]]},"properties":{"CUSEC":"1210001001","CMUN":"100","CDIS":"01","CSEC":"001","NMUN":"Sant Mateu"}},
{"type":"Feature","geometry":{"type":"Polygon","coordinates":[[[0.17812,40.42861],[0.18007,40.4355],[0.17886,40.4425],[0.18152,40.44729],[0.18057,40.45745],[0.18258,40.46081],[0.17907,40.46296],[0.17737,40.46599],[0.17984,40.4681],[0.17731,40.47611],[0.17763,40.47901],[0.17591,40.48411],[0.17277,40.48693],[0.1718,40.49192],[0.16966,40.495],[0.16971,40.5049],[0.15928,40.50008],[0.14583,40.49308],[0.13917,40.48982],[0.13142,40.4874],[0.12489,40.48995],[0.12287,40.48949],[0.11842,40.48974],[0.11653,40.48774],[0.11215,40.48681],[0.10964,40.4858],[0.10603,40.48307],[0.10644,40.48095],[0.10453,40.481],[0.09997,40.47978],[0.09747,40.48133],[0.09556,40.4809],[0.09163,40.48107],[0.09589,40.47784],[0.09961,40.47181],[0.10201,40.46895],[0.1112,40.46273],[0.12246,40.45631],[0.1335,40.45049],[0.13934,40.4478],[0.15859,40.43767],[0.16985,40.43272],[0.17812,40.42861]]]},"properties":{"CUSEC":"1210002001","CMUN":"100","CDIS":"02","CSEC":"001","NMUN":"Sant Mateu"}},
{"type":"Feature","geometry":{"type":"Polygon","coordinates":[[[0.3301,40.61104],[0.32354,40.61252],[0.31984,40.61465],[0.31848,40.61495],[0.31578,40.61403],[0.31104,40.61691],[0.30675,40.60656],[0.30441,40.60213],[0.30336,40.59889],[0.30087,40.59616],[0.3015,40.59486],[0.30028,40.59162],[0.30272,40.59232],[0.30423,40.59117],[0.30512,40.58909],[0.30713,40.5867],[0.30889,40.58222],[0.31127,40.58136],[0.31161,40.57919],[0.3135,40.57812],[0.31557,40.57842],[0.31633,40.57596],[0.31758,40.57523],[0.31955,40.57584],[0.32033,40.57363],[0.32286,40.573],[0.32616,40.57067],[0.33023,40.56935],[0.33093,40.56768],[0.33259,40.56649],[0.33529,40.56605],[0.33781,40.56425],[0.33633,40.56885],[0.33669,40.57208],[0.33743,40.57429],[0.34056,40.57615],[0.34675,40.58561],[0.34645,40.58742],[0.34766,40.59492],[0.35312,40.59172],[0.36047,40.58782],[0.36417,40.5855],[0.36977,40.58271],[0.37642,40.58679],[0.38217,40.59298],[0.38591,40.59586],[0.39084,40.60183],[0.39234,40.60417],[0.38916,40.60662],[0.3824,40.606],[0.37979,40.60651],[0.37474,40.60641],[0.37107,40.60504],[0.36797,40.60642],[0.36587,40.60575],[0.36021,40.60597],[0.35379,40.60785],[0.3508,40.60816],[0.34463,40.6076],[0.34184,40.60837],[0.33793,40.60878],[0.3301,40.61104]]]},"properties":{"CUSEC":"1210101001","CMUN":"101","CDIS":"01","CSEC":"001","NMUN":"San Rafael del Río"}},
{"type":"Feature","geometry":{"type":"Polygon","coordinates":[[[0.31248,40.39342],[0.31014,40.39273],[0.30427,40.39338],[0.29927,40.39758],[0.29389,40.39727],[0.28977,40.39618],[0.28658,40.39617],[0.28239,40.39487],[0.28065,40.39675],[0.27805,40.39868],[0.27371,40.40004],[0.27053,40.39987],[0.26955,40.39861],[0.26759,40.39857],[0.26211,40.40194],[0.25754,40.4033],[0.25434,40.40344],[0.2514,40.40415],[0.24865,40.40373],[0.24605,40.40404],[0.24268,40.40573],[0.23944,40.40673],[0.2346,40.40734],[0.2319,40.40915],[0.22952,40.41168],[0.22362,40.41333],[0.22115,40.41312],[0.21993,40.41543],[0.21836,40.41628],[0.21565,40.41595],[0.20974,40.41542],[0.20893,40.41597],[0.20524,40.41543],[0.20173,40.41291],[0.19815,40.40833],[0.19518,40.40562],[0.19187,40.40422],[0.19034,40.40171],[0.18996,40.3998],[0.19111,40.39586],[0.18953,40.39342],[0.21534,40.37802],[0.23779,40.36499],[0.2421,40.36258],[0.25301,40.35559],[0.26911,40.34482],[0.28616,40.33342],[0.29154,40.3296],[0.30131,40.3233],[0.30276,40.32346],[0.30315,40.32637],[0.30438,40.32917],[0.30688,40.33062],[0.30815,40.33288],[0.31365,40.33919],[0.31628,40.3405],[0.32025,40.34171],[0.323,40.34552],[0.32583,40.34747],[0.32901,40.3475],[0.33086,40.34937],[0.3339,40.34999],[0.33764,40.35191],[0.34196,40.3533],[0.34158,40.35674],[0.34333,40.35976],[0.34392,40.36464],[0.34608,40.36656],[0.34884,40.37037],[0.34819,40.37306],[0.34081,40.37835],[0.33204,40.38533],[0.32522,40.3881],[0.32185,40.3904],[0.31248,40.39342]]]},"properties":{"CUSEC":"1210201001","CMUN":"102","CDIS":"01","CSEC":"001","NMUN":"Santa Magdalena de Pulpis"}},
{"type":"Feature","geometry":{"type":"Polygon","coordinates":[[[0.02742,40.27931],[0.03503,40.28168],[0.04585,40.28785],[0.05818,40.29856],[0.05843,40.30188],[0.05627,40.30746],[0.05946,40.3138],[0.06107,40.32295],[0.0603,40.33081],[0.06139,40.33258],[0.06018,40.33469],[0.05418,40.33865],[0.04938,40.34078],[0.03938,40.33574],[0.0365,40.33343],[0.02299,40.32139],[0.00658,40.31795],[-0.00746,40.31837],[-0.00394,40.31709],[-0.00246,40.31594],[0.00356,40.31521],[0.00583,40.3143],[0.00864,40.31408],[0.0116,40.31536],[0.01608,40.3155],[0.01752,40.31379],[0.0235,40.3119],[0.01972,40.30565],[0.01365,40.30368],[0.01282,40.29983],[0.01561,40.29401],[0.0174,40.29373],[0.01824,40.29243],[0.01711,40.2906],[0.0173,40.28605],[0.0194,40.28583],[0.02202,40.2848],[0.02524,40.28261],[0.02742,40.27931]]]},"properties":{"CUSEC":"1210301001","CMUN":"103","CDIS":"01","CSEC":"001","NMUN":"Serratella, la"}},
{"type":"Feature","geometry":{"type":"Polygon","coordinates":[[[-0.48971,39.85232],[-0.49068,39.85297],[-0.49159,39.85112],[-0.49541,39.85],[-0.49577,39.84877],[-0.49016,39.84997],[-0.48971,39.85232]]]},"properties":{"CUSEC":"1210401001","CMUN":"104","CDIS":"01","CSEC":"001","NMUN":"Segorbe"}},
{"type":"Feature","geometry":{"type":"Polygon","coordinates":[[[-0.49068,39.85297],[-0.49328,39.85432],[-0.49401,39.85338],[-0.49652,39.85381],[-0.49954,39.85327],[-0.49996,39.85255],[-0.49898,39.8511],[-0.49541,39.85],[-0.49159,39.85112],[-0.49068,39.85297]]]},"properties":{"CUSEC":"1210401002","CMUN":"104","CDIS":"01","CSEC":"002","NMUN":"Segorbe"}},
{"type":"Feature","geometry":{"type":"Polygon","coordinates":[[[-0.49996,39.85255],[-0.50204,39.85297],[-0.49989,39.84904],[-0.49949,39.84836],[-0.49265,39.84776],[-0.48683,39.85003],[-0.48849,39.85186],[-0.48971,39.85232],[-0.49016,39.84997],[-0.49577,39.84877],[-0.49541,39.85],[-0.49898,39.8511],[-0.49996,39.85255]]]},"properties":{"CUSEC":"1210401003","CMUN":"104","CDIS":"01","CSEC":"003","NMUN":"Segorbe"}},
{"type":"Feature","geometry":{"type":"Polygon","coordinates":[[[-0.48305,39.84619],[-0.48683,39.85003],[-0.49265,39.84776],[-0.48305,39.84619]]]},"properties":{"CUSEC":"1210401004","CMUN":"104","CDIS":"01","CSEC":"004","NMUN":"Segorbe"}},
{"type":"Feature","geometry":{"type":"Polygon","coordinates":[[[-0.49265,39.84776],[-0.49949,39.84836],[-0.49395,39.83934],[-0.49436,39.83267],[-0.49909,39.82858],[-0.50182,39.827],[-0.50506,39.82103],[-0.50764,39.81523],[-0.51285,39.81318],[-0.52085,39.80526],[-0.52237,39.80402],[-0.53059,39.79598],[-0.52884,39.79445],[-0.52225,39.78735],[-0.52085,39.78447],[-0.51742,39.78141],[-0.51401,39.77928],[-0.513,39.77524],[-0.51031,39.77336],[-0.50852,39.77076],[-0.50727,39.76424],[-0.50586,39.75948],[-0.50325,39.757],[-0.50161,39.7544],[-0.49825,39.74756],[-0.48999,39.74181],[-0.48455,39.73657],[-0.4827,39.73419],[-0.47512,39.73184],[-0.47203,39.72766],[-0.47072,39.72644],[-0.4672,39.72408],[-0.46367,39.72057],[-0.461,39.71535],[-0.45618,39.7147],[-0.45299,39.71562],[-0.44838,39.71642],[-0.44552,39.71771],[-0.44509,39.7189],[-0.44079,39.72571],[-0.43943,39.72835],[-0.43939,39.73007],[-0.43749,39.73347],[-0.43916,39.73511],[-0.43908,39.73686],[-0.43304,39.73641],[-0.43152,39.73726],[-0.43017,39.73961],[-0.42637,39.74142],[-0.425,39.74281],[-0.42069,39.74552],[-0.41919,39.746],[-0.41563,39.74528],[-0.4096,39.7452],[-0.40669,39.74755],[-0.40463,39.75012],[-0.39972,39.75533],[-0.39676,39.75796],[-0.39242,39.7633],[-0.38898,39.7687],[-0.38694,39.76918],[-0.38556,39.77295],[-0.38586,39.77644],[-0.3918,39.77989],[-0.39335,39.77993],[-0.39447,39.7818],[-0.39415,39.78358],[-0.39513,39.78491],[-0.39501,39.78643],[-0.39871,39.78823],[-0.40205,39.78927],[-0.4038,39.78859],[-0.41242,39.79393],[-0.41873,39.79905],[-0.42195,39.80055],[-0.42476,39.80471],[-0.42627,39.80832],[-0.43585,39.81406],[-0.43976,39.8144],[-0.44278,39.81592],[-0.44364,39.81781],[-0.44809,39.82083],[-0.45255,39.8227],[-0.46125,39.82816],[-0.46272,39.8296],[-0.46486,39.82978],[-0.46786,39.83123],[-0.46945,39.835],[-0.47457,39.84052],[-0.47763,39.84342],[-0.48305,39.84619],[-0.49265,39.84776]]]},"properties":{"CUSEC":"1210401005","CMUN":"104","CDIS":"01","CSEC":"005","NMUN":"Segorbe"}},
{"type":"Feature","geometry":{"type":"Polygon","coordinates":[[[-0.47066,39.85627],[-0.47508,39.85434],[-0.4764,39.85502],[-0.47704,39.85671],[-0.48343,39.85737],[-0.48468,39.85566],[-0.48515,39.85372],[-0.4867,39.85217],[-0.48849,39.85186],[-0.48683,39.85003],[-0.48305,39.84619],[-0.47763,39.84342],[-0.47457,39.84052],[-0.46945,39.835],[-0.46786,39.83123],[-0.46486,39.82978],[-0.46272,39.8296],[-0.46125,39.82816],[-0.45255,39.8227],[-0.44809,39.82083],[-0.44364,39.81781],[-0.44278,39.81592],[-0.43976,39.8144],[-0.43585,39.81406],[-0.43725,39.81483],[-0.44066,39.81922],[-0.4449,39.82539],[-0.44626,39.8271],[-0.44314,39.83035],[-0.44239,39.83277],[-0.44314,39.83444],[-0.44494,39.83574],[-0.44558,39.83929],[-0.45208,39.83818],[-0.45427,39.83589],[-0.45869,39.8353],[-0.4623,39.83651],[-0.46017,39.83295],[-0.46458,39.83078],[-0.46674,39.83221],[-0.46952,39.83518],[-0.46912,39.83733],[-0.47024,39.83768],[-0.46598,39.84184],[-0.46441,39.83938],[-0.46081,39.84163],[-0.4624,39.84531],[-0.46519,39.84671],[-0.46699,39.84966],[-0.46778,39.85236],[-0.47004,39.85454],[-0.47066,39.85627]]]},"properties":{"CUSEC":"1210402001","CMUN":"104","CDIS":"02","CSEC":"001","NMUN":"Segorbe"}},
{"type":"Feature","geometry":{"type":"Polygon","coordinates":[[[-0.47066,39.85627],[-0.4725,39.85608],[-0.47272,39.86188],[-0.47517,39.86505],[-0.47724,39.86564],[-0.47722,39.86952],[-0.47987,39.87041],[-0.48036,39.87162],[-0.47965,39.87332],[-0.4777,39.87406],[-0.47984,39.8766],[-0.47729,39.87872],[-0.47867,39.87814],[-0.48775,39.87287],[-0.49278,39.86921],[-0.50156,39.86455],[-0.50803,39.86941],[-0.51917,39.87672],[-0.51618,39.87121],[-0.51299,39.86486],[-0.50745,39.85724],[-0.50331,39.85489],[-0.50204,39.85297],[-0.49996,39.85255],[-0.49954,39.85327],[-0.49652,39.85381],[-0.49401,39.85338],[-0.49328,39.85432],[-0.49068,39.85297],[-0.48971,39.85232],[-0.48849,39.85186],[-0.4867,39.85217],[-0.48515,39.85372],[-0.48468,39.85566],[-0.48343,39.85737],[-0.47704,39.85671],[-0.4764,39.85502],[-0.47508,39.85434],[-0.47066,39.85627]]]},"properties":{"CUSEC":"1210403001","CMUN":"104","CDIS":"03","CSEC":"001","NMUN":"Segorbe"}},
{"type":"Feature","geometry":{"type":"Polygon","coordinates":[[[-0.00746,40.31837],[-0.02084,40.31817],[-0.0313,40.31778],[-0.03356,40.32193],[-0.03939,40.31483],[-0.04182,40.31526],[-0.04421,40.31496],[-0.04521,40.31348],[-0.04701,40.30686],[-0.04702,40.30545],[-0.04859,40.3021],[-0.05113,40.30053],[-0.05468,40.30032],[-0.0559,40.29895],[-0.05673,40.29575],[-0.0571,40.29154],[-0.0569,40.28709],[-0.05724,40.28487],[-0.0583,40.28379],[-0.0615,40.28243],[-0.06386,40.28054],[-0.06774,40.27908],[-0.06843,40.27787],[-0.06613,40.27698],[-0.06506,40.27511],[-0.06641,40.2744],[-0.06859,40.27475],[-0.06922,40.27283],[-0.07072,40.27097],[-0.07047,40.26969],[-0.06893,40.26859],[-0.0689,40.26712],[-0.07049,40.26457],[-0.07345,40.26283],[-0.07943,40.26233],[-0.08178,40.26089],[-0.08226,40.25938],[-0.08189,40.25705],[-0.07945,40.25529],[-0.07593,40.25429],[-0.07568,40.25242],[-0.07727,40.24828],[-0.07764,40.24456],[-0.07725,40.24088],[-0.07769,40.23848],[-0.08005,40.23312],[-0.08145,40.2263],[-0.08449,40.22588],[-0.08542,40.22297],[-0.0855,40.22001],[-0.08166,40.21918],[-0.08017,40.21791],[-0.08072,40.21597],[-0.0826,40.21535],[-0.05233,40.20905],[-0.02085,40.21352],[-0.00868,40.21535],[-0.00958,40.21777],[-0.00833,40.21856],[-0.00884,40.22013],[-0.00793,40.2218],[-0.00958,40.22223],[-0.01094,40.2247],[-0.00893,40.22688],[-0.00758,40.22747],[-0.0112,40.23081],[-0.01176,40.232],[-0.00637,40.23415],[0.00886,40.24222],[0.01777,40.24636],[0.02403,40.24967],[0.03282,40.26953],[0.03134,40.27584],[0.02742,40.27931],[0.02524,40.28261],[0.02202,40.2848],[0.0194,40.28583],[0.0173,40.28605],[0.01711,40.2906],[0.01824,40.29243],[0.0174,40.29373],[0.01561,40.29401],[0.01282,40.29983],[0.01365,40.30368],[0.01972,40.30565],[0.0235,40.3119],[0.01752,40.31379],[0.01608,40.3155],[0.0116,40.31536],[0.00864,40.31408],[0.00583,40.3143],[0.00356,40.31521],[-0.00246,40.31594],[-0.00394,40.31709],[-0.00746,40.31837]]]},"properties":{"CUSEC":"1210501001","CMUN":"105","CDIS":"01","CSEC":"001","NMUN":"Sierra Engarcerán"}},
{"type":"Feature","geometry":{"type":"Polygon","coordinates":[[[-0.32964,39.82352],[-0.33112,39.82391],[-0.33419,39.82354],[-0.33906,39.82212],[-0.34248,39.82156],[-0.34813,39.82226],[-0.3563,39.82369],[-0.36401,39.82189],[-0.3765,39.81788],[-0.37812,39.82452],[-0.37869,39.83175],[-0.38736,39.83848],[-0.39059,39.84323],[-0.394,39.84924],[-0.39785,39.85321],[-0.40135,39.84888],[-0.40466,39.84828],[-0.41537,39.84181],[-0.4195,39.83846],[-0.42224,39.83649],[-0.42438,39.83349],[-0.42877,39.82982],[-0.42577,39.82112],[-0.42851,39.82177],[-0.43713,39.82042],[-0.43859,39.82116],[-0.43947,39.82439],[-0.44167,39.82544],[-0.4449,39.82539],[-0.44066,39.81922],[-0.43725,39.81483],[-0.43585,39.81406],[-0.42627,39.80832],[-0.42532,39.80775],[-0.42248,39.81002],[-0.41566,39.81327],[-0.41406,39.81519],[-0.41143,39.815],[-0.40949,39.81588],[-0.40751,39.81494],[-0.39831,39.8151],[-0.39527,39.816],[-0.39489,39.81479],[-0.39057,39.81063],[-0.38399,39.80666],[-0.37953,39.80211],[-0.37792,39.79988],[-0.36576,39.79965],[-0.35739,39.79974],[-0.35001,39.80095],[-0.3385,39.80016],[-0.32826,39.80148],[-0.32593,39.8013],[-0.31602,39.79983],[-0.31277,39.80911],[-0.31047,39.81419],[-0.31347,39.82274],[-0.31629,39.82305],[-0.31866,39.82368],[-0.32382,39.82386],[-0.32742,39.82441],[-0.32964,39.82352]]]},"properties":{"CUSEC":"1210601001","CMUN":"106","CDIS":"01","CSEC":"001","NMUN":"Soneja"}},
{"type":"Feature","geometry":{"type":"Polygon","coordinates":[[[-0.37792,39.79988],[-0.37953,39.80211],[-0.38399,39.80666],[-0.39057,39.81063],[-0.39489,39.81479],[-0.39527,39.816],[-0.39831,39.8151],[-0.40751,39.81494],[-0.40949,39.81588],[-0.41143,39.815],[-0.41406,39.81519],[-0.41566,39.81327],[-0.42248,39.81002],[-0.42532,39.80775],[-0.42627,39.80832],[-0.42476,39.80471],[-0.42195,39.80055],[-0.41873,39.79905],[-0.41242,39.79393],[-0.4038,39.78859],[-0.40205,39.78927],[-0.39871,39.78823],[-0.39501,39.78643],[-0.39513,39.78491],[-0.39415,39.78358],[-0.39447,39.7818],[-0.39335,39.77993],[-0.3918,39.77989],[-0.38986,39.78801],[-0.38787,39.79108],[-0.38276,39.79419],[-0.37792,39.79988]]]},"properties":{"CUSEC":"1210701001","CMUN":"107","CDIS":"01","CSEC":"001","NMUN":"Sot de Ferrer"}},
{"type":"Feature","geometry":{"type":"Polygon","coordinates":[[[-0.34131,39.97986],[-0.345,39.9784],[-0.34811,39.97534],[-0.35027,39.97801],[-0.35224,39.97863],[-0.35667,39.98135],[-0.35729,39.97977],[-0.35861,39.9793],[-0.35947,39.97705],[-0.36146,39.97433],[-0.36531,39.97359],[-0.36723,39.97131],[-0.36817,39.96681],[-0.36897,39.96563],[-0.36851,39.96386],[-0.37133,39.96156],[-0.37205,39.95927],[-0.37432,39.9572],[-0.3738,39.95564],[-0.37509,39.95343],[-0.37967,39.95279],[-0.38109,39.95003],[-0.38326,39.94717],[-0.38442,39.94365],[-0.38679,39.942],[-0.39009,39.94326],[-0.39168,39.9429],[-0.39299,39.94057],[-0.39561,39.93753],[-0.39557,39.93575],[-0.39154,39.9336],[-0.38968,39.93124],[-0.38553,39.93069],[-0.38174,39.92773],[-0.38011,39.92838],[-0.37217,39.92938],[-0.36917,39.93195],[-0.36611,39.9322],[-0.36456,39.93319],[-0.36048,39.93207],[-0.35836,39.93292],[-0.35326,39.93227],[-0.34756,39.93513],[-0.34539,39.93543],[-0.34376,39.93646],[-0.34304,39.93898],[-0.34099,39.941],[-0.33883,39.94223],[-0.33715,39.94438],[-0.33301,39.94492],[-0.32997,39.94491],[-0.32683,39.94483],[-0.32509,39.94626],[-0.31725,39.95458],[-0.32081,39.96977],[-0.32337,39.97032],[-0.32715,39.97215],[-0.32845,39.97342],[-0.33041,39.97812],[-0.33485,39.97916],[-0.34131,39.97986]]]},"properties":{"CUSEC":"1210801001","CMUN":"108","CDIS":"01","CSEC":"001","NMUN":"Suera/Sueras"}},
{"type":"Feature","geometry":{"type":"Polygon","coordinates":[[[-0.29549,39.95425],[-0.29561,39.96115],[-0.2953,39.96739],[-0.29919,39.96909],[-0.31113,39.97479],[-0.31288,39.97535],[-0.31584,39.97242],[-0.32081,39.96977],[-0.31725,39.95458],[-0.32509,39.94626],[-0.32683,39.94483],[-0.32997,39.94491],[-0.32819,39.94021],[-0.32459,39.93765],[-0.32035,39.93704],[-0.31748,39.93413],[-0.31,39.93276],[-0.3056,39.93148],[-0.30104,39.9306],[-0.29529,39.92989],[-0.29015,39.92238],[-0.28046,39.92136],[-0.27954,39.92281],[-0.27781,39.92296],[-0.27528,39.92226],[-0.27445,39.92301],[-0.2691,39.92206],[-0.26174,39.92506],[-0.26084,39.92602],[-0.27548,39.93275],[-0.27986,39.93757],[-0.28794,39.94595],[-0.28888,39.94797],[-0.28985,39.95212],[-0.29238,39.95326],[-0.29871,39.95052],[-0.30084,39.95089],[-0.29626,39.95311],[-0.29549,39.95425]]]},"properties":{"CUSEC":"1210901001","CMUN":"109","CDIS":"01","CSEC":"001","NMUN":"Tales"}},
{"type":"Feature","geometry":{"type":"Polygon","coordinates":[[[-0.64008,39.90269],[-0.64449,39.90763],[-0.64693,39.91241],[-0.64922,39.91411],[-0.65452,39.92065],[-0.65533,39.91767],[-0.65953,39.91437],[-0.66841,39.91023],[-0.67169,39.90923],[-0.68372,39.90713],[-0.68981,39.90308],[-0.69459,39.8982],[-0.69709,39.89603],[-0.69622,39.88765],[-0.7026,39.87947],[-0.70587,39.87746],[-0.71008,39.87535],[-0.70755,39.87291],[-0.70689,39.86997],[-0.70411,39.86841],[-0.69932,39.86457],[-0.69235,39.8616],[-0.68692,39.85654],[-0.68575,39.85733],[-0.6863,39.85893],[-0.68453,39.86082],[-0.68434,39.8629],[-0.68263,39.86485],[-0.68021,39.86515],[-0.67679,39.86643],[-0.67398,39.86809],[-0.67074,39.8691],[-0.66618,39.86899],[-0.66123,39.87091],[-0.66053,39.87279],[-0.66156,39.8739],[-0.66088,39.87595],[-0.66124,39.87912],[-0.66085,39.8807],[-0.66245,39.88235],[-0.66045,39.88633],[-0.65453,39.88778],[-0.65175,39.88913],[-0.64757,39.89532],[-0.64156,39.897],[-0.64025,39.8983],[-0.64008,39.90269]]]},"properties":{"CUSEC":"1211001001","CMUN":"110","CDIS":"01","CSEC":"001","NMUN":"Teresa"}},
{"type":"Feature","geometry":{"type":"Polygon","coordinates":[[[0.09163,40.48107],[0.09006,40.47992],[0.08501,40.47742],[0.08398,40.47541],[0.08081,40.47273],[0.07846,40.46862],[0.07393,40.46869],[0.07152,40.46756],[0.06792,40.46831],[0.06546,40.46801],[0.0581,40.46497],[0.05456,40.46589],[0.04983,40.46119],[0.04722,40.45465],[0.04382,40.45205],[0.04314,40.45064],[0.04037,40.44852],[0.03588,40.44966],[0.03421,40.44925],[0.03161,40.44693],[0.03216,40.44571],[0.03132,40.44171],[0.03215,40.44067],[0.0308,40.43695],[0.03259,40.43648],[0.03176,40.43346],[0.02949,40.43247],[0.0329,40.43027],[0.0314,40.42819],[0.0313,40.42597],[0.03215,40.42256],[0.02933,40.4216],[0.02977,40.41828],[0.03284,40.41705],[0.03512,40.41301],[0.0396,40.41234],[0.04199,40.41107],[0.04224,40.40955],[0.04511,40.41035],[0.04601,40.40864],[0.05046,40.40707],[0.04706,40.40586],[0.04939,40.40347],[0.04634,40.40321],[0.04799,40.40088],[0.05043,40.39932],[0.05303,40.3997],[0.05404,40.39671],[0.05657,40.39645],[0.05547,40.39456],[0.05958,40.39398],[0.06445,40.39769],[0.06576,40.39771],[0.06605,40.39552],[0.06515,40.39299],[0.06611,40.39178],[0.06849,40.39231],[0.06984,40.39456],[0.07342,40.39276],[0.07623,40.39234],[0.07618,40.38836],[0.07706,40.38738],[0.08215,40.38926],[0.08398,40.38915],[0.08492,40.39253],[0.08617,40.39437],[0.08511,40.39561],[0.08704,40.3988],[0.08711,40.40218],[0.09085,40.40826],[0.10042,40.41786],[0.09727,40.42186],[0.10321,40.42363],[0.10236,40.42847],[0.10796,40.42895],[0.10882,40.43119],[0.10915,40.43711],[0.10836,40.43922],[0.11225,40.44224],[0.11401,40.44284],[0.113,40.44441],[0.11494,40.44581],[0.11523,40.44811],[0.11174,40.45003],[0.10528,40.45183],[0.10303,40.45123],[0.09978,40.45215],[0.09766,40.45334],[0.09715,40.45636],[0.09478,40.45954],[0.09236,40.45954],[0.09355,40.46123],[0.09196,40.46314],[0.09199,40.47046],[0.09157,40.47284],[0.09294,40.47439],[0.09376,40.47818],[0.09163,40.48107]]]},"properties":{"CUSEC":"1211101001","CMUN":"111","CDIS":"01","CSEC":"001","NMUN":"Tírig"}},
{"type":"Feature","geometry":{"type":"Polygon","coordinates":[[[-0.22441,40.61563],[-0.22151,40.62043],[-0.21879,40.62589],[-0.21801,40.6346],[-0.21746,40.63648],[-0.22102,40.63598],[-0.22455,40.63843],[-0.22555,40.64006],[-0.22588,40.64678],[-0.22809,40.64684],[-0.23861,40.65238],[-0.24005,40.65294],[-0.24739,40.65949],[-0.2508,40.66019],[-0.25453,40.66002],[-0.25738,40.66096],[-0.2599,40.66045],[-0.26143,40.66162],[-0.262,40.66344],[-0.26482,40.66489],[-0.26528,40.66676],[-0.2668,40.66826],[-0.26661,40.67007],[-0.26287,40.67246],[-0.2582,40.67384],[-0.25713,40.67672],[-0.25801,40.67955],[-0.2598,40.68163],[-0.25943,40.68325],[-0.26099,40.68509],[-0.26356,40.68413],[-0.26767,40.68404],[-0.27576,40.68137],[-0.27939,40.67986],[-0.28129,40.67741],[-0.28307,40.67678],[-0.28596,40.67486],[-0.28796,40.6728],[-0.29029,40.67227],[-0.29363,40.67396],[-0.29482,40.67221],[-0.29711,40.67058],[-0.29907,40.66764],[-0.3044,40.66419],[-0.30617,40.66396],[-0.30731,40.662],[-0.307,40.6595],[-0.30743,40.65727],[-0.30943,40.65584],[-0.30831,40.65328],[-0.30617,40.64692],[-0.30119,40.64287],[-0.29868,40.63943],[-0.29636,40.63823],[-0.29393,40.63856],[-0.2878,40.63741],[-0.28538,40.63412],[-0.28314,40.63378],[-0.27775,40.63116],[-0.27591,40.63142],[-0.27311,40.63046],[-0.27018,40.63078],[-0.26524,40.62959],[-0.26431,40.62868],[-0.26176,40.62815],[-0.25882,40.62668],[-0.26183,40.62318],[-0.26475,40.62303],[-0.26566,40.6222],[-0.26669,40.61805],[-0.26596,40.61673],[-0.25987,40.60973],[-0.25527,40.60764],[-0.24656,40.61289],[-0.2434,40.61461],[-0.23792,40.60777],[-0.23484,40.60779],[-0.23062,40.60851],[-0.22762,40.61035],[-0.22498,40.61299],[-0.22282,40.61364],[-0.22441,40.61563]]]},"properties":{"CUSEC":"1211201001","CMUN":"112","CDIS":"01","CSEC":"001","NMUN":"Todolella"}},
{"type":"Feature","geometry":{"type":"Polygon","coordinates":[[[-0.3678,40.07449],[-0.38208,40.07962],[-0.38832,40.07818],[-0.39149,40.07828],[-0.39388,40.07657],[-0.39712,40.07637],[-0.39704,40.07044],[-0.39488,40.06905],[-0.39226,40.06486],[-0.38786,40.06285],[-0.38645,40.06083],[-0.3848,40.05735],[-0.38457,40.05482],[-0.38469,40.04875],[-0.38573,40.04599],[-0.38874,40.04031],[-0.39396,40.03569],[-0.39588,40.03254],[-0.39872,40.03028],[-0.39664,40.02693],[-0.39307,40.02771],[-0.39051,40.0276],[-0.3843,40.0295],[-0.37864,40.02837],[-0.37649,40.02838],[-0.36864,40.0298],[-0.36612,40.03104],[-0.36024,40.03225],[-0.35933,40.03299],[-0.35827,40.03644],[-0.35291,40.03898],[-0.34704,40.03881],[-0.34561,40.03831],[-0.34315,40.04038],[-0.3424,40.04412],[-0.34488,40.04282],[-0.34675,40.04305],[-0.35191,40.04236],[-0.35512,40.04423],[-0.35588,40.04699],[-0.36209,40.0492],[-0.36322,40.0526],[-0.36765,40.05536],[-0.36662,40.05989],[-0.36327,40.064],[-0.3631,40.06746],[-0.36878,40.0734],[-0.3678,40.07449]]]},"properties":{"CUSEC":"1211301001","CMUN":"113","CDIS":"01","CSEC":"001","NMUN":"Toga"}},
{"type":"Feature","geometry":{"type":"Polygon","coordinates":[[[-0.68999,39.95191],[-0.69141,39.95155],[-0.69531,39.95192],[-0.69971,39.95287],[-0.70202,39.95065],[-0.70228,39.9489],[-0.70422,39.94835],[-0.71019,39.94469],[-0.71071,39.94224],[-0.71235,39.94097],[-0.7155,39.94332],[-0.71684,39.94375],[-0.71896,39.94284],[-0.71936,39.94132],[-0.72195,39.93989],[-0.71539,39.9352],[-0.71305,39.93231],[-0.70997,39.93083],[-0.70462,39.92451],[-0.6987,39.9184],[-0.69797,39.91588],[-0.69649,39.91362],[-0.69658,39.91123],[-0.69533,39.90754],[-0.69351,39.90597],[-0.69082,39.90484],[-0.68981,39.90308],[-0.68372,39.90713],[-0.67169,39.90923],[-0.66841,39.91023],[-0.65953,39.91437],[-0.65533,39.91767],[-0.65452,39.92065],[-0.65618,39.92332],[-0.66462,39.93381],[-0.66963,39.93786],[-0.6738,39.94061],[-0.6769,39.94446],[-0.68473,39.94982],[-0.68999,39.95191]]]},"properties":{"CUSEC":"1211401001","CMUN":"114","CDIS":"01","CSEC":"001","NMUN":"Torás"}},
{"type":"Feature","geometry":{"type":"Polygon","coordinates":[[[-0.71595,40.04027],[-0.7189,40.03871],[-0.72022,40.03918],[-0.7246,40.03931],[-0.72675,40.04151],[-0.73034,40.04239],[-0.73146,40.04163],[-0.74268,40.03962],[-0.74539,40.0393],[-0.74809,40.03837],[-0.75204,40.04505],[-0.75362,40.04661],[-0.75873,40.04225],[-0.76227,40.04126],[-0.76205,40.03809],[-0.7625,40.03679],[-0.76285,40.03027],[-0.76381,40.02829],[-0.76539,40.02682],[-0.76479,40.02252],[-0.76624,40.02066],[-0.76579,40.01704],[-0.76717,40.0148],[-0.76783,40.0092],[-0.7695,40.00824],[-0.77347,40.00443],[-0.77538,40.00313],[-0.77674,40.00098],[-0.77765,39.99841],[-0.77955,39.99793],[-0.78288,39.99477],[-0.78628,39.99204],[-0.78814,39.99164],[-0.79015,39.98978],[-0.79523,39.99041],[-0.79694,39.99113],[-0.80007,39.99133],[-0.80346,39.99044],[-0.80847,39.98798],[-0.80963,39.98563],[-0.81698,39.98223],[-0.81877,39.9825],[-0.82277,39.98159],[-0.82428,39.98235],[-0.83481,39.97934],[-0.8378,39.97681],[-0.83809,39.97226],[-0.84143,39.96911],[-0.83857,39.96674],[-0.83838,39.96518],[-0.83609,39.96281],[-0.83574,39.96],[-0.83696,39.95798],[-0.83923,39.95552],[-0.84418,39.95402],[-0.84447,39.95224],[-0.8458,39.95082],[-0.8463,39.9477],[-0.84393,39.94532],[-0.83983,39.94207],[-0.8368,39.93333],[-0.83641,39.92836],[-0.83841,39.92603],[-0.84042,39.92495],[-0.83765,39.92358],[-0.83574,39.92057],[-0.8334,39.9177],[-0.83222,39.91273],[-0.83289,39.911],[-0.82999,39.90678],[-0.82441,39.90307],[-0.82243,39.90212],[-0.81787,39.89883],[-0.81326,39.89821],[-0.8046,39.89211],[-0.8029,39.889],[-0.80189,39.88508],[-0.79758,39.88325],[-0.79538,39.88498],[-0.79012,39.8916],[-0.79027,39.89565],[-0.78725,39.89904],[-0.78543,39.90234],[-0.78276,39.90477],[-0.77506,39.90891],[-0.77162,39.91348],[-0.77069,39.91628],[-0.77209,39.91841],[-0.77095,39.91939],[-0.76832,39.91955],[-0.76503,39.9209],[-0.76263,39.92363],[-0.75929,39.9239],[-0.73992,39.92947],[-0.73038,39.9343],[-0.72863,39.93425],[-0.72474,39.93694],[-0.72342,39.93894],[-0.72195,39.93989],[-0.71936,39.94132],[-0.71896,39.94284],[-0.71684,39.94375],[-0.7155,39.94332],[-0.71235,39.94097],[-0.71071,39.94224],[-0.71019,39.94469],[-0.70422,39.94835],[-0.70449,39.9559],[-0.70651,39.96096],[-0.7078,39.96616],[-0.71485,39.98784],[-0.71941,39.99869],[-0.73031,40.00514],[-0.73802,40.02063],[-0.73995,40.02591],[-0.74043,40.02905],[-0.74178,40.03204],[-0.74214,40.03589],[-0.71534,40.03252],[-0.71144,40.0366],[-0.71304,40.03834],[-0.71595,40.04027]]]},"properties":{"CUSEC":"1211501001","CMUN":"115","CDIS":"01","CSEC":"001","NMUN":"Toro, El"}},
{"type":"Feature","geometry":{"type":"Polygon","coordinates":[[[-0.42157,39.99906],[-0.42248,40.00431],[-0.42347,40.00527],[-0.42645,40.00572],[-0.42809,40.00659],[-0.43261,40.01025],[-0.44508,40.01387],[-0.44674,40.0159],[-0.44903,40.02141],[-0.44949,40.02421],[-0.44763,40.03081],[-0.45129,40.0284],[-0.45557,40.02353],[-0.45686,40.0212],[-0.46557,40.01203],[-0.46635,40.00917],[-0.468,40.00745],[-0.47382,40.00717],[-0.47517,40.00667],[-0.47848,40.00733],[-0.4822,40.00899],[-0.48405,40.00902],[-0.48721,40.00779],[-0.48858,40.00543],[-0.48605,40.00141],[-0.48558,39.9987],[-0.48279,39.998],[-0.48018,39.99552],[-0.48045,39.99246],[-0.47856,39.99156],[-0.473,39.99006],[-0.46989,39.9887],[-0.4686,39.98337],[-0.46529,39.97954],[-0.45998,39.97571],[-0.45188,39.96902],[-0.45083,39.96938],[-0.44557,39.96967],[-0.44028,39.97091],[-0.43602,39.97583],[-0.42867,39.97261],[-0.42792,39.97333],[-0.4222,39.97601],[-0.42044,39.97887],[-0.42037,39.97989],[-0.41736,39.98323],[-0.41601,39.98762],[-0.41908,39.99165],[-0.41997,39.99335],[-0.42157,39.99906]]]},"properties":{"CUSEC":"1211601001","CMUN":"116","CDIS":"01","CSEC":"001","NMUN":"Torralba del Pinar"}},
{"type":"Feature","geometry":{"type":"Polygon","coordinates":[[[0.19473,40.22051],[0.19346,40.22187],[0.19188,40.22133],[0.18627,40.21462],[0.19473,40.22051]]]},"properties":{"CUSEC":"1211701001","CMUN":"117","CDIS":"01","CSEC":"001","NMUN":"Torreblanca"}},
{"type":"Feature","geometry":{"type":"Polygon","coordinates":[[[0.19478,40.22046],[0.19473,40.22051],[0.18627,40.21462],[0.1867,40.2134],[0.19105,40.21606],[0.19681,40.21622],[0.19652,40.21882],[0.19478,40.22046]]]},"properties":{"CUSEC":"1211701002","CMUN":"117","CDIS":"01","CSEC":"002","NMUN":"Torreblanca"}},
{"type":"Feature","geometry":{"type":"Polygon","coordinates":[[[0.19681,40.21622],[0.19977,40.21702],[0.20601,40.22142],[0.20444,40.2226],[0.19478,40.22046],[0.19652,40.21882],[0.19681,40.21622]]]},"properties":{"CUSEC":"1211702001","CMUN":"117","CDIS":"02","CSEC":"001","NMUN":"Torreblanca"}},
{"type":"Feature","geometry":{"type":"Polygon","coordinates":[[[0.21692,40.22987],[0.20665,40.23417],[0.19528,40.23582],[0.18802,40.23368],[0.17928,40.2315],[0.17093,40.22164],[0.16605,40.21969],[0.15797,40.22114],[0.15476,40.21611],[0.15642,40.20528],[0.15866,40.20379],[0.17029,40.19794],[0.17547,40.19489],[0.18226,40.19134],[0.18863,40.18755],[0.20148,40.18074],[0.20661,40.18343],[0.21031,40.1841],[0.21251,40.18625],[0.21852,40.19005],[0.22086,40.19204],[0.226,40.19493],[0.23071,40.19794],[0.23425,40.1992],[0.23959,40.19955],[0.244,40.20139],[0.24995,40.20251],[0.25492,40.20292],[0.25584,40.20346],[0.25505,40.2044],[0.25375,40.20886],[0.24976,40.21186],[0.24625,40.21414],[0.23623,40.21889],[0.2305,40.22343],[0.21692,40.22987]],[[0.19478,40.22046],[0.20444,40.2226],[0.20601,40.22142],[0.19977,40.21702],[0.19681,40.21622],[0.19105,40.21606],[0.1867,40.2134],[0.18627,40.21462],[0.19188,40.22133],[0.19346,40.22187],[0.19473,40.22051],[0.19478,40.22046]]]},"properties":{"CUSEC":"1211702002","CMUN":"117","CDIS":"02","CSEC":"002","NMUN":"Torreblanca"}},
{"type":"Feature","geometry":{"type":"Polygon","coordinates":[[[-0.39872,40.03028],[-0.39588,40.03254],[-0.39396,40.03569],[-0.38874,40.04031],[-0.38573,40.04599],[-0.38469,40.04875],[-0.38457,40.05482],[-0.3848,40.05735],[-0.38645,40.06083],[-0.38786,40.06285],[-0.39226,40.06486],[-0.39488,40.06905],[-0.39704,40.07044],[-0.39712,40.07637],[-0.40347,40.07469],[-0.40583,40.0722],[-0.41385,40.06046],[-0.41816,40.05156],[-0.42326,40.04711],[-0.42888,40.04386],[-0.43226,40.03887],[-0.42786,40.03894],[-0.4217,40.03724],[-0.41639,40.03389],[-0.41627,40.03256],[-0.41406,40.03057],[-0.41115,40.02947],[-0.40735,40.02565],[-0.39972,40.02823],[-0.39872,40.03028]]]},"properties":{"CUSEC":"1211801001","CMUN":"118","CDIS":"01","CSEC":"001","NMUN":"Torrechiva"}},
{"type":"Feature","geometry":{"type":"Polygon","coordinates":[[[-0.04843,40.33678],[-0.05024,40.33675],[-0.05182,40.33879],[-0.05349,40.33745],[-0.05593,40.33847],[-0.05962,40.33644],[-0.06019,40.33513],[-0.06276,40.33487],[-0.06615,40.33651],[-0.07292,40.33583],[-0.07628,40.33448],[-0.07905,40.33604],[-0.08363,40.33436],[-0.08571,40.33263],[-0.09107,40.33076],[-0.09217,40.33115],[-0.09789,40.33019],[-0.10231,40.32815],[-0.10547,40.32469],[-0.10554,40.32343],[-0.10485,40.31294],[-0.08578,40.29785],[-0.05878,40.32158],[-0.05056,40.33343],[-0.04843,40.33678]]]},"properties":{"CUSEC":"1211901001","CMUN":"119","CDIS":"01","CSEC":"001","NMUN":"Torre d'en Besora, la"}},
{"type":"Feature","geometry":{"type":"Polygon","coordinates":[[[0.07713,40.27417],[0.0724,40.27432],[0.06839,40.27595],[0.06419,40.27688],[0.05923,40.27459],[0.0577,40.27289],[0.05583,40.27245],[0.05995,40.26851],[0.06763,40.26247],[0.072,40.2601],[0.07345,40.25972],[0.07588,40.25764],[0.08056,40.25934],[0.08151,40.26113],[0.08494,40.26557],[0.0858,40.26833],[0.08891,40.27069],[0.07713,40.27417]]]},"properties":{"CUSEC":"1212001001","CMUN":"120","CDIS":"01","CSEC":"001","NMUN":"Torre d'en Doménec, la"}},
{"type":"Feature","geometry":{"type":"Polygon","coordinates":[[[0.40296,40.6018],[0.40014,40.60257],[0.39506,40.60252],[0.39234,40.60417],[0.39084,40.60183],[0.38591,40.59586],[0.38217,40.59298],[0.37642,40.58679],[0.36977,40.58271],[0.36417,40.5855],[0.36047,40.58782],[0.35312,40.59172],[0.34766,40.59492],[0.34645,40.58742],[0.34675,40.58561],[0.34056,40.57615],[0.33743,40.57429],[0.33669,40.57208],[0.33633,40.56885],[0.33781,40.56425],[0.33529,40.56605],[0.33259,40.56649],[0.33093,40.56768],[0.33023,40.56935],[0.32616,40.57067],[0.32286,40.573],[0.32033,40.57363],[0.31955,40.57584],[0.31758,40.57523],[0.31633,40.57596],[0.31557,40.57842],[0.3135,40.57812],[0.31161,40.57919],[0.31127,40.58136],[0.30889,40.58222],[0.30713,40.5867],[0.30512,40.58909],[0.30423,40.59117],[0.30272,40.59232],[0.30028,40.59162],[0.29785,40.586],[0.29078,40.57246],[0.29019,40.57086],[0.28389,40.55829],[0.2826,40.55346],[0.27717,40.5501],[0.27002,40.54429],[0.26622,40.54045],[0.25925,40.53222],[0.25285,40.52694],[0.25834,40.52365],[0.26133,40.51603],[0.25967,40.50754],[0.27178,40.50097],[0.26835,40.4954],[0.271,40.4895],[0.27997,40.48987],[0.28417,40.49214],[0.28762,40.49674],[0.29314,40.49978],[0.30044,40.49803],[0.30699,40.49582],[0.30739,40.49702],[0.30308,40.50717],[0.32058,40.52043],[0.31935,40.52804],[0.32768,40.53388],[0.33577,40.53907],[0.34129,40.54487],[0.34294,40.54591],[0.34381,40.5478],[0.35179,40.55296],[0.35852,40.56036],[0.36534,40.56405],[0.38563,40.57378],[0.39232,40.57687],[0.41021,40.58468],[0.4176,40.58781],[0.41508,40.58956],[0.4046,40.59483],[0.40475,40.59611],[0.40638,40.59725],[0.40296,40.6018]]]},"properties":{"CUSEC":"1212101001","CMUN":"121","CDIS":"01","CSEC":"001","NMUN":"Traiguera"}},
{"type":"Feature","geometry":{"type":"Polygon","coordinates":[[[-0.0855,40.22001],[-0.08863,40.22112],[-0.0946,40.22134],[-0.09739,40.22236],[-0.09851,40.2239],[-0.09403,40.22807],[-0.09336,40.23119],[-0.09412,40.23622],[-0.0985,40.23997],[-0.10082,40.24017],[-0.10353,40.23907],[-0.10426,40.2372],[-0.10363,40.23505],[-0.10403,40.23309],[-0.10607,40.23254],[-0.1085,40.23303],[-0.11033,40.2341],[-0.11026,40.23202],[-0.1127,40.23005],[-0.11459,40.22983],[-0.11627,40.22855],[-0.12429,40.22695],[-0.1276,40.22896],[-0.13049,40.22875],[-0.13151,40.22956],[-0.13451,40.22927],[-0.13537,40.22792],[-0.1349,40.2252],[-0.13599,40.22201],[-0.14115,40.21905],[-0.13898,40.21564],[-0.1406,40.21044],[-0.14267,40.2103],[-0.1451,40.21157],[-0.14801,40.21083],[-0.15176,40.2108],[-0.15485,40.20978],[-0.15695,40.20535],[-0.15811,40.20415],[-0.15748,40.20237],[-0.16246,40.19961],[-0.16584,40.19671],[-0.1676,40.19567],[-0.16866,40.19403],[-0.17133,40.1929],[-0.17483,40.19258],[-0.17554,40.19153],[-0.18109,40.1879],[-0.18326,40.18575],[-0.18722,40.18458],[-0.18997,40.18255],[-0.19113,40.18071],[-0.19683,40.17653],[-0.20002,40.17551],[-0.20158,40.17366],[-0.20541,40.16607],[-0.20869,40.16037],[-0.21012,40.15719],[-0.20718,40.15521],[-0.20769,40.14988],[-0.2053,40.14828],[-0.20347,40.14785],[-0.20201,40.14657],[-0.198,40.14417],[-0.19357,40.14101],[-0.18828,40.13994],[-0.18561,40.14119],[-0.17904,40.14465],[-0.17678,40.14433],[-0.17092,40.14562],[-0.16998,40.14495],[-0.17004,40.14265],[-0.16504,40.14318],[-0.16105,40.14172],[-0.15967,40.1421],[-0.15448,40.14002],[-0.15334,40.14051],[-0.1506,40.14009],[-0.15012,40.14181],[-0.14778,40.14221],[-0.14525,40.14539],[-0.14146,40.14501],[-0.14005,40.14565],[-0.13849,40.1445],[-0.13594,40.14388],[-0.1321,40.14015],[-0.13145,40.13886],[-0.13364,40.13759],[-0.13436,40.13605],[-0.13348,40.1327],[-0.13013,40.12954],[-0.12228,40.12993],[-0.11998,40.13033],[-0.11487,40.13045],[-0.11037,40.12945],[-0.10804,40.12973],[-0.10687,40.13068],[-0.10321,40.13704],[-0.09808,40.14225],[-0.09708,40.14476],[-0.09669,40.14936],[-0.09392,40.15177],[-0.09127,40.15628],[-0.08896,40.15934],[-0.08646,40.16406],[-0.08578,40.16458],[-0.08324,40.16634],[-0.08124,40.16988],[-0.08171,40.17354],[-0.07819,40.17933],[-0.07642,40.1837],[-0.07615,40.18681],[-0.07719,40.19306],[-0.08011,40.1986],[-0.08086,40.20329],[-0.08021,40.20699],[-0.08391,40.21061],[-0.08456,40.21271],[-0.08425,40.21456],[-0.0826,40.21535],[-0.08072,40.21597],[-0.08017,40.21791],[-0.08166,40.21918],[-0.0855,40.22001]]]},"properties":{"CUSEC":"1212201001","CMUN":"122","CDIS":"01","CSEC":"001","NMUN":"Useres, les/Useras"}},
{"type":"Feature","geometry":{"type":"Polygon","coordinates":[[[-0.33627,40.02238],[-0.3347,40.02353],[-0.32418,40.02981],[-0.32256,40.03546],[-0.3223,40.04594],[-0.3281,40.05372],[-0.33581,40.04945],[-0.33823,40.04779],[-0.34181,40.0462],[-0.3424,40.04412],[-0.34315,40.04038],[-0.34561,40.03831],[-0.34604,40.0367],[-0.34334,40.03216],[-0.34409,40.02878],[-0.34507,40.02779],[-0.34413,40.02207],[-0.34113,40.02129],[-0.33627,40.02238]]]},"properties":{"CUSEC":"1212301001","CMUN":"123","CDIS":"01","CSEC":"001","NMUN":"Vallat"}},
{"type":"Feature","geometry":{"type":"Polygon","coordinates":[[[-0.03271,40.17429],[-0.03358,40.17593],[-0.03278,40.1795],[-0.03419,40.18241],[-0.03576,40.18237],[-0.03565,40.17998],[-0.03667,40.17847],[-0.03976,40.17662],[-0.0353,40.17235],[-0.03271,40.17429]]]},"properties":{"CUSEC":"1212401001","CMUN":"124","CDIS":"01","CSEC":"001","NMUN":"Vall d'Alba"}},
{"type":"Feature","geometry":{"type":"Polygon","coordinates":[[[-0.00868,40.21535],[-0.02085,40.21352],[-0.05233,40.20905],[-0.0826,40.21535],[-0.08425,40.21456],[-0.08456,40.21271],[-0.08391,40.21061],[-0.08021,40.20699],[-0.08086,40.20329],[-0.08011,40.1986],[-0.07719,40.19306],[-0.07615,40.18681],[-0.07642,40.1837],[-0.07819,40.17933],[-0.08171,40.17354],[-0.08124,40.16988],[-0.08324,40.16634],[-0.08578,40.16458],[-0.08292,40.16515],[-0.07828,40.16554],[-0.07282,40.16467],[-0.06258,40.16073],[-0.06109,40.15627],[-0.06122,40.15444],[-0.05918,40.15381],[-0.05756,40.15251],[-0.05401,40.15195],[-0.04862,40.15433],[-0.04657,40.1521],[-0.04011,40.15542],[-0.02493,40.15398],[-0.00785,40.14764],[-0.00253,40.14613],[0.00437,40.14815],[0.00798,40.14821],[0.01129,40.15011],[0.01248,40.1523],[0.01763,40.15252],[0.01718,40.15502],[0.01459,40.16552],[0.01523,40.16677],[0.02522,40.18357],[0.02759,40.1877],[0.0211,40.18977],[0.01989,40.19197],[0.0194,40.19512],[0.01448,40.19886],[0.0135,40.20171],[0.00955,40.20526],[0.00324,40.20677],[-0.00067,40.2064],[-0.00348,40.20658],[-0.00582,40.20815],[-0.00794,40.2145],[-0.00868,40.21535]],[[-0.03271,40.17429],[-0.0353,40.17235],[-0.03976,40.17662],[-0.03667,40.17847],[-0.03565,40.17998],[-0.03576,40.18237],[-0.03419,40.18241],[-0.03278,40.1795],[-0.03358,40.17593],[-0.03271,40.17429]]]},"properties":{"CUSEC":"1212402001","CMUN":"124","CDIS":"02","CSEC":"001","NMUN":"Vall d'Alba"}},
{"type":"Feature","geometry":{"type":"Polygon","coordinates":[[[-0.41111,39.89166],[-0.40953,39.89843],[-0.41479,39.89956],[-0.41833,39.90085],[-0.41925,39.90592],[-0.43398,39.90239],[-0.44102,39.9043],[-0.44515,39.90716],[-0.44655,39.90736],[-0.44902,39.9091],[-0.45034,39.91295],[-0.45281,39.91404],[-0.45377,39.91766],[-0.45697,39.91976],[-0.46941,39.92372],[-0.47229,39.92039],[-0.47312,39.91886],[-0.47658,39.91556],[-0.48238,39.91336],[-0.49434,39.90365],[-0.49728,39.90151],[-0.50053,39.89828],[-0.50241,39.89702],[-0.49537,39.8964],[-0.48695,39.88909],[-0.48625,39.88686],[-0.48067,39.88202],[-0.47728,39.87872],[-0.47552,39.8792],[-0.4658,39.87947],[-0.45977,39.87907],[-0.45384,39.88068],[-0.44417,39.88102],[-0.43345,39.88541],[-0.42953,39.886],[-0.42266,39.88763],[-0.41472,39.89025],[-0.41111,39.89166]]]},"properties":{"CUSEC":"1212501001","CMUN":"125","CDIS":"01","CSEC":"001","NMUN":"Vall de Almonacid"}},
{"type":"Feature","geometry":{"type":"Polygon","coordinates":[[[-0.17191,39.81415],[-0.17128,39.81605],[-0.17432,39.81684],[-0.1724,39.83194],[-0.1748,39.83322],[-0.17809,39.83107],[-0.18651,39.82934],[-0.18792,39.8293],[-0.19382,39.82802],[-0.19947,39.8278],[-0.20063,39.82588],[-0.20591,39.82407],[-0.21038,39.82442],[-0.21912,39.82271],[-0.22405,39.82508],[-0.22667,39.82437],[-0.22581,39.8223],[-0.21931,39.8219],[-0.21603,39.82054],[-0.21614,39.8187],[-0.22517,39.81957],[-0.2266,39.81844],[-0.23056,39.81877],[-0.23143,39.81752],[-0.22859,39.81567],[-0.22612,39.81497],[-0.22567,39.81304],[-0.22322,39.81148],[-0.21987,39.8077],[-0.21844,39.80657],[-0.21465,39.80623],[-0.20958,39.80679],[-0.20563,39.80759],[-0.20359,39.80868],[-0.20226,39.81277],[-0.19986,39.8148],[-0.19522,39.81667],[-0.1909,39.81686],[-0.18518,39.81648],[-0.18163,39.81535],[-0.17411,39.81502],[-0.17191,39.81415]]]},"properties":{"CUSEC":"1212601001","CMUN":"126","CDIS":"01","CSEC":"001","NMUN":"Vall d'Uixó, la"}},
{"type":"Feature","geometry":{"type":"Polygon","coordinates":[[[-0.22667,39.82437],[-0.22934,39.82507],[-0.22934,39.82505],[-0.22957,39.82258],[-0.22621,39.82232],[-0.22581,39.8223],[-0.22667,39.82437]]]},"properties":{"CUSEC":"1212601003","CMUN":"126","CDIS":"01","CSEC":"003","NMUN":"Vall d'Uixó, la"}},
{"type":"Feature","geometry":{"type":"Polygon","coordinates":[[[-0.22405,39.82508],[-0.22829,39.8285],[-0.23015,39.82888],[-0.22951,39.82681],[-0.22934,39.82507],[-0.22667,39.82437],[-0.22405,39.82508]]]},"properties":{"CUSEC":"1212601004","CMUN":"126","CDIS":"01","CSEC":"004","NMUN":"Vall d'Uixó, la"}},
{"type":"Feature","geometry":{"type":"Polygon","coordinates":[[[-0.1748,39.83322],[-0.17809,39.83494],[-0.1905,39.84353],[-0.19208,39.8449],[-0.20193,39.8513],[-0.20506,39.85295],[-0.20697,39.85501],[-0.20945,39.85542],[-0.21353,39.85534],[-0.21521,39.8565],[-0.21599,39.86074],[-0.21884,39.86182],[-0.22307,39.86242],[-0.22568,39.86115],[-0.22541,39.85712],[-0.22958,39.85338],[-0.22933,39.85254],[-0.23058,39.84779],[-0.23054,39.84373],[-0.22832,39.83955],[-0.23006,39.83848],[-0.22964,39.83743],[-0.23134,39.83616],[-0.2311,39.83391],[-0.23018,39.83311],[-0.23001,39.83053],[-0.22829,39.8285],[-0.22405,39.82508],[-0.21912,39.82271],[-0.21038,39.82442],[-0.20591,39.82407],[-0.20063,39.82588],[-0.19947,39.8278],[-0.19382,39.82802],[-0.18792,39.8293],[-0.18651,39.82934],[-0.17809,39.83107],[-0.1748,39.83322]]]},"properties":{"CUSEC":"1212601005","CMUN":"126","CDIS":"01","CSEC":"005","NMUN":"Vall d'Uixó, la"}},
{"type":"Feature","geometry":{"type":"Polygon","coordinates":[[[-0.22621,39.82232],[-0.22957,39.82258],[-0.22964,39.822],[-0.22984,39.82016],[-0.23056,39.81877],[-0.2266,39.81844],[-0.22621,39.82232]]]},"properties":{"CUSEC":"1212601006","CMUN":"126","CDIS":"01","CSEC":"006","NMUN":"Vall d'Uixó, la"}},
{"type":"Feature","geometry":{"type":"Polygon","coordinates":[[[-0.22581,39.8223],[-0.22621,39.82232],[-0.2266,39.81844],[-0.22517,39.81957],[-0.21614,39.8187],[-0.21603,39.82054],[-0.21931,39.8219],[-0.22581,39.8223]]]},"properties":{"CUSEC":"1212601007","CMUN":"126","CDIS":"01","CSEC":"007","NMUN":"Vall d'Uixó, la"}},
{"type":"Feature","geometry":{"type":"Polygon","coordinates":[[[-0.22957,39.82258],[-0.22934,39.82505],[-0.23283,39.82443],[-0.23262,39.82338],[-0.23284,39.82218],[-0.23139,39.82209],[-0.22964,39.822],[-0.22957,39.82258]]]},"properties":{"CUSEC":"1212602001","CMUN":"126","CDIS":"02","CSEC":"001","NMUN":"Vall d'Uixó, la"}},
{"type":"Feature","geometry":{"type":"Polygon","coordinates":[[[-0.22934,39.82507],[-0.22951,39.82681],[-0.23304,39.8265],[-0.23316,39.8251],[-0.23283,39.82443],[-0.22934,39.82505],[-0.22934,39.82507]]]},"properties":{"CUSEC":"1212602002","CMUN":"126","CDIS":"02","CSEC":"002","NMUN":"Vall d'Uixó, la"}},
{"type":"Feature","geometry":{"type":"Polygon","coordinates":[[[-0.23015,39.82888],[-0.23178,39.83],[-0.23435,39.82946],[-0.23505,39.82783],[-0.23304,39.8265],[-0.22951,39.82681],[-0.23015,39.82888]]]},"properties":{"CUSEC":"1212602003","CMUN":"126","CDIS":"02","CSEC":"003","NMUN":"Vall d'Uixó, la"}},
{"type":"Feature","geometry":{"type":"Polygon","coordinates":[[[-0.23304,39.8265],[-0.23505,39.82783],[-0.23564,39.8277],[-0.23712,39.82418],[-0.2361,39.82441],[-0.23316,39.8251],[-0.23304,39.8265]]]},"properties":{"CUSEC":"1212602004","CMUN":"126","CDIS":"02","CSEC":"004","NMUN":"Vall d'Uixó, la"}},
{"type":"Feature","geometry":{"type":"Polygon","coordinates":[[[-0.23283,39.82443],[-0.23316,39.8251],[-0.2361,39.82441],[-0.23561,39.82262],[-0.23262,39.82338],[-0.23283,39.82443]]]},"properties":{"CUSEC":"1212602005","CMUN":"126","CDIS":"02","CSEC":"005","NMUN":"Vall d'Uixó, la"}},
{"type":"Feature","geometry":{"type":"Polygon","coordinates":[[[-0.23284,39.82218],[-0.23262,39.82338],[-0.23561,39.82262],[-0.23551,39.8217],[-0.23623,39.81986],[-0.23479,39.82008],[-0.23312,39.81797],[-0.23281,39.81777],[-0.23284,39.82218]]]},"properties":{"CUSEC":"1212602006","CMUN":"126","CDIS":"02","CSEC":"006","NMUN":"Vall d'Uixó, la"}},
{"type":"Feature","geometry":{"type":"Polygon","coordinates":[[[-0.23281,39.81777],[-0.23312,39.81797],[-0.23394,39.81498],[-0.23367,39.81284],[-0.23215,39.81224],[-0.23366,39.80944],[-0.23839,39.80429],[-0.24366,39.79972],[-0.24711,39.79709],[-0.24978,39.79355],[-0.25455,39.79074],[-0.25802,39.78919],[-0.26004,39.78776],[-0.26454,39.78608],[-0.27941,39.78256],[-0.28383,39.78133],[-0.29057,39.78014],[-0.28236,39.77505],[-0.27653,39.77054],[-0.2461,39.7768],[-0.22718,39.77911],[-0.21889,39.78051],[-0.21553,39.78228],[-0.2102,39.78699],[-0.20668,39.79078],[-0.20507,39.79661],[-0.20267,39.80191],[-0.18442,39.80028],[-0.18142,39.79855],[-0.18077,39.79921],[-0.17683,39.80608],[-0.17247,39.8123],[-0.17212,39.81359],[-0.17191,39.81415],[-0.17411,39.81502],[-0.18163,39.81535],[-0.18518,39.81648],[-0.1909,39.81686],[-0.19522,39.81667],[-0.19986,39.8148],[-0.20226,39.81277],[-0.20359,39.80868],[-0.20563,39.80759],[-0.20958,39.80679],[-0.21465,39.80623],[-0.21844,39.80657],[-0.21987,39.8077],[-0.22322,39.81148],[-0.22567,39.81304],[-0.22612,39.81497],[-0.22859,39.81567],[-0.23143,39.81752],[-0.23281,39.81777]]]},"properties":{"CUSEC":"1212602007","CMUN":"126","CDIS":"02","CSEC":"007","NMUN":"Vall d'Uixó, la"}},
{"type":"Feature","geometry":{"type":"Polygon","coordinates":[[[-0.23312,39.81797],[-0.23479,39.82008],[-0.23623,39.81986],[-0.24022,39.81904],[-0.24198,39.81705],[-0.23965,39.81687],[-0.23631,39.81516],[-0.23394,39.81498],[-0.23312,39.81797]]]},"properties":{"CUSEC":"1212602008","CMUN":"126","CDIS":"02","CSEC":"008","NMUN":"Vall d'Uixó, la"}},
{"type":"Feature","geometry":{"type":"Polygon","coordinates":[[[-0.23435,39.82946],[-0.23526,39.83212],[-0.2455,39.85273],[-0.25211,39.84917],[-0.2528,39.84641],[-0.25286,39.84324],[-0.25173,39.84237],[-0.25055,39.83935],[-0.24818,39.83809],[-0.24708,39.83628],[-0.24253,39.83206],[-0.24196,39.82968],[-0.24014,39.82786],[-0.24067,39.82663],[-0.23564,39.8277],[-0.23505,39.82783],[-0.23435,39.82946]]]},"properties":{"CUSEC":"1212602009","CMUN":"126","CDIS":"02","CSEC":"009","NMUN":"Vall d'Uixó, la"}},
{"type":"Feature","geometry":{"type":"Polygon","coordinates":[[[-0.23139,39.82209],[-0.23284,39.82218],[-0.23281,39.81777],[-0.23143,39.81752],[-0.23056,39.81877],[-0.22984,39.82016],[-0.23157,39.82042],[-0.23139,39.82209]]]},"properties":{"CUSEC":"1212602010","CMUN":"126","CDIS":"02","CSEC":"010","NMUN":"Vall d'Uixó, la"}},
{"type":"Feature","geometry":{"type":"Polygon","coordinates":[[[-0.23435,39.82946],[-0.23178,39.83],[-0.23015,39.82888],[-0.22829,39.8285],[-0.23001,39.83053],[-0.23018,39.83311],[-0.2311,39.83391],[-0.23134,39.83616],[-0.22964,39.83743],[-0.23006,39.83848],[-0.22832,39.83955],[-0.23054,39.84373],[-0.23058,39.84779],[-0.22933,39.85254],[-0.22958,39.85338],[-0.22541,39.85712],[-0.22568,39.86115],[-0.22762,39.8606],[-0.23049,39.86112],[-0.23598,39.86102],[-0.23921,39.86354],[-0.24123,39.86149],[-0.2412,39.86015],[-0.24285,39.85881],[-0.24275,39.8577],[-0.23997,39.85481],[-0.24098,39.85276],[-0.24284,39.85342],[-0.2455,39.85273],[-0.23526,39.83212],[-0.23435,39.82946]]]},"properties":{"CUSEC":"1212602011","CMUN":"126","CDIS":"02","CSEC":"011","NMUN":"Vall d'Uixó, la"}},
{"type":"Feature","geometry":{"type":"Polygon","coordinates":[[[-0.22964,39.822],[-0.23139,39.82209],[-0.23157,39.82042],[-0.22984,39.82016],[-0.22964,39.822]]]},"properties":{"CUSEC":"1212602012","CMUN":"126","CDIS":"02","CSEC":"012","NMUN":"Vall d'Uixó, la"}},
{"type":"Feature","geometry":{"type":"Polygon","coordinates":[[[-0.23712,39.82418],[-0.24079,39.82448],[-0.23967,39.82328],[-0.24008,39.82198],[-0.23755,39.82226],[-0.23551,39.8217],[-0.23561,39.82262],[-0.2361,39.82441],[-0.23712,39.82418]]]},"properties":{"CUSEC":"1212603001","CMUN":"126","CDIS":"03","CSEC":"001","NMUN":"Vall d'Uixó, la"}},
{"type":"Feature","geometry":{"type":"Polygon","coordinates":[[[-0.23712,39.82418],[-0.23564,39.8277],[-0.24067,39.82663],[-0.24196,39.82565],[-0.24079,39.82448],[-0.23712,39.82418]]]},"properties":{"CUSEC":"1212603002","CMUN":"126","CDIS":"03","CSEC":"002","NMUN":"Vall d'Uixó, la"}},
{"type":"Feature","geometry":{"type":"Polygon","coordinates":[[[-0.24022,39.81904],[-0.24225,39.82215],[-0.24597,39.81935],[-0.25207,39.81846],[-0.25518,39.81827],[-0.25676,39.819],[-0.26078,39.81962],[-0.26183,39.8188],[-0.26413,39.82071],[-0.26558,39.82054],[-0.26685,39.82192],[-0.26976,39.82252],[-0.27263,39.8222],[-0.27473,39.81992],[-0.27703,39.81837],[-0.28035,39.81543],[-0.28157,39.81351],[-0.28386,39.81208],[-0.28368,39.8104],[-0.28619,39.80973],[-0.28742,39.80719],[-0.29201,39.80626],[-0.29238,39.80504],[-0.29562,39.80457],[-0.29831,39.80477],[-0.30047,39.80375],[-0.30205,39.80193],[-0.30328,39.80184],[-0.30408,39.8001],[-0.30857,39.79699],[-0.30597,39.79448],[-0.29748,39.78518],[-0.29349,39.78194],[-0.29057,39.78014],[-0.28383,39.78133],[-0.27941,39.78256],[-0.26454,39.78608],[-0.26004,39.78776],[-0.25802,39.78919],[-0.25455,39.79074],[-0.24978,39.79355],[-0.24711,39.79709],[-0.24366,39.79972],[-0.23839,39.80429],[-0.23366,39.80944],[-0.23215,39.81224],[-0.23367,39.81284],[-0.23394,39.81498],[-0.23631,39.81516],[-0.23965,39.81687],[-0.24198,39.81705],[-0.24022,39.81904]]]},"properties":{"CUSEC":"1212603003","CMUN":"126","CDIS":"03","CSEC":"003","NMUN":"Vall d'Uixó, la"}},
{"type":"Feature","geometry":{"type":"Polygon","coordinates":[[[-0.24067,39.82663],[-0.24014,39.82786],[-0.24196,39.82968],[-0.24253,39.83206],[-0.24708,39.83628],[-0.24818,39.83809],[-0.25055,39.83935],[-0.25173,39.84237],[-0.25286,39.84324],[-0.2528,39.84641],[-0.25211,39.84917],[-0.25415,39.84796],[-0.25635,39.84293],[-0.2558,39.83883],[-0.2532,39.83347],[-0.25761,39.83055],[-0.25789,39.82954],[-0.26011,39.82803],[-0.26282,39.82461],[-0.26618,39.82257],[-0.26976,39.82252],[-0.26685,39.82192],[-0.26558,39.82054],[-0.26413,39.82071],[-0.26183,39.8188],[-0.26078,39.81962],[-0.25676,39.819],[-0.25518,39.81827],[-0.25207,39.81846],[-0.24597,39.81935],[-0.24225,39.82215],[-0.24008,39.82198],[-0.23967,39.82328],[-0.24079,39.82448],[-0.24196,39.82565],[-0.24067,39.82663]]]},"properties":{"CUSEC":"1212603004","CMUN":"126","CDIS":"03","CSEC":"004","NMUN":"Vall d'Uixó, la"}},
{"type":"Feature","geometry":{"type":"Polygon","coordinates":[[[-0.24008,39.82198],[-0.24225,39.82215],[-0.24022,39.81904],[-0.23623,39.81986],[-0.23551,39.8217],[-0.23755,39.82226],[-0.24008,39.82198]]]},"properties":{"CUSEC":"1212603005","CMUN":"126","CDIS":"03","CSEC":"005","NMUN":"Vall d'Uixó, la"}},
{"type":"Feature","geometry":{"type":"Polygon","coordinates":[[[0.13941,40.63679],[0.11909,40.63445],[0.10901,40.63872],[0.08968,40.65026],[0.08182,40.64986],[0.06659,40.64724],[0.06401,40.64718],[0.06082,40.64434],[0.05839,40.64511],[0.04952,40.64566],[0.04684,40.64746],[0.04491,40.64796],[0.04381,40.64953],[0.03813,40.65014],[0.03508,40.64633],[0.03494,40.64203],[0.03437,40.63955],[0.03461,40.63736],[0.03222,40.63699],[0.03193,40.6349],[0.02912,40.63269],[0.02788,40.63011],[0.02544,40.6272],[0.024,40.62667],[0.01957,40.62626],[0.0171,40.625],[0.01473,40.62463],[0.01152,40.62298],[0.00907,40.62265],[0.00992,40.62091],[0.0096,40.61896],[0.01046,40.61741],[0.00999,40.61561],[0.011,40.61404],[0.01601,40.61151],[0.01776,40.6114],[0.02024,40.61014],[0.02332,40.60689],[0.02411,40.60472],[0.02048,40.60139],[0.01619,40.59914],[0.01313,40.59929],[0.00996,40.59865],[0.00568,40.5959],[0.00366,40.59358],[0.00304,40.5864],[0.0029,40.58484],[0.00884,40.58399],[0.01274,40.58397],[0.0145,40.58182],[0.01908,40.5794],[0.0235,40.57794],[0.02766,40.57695],[0.03138,40.57885],[0.03321,40.57884],[0.04104,40.57568],[0.04828,40.57398],[0.05298,40.5741],[0.05444,40.57154],[0.06071,40.56846],[0.06215,40.56823],[0.06714,40.56932],[0.06983,40.57049],[0.07282,40.57076],[0.07687,40.5722],[0.07863,40.5721],[0.08006,40.57308],[0.0877,40.57574],[0.09382,40.57918],[0.0959,40.58136],[0.09934,40.58293],[0.10806,40.58558],[0.11629,40.58659],[0.12199,40.58506],[0.12817,40.58059],[0.13098,40.58054],[0.13387,40.57897],[0.14133,40.57687],[0.14461,40.5749],[0.14764,40.57478],[0.1509,40.57582],[0.15354,40.57599],[0.15826,40.57821],[0.16319,40.57939],[0.16845,40.5812],[0.17167,40.58298],[0.17461,40.58401],[0.17399,40.58522],[0.17732,40.5899],[0.18048,40.5911],[0.18353,40.5928],[0.18583,40.59555],[0.18543,40.59756],[0.18406,40.59941],[0.17879,40.60234],[0.17665,40.60419],[0.17441,40.61036],[0.17023,40.61129],[0.1684,40.61334],[0.16265,40.61489],[0.16054,40.61474],[0.15752,40.61368],[0.15558,40.62595],[0.15427,40.62766],[0.14707,40.62972],[0.14698,40.63102],[0.13941,40.63679]]]},"properties":{"CUSEC":"1212701001","CMUN":"127","CDIS":"01","CSEC":"001","NMUN":"Vallibona"}},
{"type":"Feature","geometry":{"type":"Polygon","coordinates":[[[0.01763,40.15252],[0.01248,40.1523],[0.01129,40.15011],[0.00798,40.14821],[0.00437,40.14815],[-0.00253,40.14613],[-0.00785,40.14764],[-0.02493,40.15398],[-0.04011,40.15542],[-0.04657,40.1521],[-0.04862,40.15433],[-0.05401,40.15195],[-0.05756,40.15251],[-0.05918,40.15381],[-0.06122,40.15444],[-0.06109,40.15627],[-0.06258,40.16073],[-0.07282,40.16467],[-0.07828,40.16554],[-0.08292,40.16515],[-0.08578,40.16458],[-0.08646,40.16406],[-0.08896,40.15934],[-0.09127,40.15628],[-0.09392,40.15177],[-0.09669,40.14936],[-0.09708,40.14476],[-0.09808,40.14225],[-0.10321,40.13704],[-0.10687,40.13068],[-0.10804,40.12973],[-0.11037,40.12945],[-0.11487,40.13045],[-0.11998,40.13033],[-0.12228,40.12993],[-0.13013,40.12954],[-0.13435,40.12796],[-0.13567,40.12635],[-0.13752,40.12124],[-0.14232,40.11682],[-0.14237,40.11474],[-0.13805,40.11278],[-0.13776,40.11096],[-0.14174,40.11098],[-0.14357,40.10933],[-0.14137,40.10782],[-0.14142,40.10552],[-0.14388,40.10348],[-0.14764,40.10307],[-0.14791,40.10167],[-0.14653,40.10031],[-0.14517,40.09763],[-0.14573,40.09589],[-0.14309,40.09391],[-0.1394,40.09492],[-0.13473,40.09737],[-0.13087,40.09669],[-0.12934,40.09708],[-0.12318,40.09763],[-0.11971,40.09984],[-0.11666,40.09531],[-0.1173,40.0936],[-0.11631,40.09138],[-0.11478,40.09031],[-0.11403,40.08725],[-0.11585,40.08441],[-0.11172,40.08441],[-0.11071,40.08481],[-0.10659,40.0839],[-0.1062,40.08121],[-0.10518,40.07853],[-0.10539,40.07728],[-0.10081,40.07723],[-0.09765,40.07607],[-0.09626,40.07688],[-0.09688,40.07944],[-0.09405,40.08381],[-0.09106,40.08393],[-0.08881,40.083],[-0.08769,40.08387],[-0.08481,40.08466],[-0.08197,40.08321],[-0.07953,40.08018],[-0.07662,40.08079],[-0.07278,40.08349],[-0.07051,40.08315],[-0.07092,40.08135],[-0.07006,40.08049],[-0.06637,40.07977],[-0.06496,40.08067],[-0.0618,40.08268],[-0.06274,40.0876],[-0.05987,40.09101],[-0.05506,40.09154],[-0.04938,40.09667],[-0.04951,40.09827],[-0.04833,40.10004],[-0.04572,40.10123],[-0.04256,40.10163],[-0.03551,40.10636],[-0.03235,40.10785],[-0.03012,40.11203],[-0.02569,40.11256],[-0.01857,40.11282],[-0.01752,40.11401],[-0.01506,40.11489],[-0.0134,40.11743],[-0.0058,40.11945],[-0.00508,40.11943],[-0.0047,40.1276],[-0.00341,40.13334],[-0.0021,40.13657],[0.0008,40.1412],[0.01701,40.14257],[0.01854,40.14289],[0.01763,40.15252]]]},"properties":{"CUSEC":"1212801001","CMUN":"128","CDIS":"01","CSEC":"001","NMUN":"Vilafamés"}},
{"type":"Feature","geometry":{"type":"Polygon","coordinates":[[[-0.25405,40.47744],[-0.25719,40.47663],[-0.25995,40.47789],[-0.26266,40.47761],[-0.26079,40.47551],[-0.26154,40.47466],[-0.265,40.47472],[-0.26618,40.47377],[-0.26837,40.47444],[-0.26764,40.47636],[-0.26869,40.47806],[-0.27143,40.4785],[-0.27239,40.47757],[-0.27264,40.47376],[-0.27594,40.47567],[-0.27871,40.47521],[-0.27882,40.47338],[-0.28198,40.47382],[-0.28385,40.47263],[-0.28483,40.47069],[-0.28631,40.47033],[-0.28695,40.47228],[-0.28905,40.47101],[-0.29216,40.47043],[-0.29541,40.47041],[-0.29547,40.46916],[-0.29343,40.46709],[-0.29425,40.46589],[-0.29718,40.46693],[-0.29773,40.46552],[-0.30023,40.4666],[-0.30295,40.46675],[-0.30579,40.46596],[-0.30915,40.46573],[-0.31855,40.4614],[-0.32251,40.46012],[-0.3306,40.45974],[-0.33457,40.45812],[-0.33709,40.45655],[-0.33917,40.45298],[-0.33888,40.44892],[-0.34167,40.44801],[-0.34285,40.44659],[-0.34248,40.44431],[-0.34361,40.44315],[-0.34735,40.44394],[-0.34441,40.44155],[-0.34118,40.4382],[-0.33283,40.42554],[-0.32795,40.42169],[-0.32486,40.42068],[-0.31931,40.41777],[-0.31668,40.41717],[-0.30722,40.40919],[-0.30373,40.40395],[-0.30273,40.39981],[-0.30153,40.39773],[-0.29965,40.39742],[-0.29883,40.39623],[-0.29591,40.39539],[-0.29425,40.39314],[-0.29195,40.39248],[-0.29099,40.3905],[-0.28795,40.38867],[-0.28727,40.38743],[-0.28539,40.38649],[-0.28528,40.38493],[-0.28358,40.38377],[-0.28195,40.37736],[-0.28074,40.37683],[-0.28034,40.37399],[-0.28169,40.3734],[-0.28128,40.37133],[-0.28005,40.36949],[-0.27603,40.36718],[-0.27603,40.36964],[-0.27423,40.37036],[-0.274,40.37189],[-0.27146,40.37208],[-0.26911,40.36963],[-0.26463,40.36787],[-0.26104,40.36769],[-0.25918,40.36859],[-0.25854,40.37129],[-0.26015,40.37428],[-0.26438,40.37795],[-0.26376,40.37946],[-0.26083,40.38111],[-0.26017,40.38374],[-0.25694,40.38496],[-0.25416,40.38456],[-0.25319,40.38632],[-0.25005,40.38686],[-0.24634,40.38822],[-0.24096,40.38935],[-0.23882,40.39088],[-0.23652,40.39176],[-0.23576,40.394],[-0.23226,40.39509],[-0.22961,40.39708],[-0.2302,40.39865],[-0.2296,40.40107],[-0.23066,40.40282],[-0.23002,40.40421],[-0.23174,40.40549],[-0.23154,40.40698],[-0.22875,40.40787],[-0.22476,40.40657],[-0.22415,40.40767],[-0.21393,40.4137],[-0.21444,40.4148],[-0.21205,40.42099],[-0.2088,40.42376],[-0.20463,40.423],[-0.20289,40.42189],[-0.20135,40.42262],[-0.19899,40.42174],[-0.19661,40.42466],[-0.19411,40.42572],[-0.19238,40.42731],[-0.18997,40.42835],[-0.18751,40.42848],[-0.18322,40.43069],[-0.18091,40.43133],[-0.17432,40.43177],[-0.17242,40.43116],[-0.16503,40.43081],[-0.16285,40.43263],[-0.17555,40.44013],[-0.18366,40.4456],[-0.18986,40.44555],[-0.19123,40.446],[-0.19429,40.44922],[-0.19579,40.44924],[-0.19926,40.45191],[-0.20045,40.45352],[-0.20453,40.45544],[-0.20581,40.45812],[-0.21236,40.46266],[-0.2127,40.46343],[-0.21731,40.46487],[-0.2202,40.46683],[-0.23121,40.46951],[-0.23456,40.46993],[-0.23754,40.47091],[-0.2444,40.47154],[-0.24542,40.47113],[-0.25642,40.47406],[-0.25647,40.47478],[-0.25405,40.47744]],[[-0.25657,40.4336],[-0.25302,40.43304],[-0.25079,40.4333],[-0.25338,40.43049],[-0.25752,40.42719],[-0.25903,40.42675],[-0.26315,40.4318],[-0.26391,40.43346],[-0.25937,40.43555],[-0.25657,40.4336]]]},"properties":{"CUSEC":"1212901001","CMUN":"129","CDIS":"01","CSEC":"001","NMUN":"Vilafranca/Villafranca del Cid"}},
{"type":"Feature","geometry":{"type":"Polygon","coordinates":[[[-0.25657,40.4336],[-0.25937,40.43555],[-0.26391,40.43346],[-0.26315,40.4318],[-0.25903,40.42675],[-0.25752,40.42719],[-0.25338,40.43049],[-0.25079,40.4333],[-0.25302,40.43304],[-0.25657,40.4336]]]},"properties":{"CUSEC":"1212901002","CMUN":"129","CDIS":"01","CSEC":"002","NMUN":"Vilafranca/Villafranca del Cid"}},
{"type":"Feature","geometry":{"type":"Polygon","coordinates":[[[-0.34974,40.22271],[-0.35679,40.23022],[-0.37188,40.23832],[-0.37238,40.24072],[-0.37197,40.24437],[-0.37568,40.24659],[-0.38003,40.25448],[-0.3812,40.25701],[-0.38311,40.25799],[-0.38503,40.2599],[-0.38709,40.26012],[-0.38855,40.26161],[-0.41395,40.25012],[-0.42807,40.2438],[-0.43467,40.24238],[-0.44431,40.23889],[-0.45181,40.23532],[-0.45416,40.23531],[-0.46159,40.23445],[-0.4631,40.23451],[-0.46551,40.23572],[-0.46929,40.23833],[-0.47136,40.23837],[-0.4773,40.23528],[-0.48084,40.23533],[-0.48375,40.23448],[-0.48664,40.23417],[-0.49198,40.23148],[-0.49451,40.22873],[-0.50157,40.23319],[-0.51059,40.23178],[-0.5135,40.22966],[-0.51238,40.22367],[-0.51026,40.21595],[-0.5075,40.21142],[-0.50663,40.20348],[-0.50717,40.20085],[-0.50174,40.19967],[-0.49492,40.19991],[-0.4942,40.19647],[-0.48962,40.18919],[-0.48811,40.18378],[-0.48625,40.18094],[-0.48446,40.17533],[-0.48344,40.1668],[-0.48224,40.16156],[-0.47534,40.16055],[-0.4696,40.16107],[-0.46577,40.16224],[-0.46343,40.16246],[-0.4594,40.1621],[-0.45439,40.16331],[-0.45269,40.16524],[-0.4483,40.16809],[-0.44499,40.16679],[-0.44338,40.16676],[-0.43889,40.16784],[-0.43197,40.16636],[-0.4299,40.16474],[-0.42666,40.16456],[-0.42028,40.16467],[-0.41531,40.16416],[-0.41153,40.16288],[-0.40854,40.16078],[-0.40363,40.15928],[-0.40153,40.15782],[-0.39848,40.16293],[-0.39428,40.16173],[-0.38937,40.16119],[-0.38507,40.16128],[-0.38098,40.16373],[-0.37766,40.16385],[-0.37515,40.16461],[-0.37319,40.16678],[-0.37099,40.16807],[-0.37046,40.16919],[-0.37167,40.17073],[-0.36942,40.17347],[-0.36888,40.17575],[-0.36455,40.17788],[-0.36446,40.17887],[-0.36214,40.18066],[-0.35868,40.18177],[-0.35595,40.18386],[-0.35253,40.18581],[-0.34985,40.18685],[-0.35,40.18888],[-0.34924,40.19188],[-0.34683,40.19574],[-0.34614,40.19816],[-0.34326,40.19965],[-0.34282,40.20227],[-0.33961,40.21322],[-0.33819,40.22051],[-0.34974,40.22271]]]},"properties":{"CUSEC":"1213001001","CMUN":"130","CDIS":"01","CSEC":"001","NMUN":"Villahermosa del Río"}},
{"type":"Feature","geometry":{"type":"Polygon","coordinates":[[[-0.36723,39.97131],[-0.37563,39.97129],[-0.38252,39.97106],[-0.39056,39.97661],[-0.40443,39.97424],[-0.41102,39.96908],[-0.41507,39.97161],[-0.41748,39.97144],[-0.41778,39.97312],[-0.42191,39.97506],[-0.4222,39.97601],[-0.42792,39.97333],[-0.42867,39.97261],[-0.43602,39.97583],[-0.44028,39.97091],[-0.44557,39.96967],[-0.45083,39.96938],[-0.45188,39.96902],[-0.44878,39.96784],[-0.4492,39.96563],[-0.44754,39.96181],[-0.44617,39.96143],[-0.44035,39.95569],[-0.43249,39.95236],[-0.4257,39.94785],[-0.4182,39.9439],[-0.41456,39.94151],[-0.41137,39.93864],[-0.40601,39.9378],[-0.40083,39.9343],[-0.39557,39.93575],[-0.39561,39.93753],[-0.39299,39.94057],[-0.39168,39.9429],[-0.39009,39.94326],[-0.38679,39.942],[-0.38442,39.94365],[-0.38326,39.94717],[-0.38109,39.95003],[-0.37967,39.95279],[-0.37509,39.95343],[-0.3738,39.95564],[-0.37432,39.9572],[-0.37205,39.95927],[-0.37133,39.96156],[-0.36851,39.96386],[-0.36897,39.96563],[-0.36817,39.96681],[-0.36723,39.97131]]]},"properties":{"CUSEC":"1213101001","CMUN":"131","CDIS":"01","CSEC":"001","NMUN":"Villamalur"}},
{"type":"Feature","geometry":{"type":"Polygon","coordinates":[[[0.16007,40.23147],[0.15775,40.23238],[0.15511,40.23437],[0.15405,40.23614],[0.14327,40.24295],[0.12387,40.26178],[0.11634,40.26885],[0.11338,40.28151],[0.11298,40.28271],[0.10831,40.28621],[0.10696,40.28449],[0.10343,40.28355],[0.10043,40.28432],[0.09772,40.28356],[0.09415,40.28048],[0.08794,40.27963],[0.08471,40.28186],[0.08366,40.28177],[0.07994,40.2836],[0.07213,40.28108],[0.06691,40.28123],[0.06382,40.28067],[0.06054,40.27829],[0.05935,40.27565],[0.05768,40.2739],[0.05447,40.27294],[0.05145,40.2735],[0.04945,40.27205],[0.04823,40.27324],[0.0452,40.27227],[0.0395,40.27201],[0.03803,40.27304],[0.03556,40.27345],[0.03447,40.275],[0.03134,40.27584],[0.03282,40.26953],[0.02403,40.24967],[0.0262,40.2485],[0.02961,40.24529],[0.03083,40.24193],[0.03464,40.23696],[0.04078,40.2334],[0.04448,40.22506],[0.04842,40.22102],[0.04843,40.21244],[0.05183,40.20983],[0.08198,40.20498],[0.09155,40.20093],[0.09533,40.20022],[0.09956,40.1988],[0.10474,40.2009],[0.10864,40.20052],[0.11748,40.2006],[0.12356,40.20031],[0.12568,40.20095],[0.1275,40.19992],[0.12955,40.20054],[0.12961,40.20236],[0.1336,40.20307],[0.13303,40.20552],[0.13348,40.20772],[0.13508,40.20806],[0.13815,40.20648],[0.14028,40.20945],[0.13898,40.21196],[0.13975,40.21315],[0.14582,40.21309],[0.14729,40.21439],[0.14796,40.2162],[0.14717,40.21809],[0.14915,40.21944],[0.14721,40.22056],[0.14714,40.22174],[0.149,40.22262],[0.15381,40.22343],[0.15502,40.22392],[0.15549,40.22591],[0.15973,40.23056],[0.16007,40.23147]],[[0.07713,40.27417],[0.08891,40.27069],[0.0858,40.26833],[0.08494,40.26557],[0.08151,40.26113],[0.08056,40.25934],[0.07588,40.25764],[0.07345,40.25972],[0.072,40.2601],[0.06763,40.26247],[0.05995,40.26851],[0.05583,40.27245],[0.0577,40.27289],[0.05923,40.27459],[0.06419,40.27688],[0.06839,40.27595],[0.0724,40.27432],[0.07713,40.27417]]]},"properties":{"CUSEC":"1213201001","CMUN":"132","CDIS":"01","CSEC":"001","NMUN":"Vilanova d'Alcolea"}},
{"type":"Feature","geometry":{"type":"Polygon","coordinates":[[[-0.62051,40.04585],[-0.62057,40.04909],[-0.62461,40.05142],[-0.62181,40.05247],[-0.62226,40.05728],[-0.62397,40.05896],[-0.62561,40.05902],[-0.62631,40.06055],[-0.62648,40.06619],[-0.62741,40.06968],[-0.6272,40.07205],[-0.62908,40.07471],[-0.63114,40.07377],[-0.6308,40.07101],[-0.63349,40.07063],[-0.63434,40.07249],[-0.6357,40.07219],[-0.63537,40.06931],[-0.63665,40.06746],[-0.64084,40.06873],[-0.64164,40.06753],[-0.64617,40.0675],[-0.648,40.06499],[-0.65077,40.06235],[-0.65646,40.05802],[-0.66411,40.05144],[-0.6546,40.05042],[-0.64575,40.04983],[-0.63085,40.04804],[-0.62051,40.04585]]]},"properties":{"CUSEC":"1213301001","CMUN":"133","CDIS":"01","CSEC":"001","NMUN":"Villanueva de Viver"}},
{"type":"Feature","geometry":{"type":"Polygon","coordinates":[[[-0.04522,40.36689],[-0.04984,40.36675],[-0.05117,40.36729],[-0.05285,40.37127],[-0.05716,40.37305],[-0.0624,40.37599],[-0.06652,40.37791],[-0.06942,40.37963],[-0.07198,40.37976],[-0.07221,40.3772],[-0.07582,40.37165],[-0.07646,40.36977],[-0.07653,40.36706],[-0.08098,40.3612],[-0.08193,40.3604],[-0.08693,40.35909],[-0.08881,40.35902],[-0.08823,40.35815],[-0.08812,40.3543],[-0.08718,40.35118],[-0.08772,40.34794],[-0.0901,40.34437],[-0.09094,40.3413],[-0.09263,40.33736],[-0.0893,40.33667],[-0.08762,40.33718],[-0.08654,40.33522],[-0.08363,40.33436],[-0.07905,40.33604],[-0.07628,40.33448],[-0.07292,40.33583],[-0.06615,40.33651],[-0.06276,40.33487],[-0.06019,40.33513],[-0.05962,40.33644],[-0.05593,40.33847],[-0.05349,40.33745],[-0.05182,40.33879],[-0.05024,40.33675],[-0.04843,40.33678],[-0.04651,40.33934],[-0.04494,40.33983],[-0.04472,40.34378],[-0.03893,40.34997],[-0.02859,40.3625],[-0.03398,40.36505],[-0.0375,40.36537],[-0.0418,40.36529],[-0.04522,40.36689]]]},"properties":{"CUSEC":"1213401001","CMUN":"134","CDIS":"01","CSEC":"001","NMUN":"Vilar de Canes"}},
{"type":"Feature","geometry":{"type":"Polygon","coordinates":[[[-0.09786,39.93699],[-0.09985,39.93907],[-0.09992,39.93912],[-0.10312,39.93689],[-0.10243,39.93616],[-0.10087,39.93439],[-0.09885,39.93547],[-0.09786,39.93699]]]},"properties":{"CUSEC":"1213501001","CMUN":"135","CDIS":"01","CSEC":"001","NMUN":"Vila-real"}},
{"type":"Feature","geometry":{"type":"Polygon","coordinates":[[[-0.09582,39.9347],[-0.09786,39.93699],[-0.09885,39.93547],[-0.09702,39.93343],[-0.09582,39.9347]]]},"properties":{"CUSEC":"1213501003","CMUN":"135","CDIS":"01","CSEC":"003","NMUN":"Vila-real"}},
{"type":"Feature","geometry":{"type":"Polygon","coordinates":[[[-0.09885,39.93547],[-0.10087,39.93439],[-0.09682,39.92906],[-0.08991,39.91388],[-0.08837,39.91548],[-0.08777,39.91764],[-0.0836,39.92094],[-0.08669,39.92443],[-0.08865,39.92741],[-0.0938,39.93214],[-0.0958,39.93468],[-0.09582,39.9347],[-0.09702,39.93343],[-0.09885,39.93547]]]},"properties":{"CUSEC":"1213501004","CMUN":"135","CDIS":"01","CSEC":"004","NMUN":"Vila-real"}},
{"type":"Feature","geometry":{"type":"Polygon","coordinates":[[[-0.09564,39.93867],[-0.09738,39.94014],[-0.09985,39.93907],[-0.09786,39.93699],[-0.09682,39.93783],[-0.09564,39.93867]]]},"properties":{"CUSEC":"1213502001","CMUN":"135","CDIS":"02","CSEC":"001","NMUN":"Vila-real"}},
{"type":"Feature","geometry":{"type":"Polygon","coordinates":[[[-0.0974,39.94186],[-0.09802,39.9424],[-0.09979,39.94043],[-0.10119,39.94027],[-0.09992,39.93912],[-0.09985,39.93907],[-0.09738,39.94014],[-0.09618,39.94078],[-0.0974,39.94186]]]},"properties":{"CUSEC":"1213502002","CMUN":"135","CDIS":"02","CSEC":"002","NMUN":"Vila-real"}},
{"type":"Feature","geometry":{"type":"Polygon","coordinates":[[[-0.09802,39.9424],[-0.09895,39.94322],[-0.10212,39.94107],[-0.10119,39.94027],[-0.09979,39.94043],[-0.09802,39.9424]]]},"properties":{"CUSEC":"1213502003","CMUN":"135","CDIS":"02","CSEC":"003","NMUN":"Vila-real"}},
{"type":"Feature","geometry":{"type":"Polygon","coordinates":[[[-0.09669,39.94477],[-0.09854,39.94636],[-0.10108,39.94511],[-0.09998,39.94413],[-0.09895,39.94322],[-0.09802,39.9424],[-0.0974,39.94186],[-0.09669,39.94477]]]},"properties":{"CUSEC":"1213502004","CMUN":"135","CDIS":"02","CSEC":"004","NMUN":"Vila-real"}},
{"type":"Feature","geometry":{"type":"Polygon","coordinates":[[[-0.09895,39.94322],[-0.09998,39.94413],[-0.10064,39.9438],[-0.10326,39.9425],[-0.10336,39.9421],[-0.10212,39.94107],[-0.09895,39.94322]]]},"properties":{"CUSEC":"1213502005","CMUN":"135","CDIS":"02","CSEC":"005","NMUN":"Vila-real"}},
{"type":"Feature","geometry":{"type":"Polygon","coordinates":[[[-0.10064,39.9438],[-0.10252,39.946],[-0.10386,39.94507],[-0.10619,39.94547],[-0.10575,39.94484],[-0.10326,39.9425],[-0.10064,39.9438]]]},"properties":{"CUSEC":"1213502006","CMUN":"135","CDIS":"02","CSEC":"006","NMUN":"Vila-real"}},
{"type":"Feature","geometry":{"type":"Polygon","coordinates":[[[-0.08234,39.95145],[-0.08627,39.95395],[-0.09058,39.95454],[-0.09513,39.95408],[-0.09558,39.94876],[-0.09854,39.94636],[-0.09669,39.94477],[-0.08708,39.94856],[-0.08234,39.95145]]]},"properties":{"CUSEC":"1213502007","CMUN":"135","CDIS":"02","CSEC":"007","NMUN":"Vila-real"}},
{"type":"Feature","geometry":{"type":"Polygon","coordinates":[[[-0.0958,39.93468],[-0.09465,39.93586],[-0.09682,39.93783],[-0.09786,39.93699],[-0.09582,39.9347],[-0.0958,39.93468]]]},"properties":{"CUSEC":"1213502008","CMUN":"135","CDIS":"02","CSEC":"008","NMUN":"Vila-real"}},
{"type":"Feature","geometry":{"type":"Polygon","coordinates":[[[-0.09454,39.94305],[-0.09669,39.94477],[-0.0974,39.94186],[-0.09454,39.94305]]]},"properties":{"CUSEC":"1213502009","CMUN":"135","CDIS":"02","CSEC":"009","NMUN":"Vila-real"}},
{"type":"Feature","geometry":{"type":"Polygon","coordinates":[[[-0.09206,39.93877],[-0.0952,39.94146],[-0.09618,39.94078],[-0.09738,39.94014],[-0.09564,39.93867],[-0.09206,39.93877]]]},"properties":{"CUSEC":"1213502010","CMUN":"135","CDIS":"02","CSEC":"010","NMUN":"Vila-real"}},
{"type":"Feature","geometry":{"type":"Polygon","coordinates":[[[-0.09513,39.95408],[-0.09774,39.95411],[-0.10308,39.95579],[-0.10662,39.95888],[-0.10952,39.95971],[-0.11326,39.95966],[-0.11505,39.96067],[-0.11533,39.96268],[-0.11677,39.96361],[-0.11841,39.96322],[-0.10619,39.94547],[-0.10386,39.94507],[-0.10252,39.946],[-0.10064,39.9438],[-0.09998,39.94413],[-0.10108,39.94511],[-0.09854,39.94636],[-0.09558,39.94876],[-0.09513,39.95408]]]},"properties":{"CUSEC":"1213502011","CMUN":"135","CDIS":"02","CSEC":"011","NMUN":"Vila-real"}},
{"type":"Feature","geometry":{"type":"Polygon","coordinates":[[[-0.07725,39.92259],[-0.08241,39.92697],[-0.07918,39.92882],[-0.08581,39.93343],[-0.09202,39.93836],[-0.09206,39.93877],[-0.09564,39.93867],[-0.09682,39.93783],[-0.09465,39.93586],[-0.0958,39.93468],[-0.0938,39.93214],[-0.08865,39.92741],[-0.08669,39.92443],[-0.0836,39.92094],[-0.08069,39.92093],[-0.07725,39.92259]]]},"properties":{"CUSEC":"1213502012","CMUN":"135","CDIS":"02","CSEC":"012","NMUN":"Vila-real"}},
{"type":"Feature","geometry":{"type":"Polygon","coordinates":[[[-0.09382,39.94244],[-0.09454,39.94305],[-0.0974,39.94186],[-0.09618,39.94078],[-0.0952,39.94146],[-0.09475,39.94177],[-0.09382,39.94244]]]},"properties":{"CUSEC":"1213502013","CMUN":"135","CDIS":"02","CSEC":"013","NMUN":"Vila-real"}},
{"type":"Feature","geometry":{"type":"Polygon","coordinates":[[[-0.06894,39.94144],[-0.07479,39.94558],[-0.07691,39.94407],[-0.07928,39.9409],[-0.08808,39.94101],[-0.08983,39.94169],[-0.09475,39.94177],[-0.0952,39.94146],[-0.09206,39.93877],[-0.09202,39.93836],[-0.08581,39.93343],[-0.07918,39.92882],[-0.08241,39.92697],[-0.07725,39.92259],[-0.07382,39.92436],[-0.07161,39.92617],[-0.0664,39.92879],[-0.06487,39.92902],[-0.06278,39.93044],[-0.06108,39.9329],[-0.06629,39.93926],[-0.06894,39.94144]]]},"properties":{"CUSEC":"1213502014","CMUN":"135","CDIS":"02","CSEC":"014","NMUN":"Vila-real"}},
{"type":"Feature","geometry":{"type":"Polygon","coordinates":[[[-0.07775,39.94779],[-0.08234,39.95145],[-0.08708,39.94856],[-0.08838,39.94639],[-0.09382,39.94244],[-0.09475,39.94177],[-0.08983,39.94169],[-0.08808,39.94101],[-0.07928,39.9409],[-0.07691,39.94407],[-0.07479,39.94558],[-0.07636,39.94672],[-0.07775,39.94779]]]},"properties":{"CUSEC":"1213502015","CMUN":"135","CDIS":"02","CSEC":"015","NMUN":"Vila-real"}},
{"type":"Feature","geometry":{"type":"Polygon","coordinates":[[[-0.09382,39.94244],[-0.08838,39.94639],[-0.08708,39.94856],[-0.09669,39.94477],[-0.09454,39.94305],[-0.09382,39.94244]]]},"properties":{"CUSEC":"1213502016","CMUN":"135","CDIS":"02","CSEC":"016","NMUN":"Vila-real"}},
{"type":"Feature","geometry":{"type":"Polygon","coordinates":[[[-0.10119,39.94027],[-0.10212,39.94107],[-0.1054,39.93884],[-0.10312,39.93689],[-0.09992,39.93912],[-0.10119,39.94027]]]},"properties":{"CUSEC":"1213503001","CMUN":"135","CDIS":"03","CSEC":"001","NMUN":"Vila-real"}},
{"type":"Feature","geometry":{"type":"Polygon","coordinates":[[[-0.10336,39.9421],[-0.10751,39.94038],[-0.1054,39.93884],[-0.10212,39.94107],[-0.10336,39.9421]]]},"properties":{"CUSEC":"1213503003","CMUN":"135","CDIS":"03","CSEC":"003","NMUN":"Vila-real"}},
{"type":"Feature","geometry":{"type":"Polygon","coordinates":[[[-0.10326,39.9425],[-0.10575,39.94484],[-0.10688,39.94422],[-0.10773,39.94375],[-0.10963,39.94266],[-0.11282,39.94297],[-0.10811,39.9405],[-0.10772,39.9404],[-0.10751,39.94038],[-0.10336,39.9421],[-0.10326,39.9425]]]},"properties":{"CUSEC":"1213503004","CMUN":"135","CDIS":"03","CSEC":"004","NMUN":"Vila-real"}},
{"type":"Feature","geometry":{"type":"Polygon","coordinates":[[[-0.1054,39.93884],[-0.10751,39.94038],[-0.10772,39.9404],[-0.10617,39.93739],[-0.10511,39.93588],[-0.1042,39.93485],[-0.10243,39.93616],[-0.10312,39.93689],[-0.1054,39.93884]]]},"properties":{"CUSEC":"1213503005","CMUN":"135","CDIS":"03","CSEC":"005","NMUN":"Vila-real"}},
{"type":"Feature","geometry":{"type":"Polygon","coordinates":[[[-0.10087,39.93439],[-0.10243,39.93616],[-0.1042,39.93485],[-0.10341,39.93408],[-0.10282,39.93352],[-0.10087,39.93439]]]},"properties":{"CUSEC":"1213503006","CMUN":"135","CDIS":"03","CSEC":"006","NMUN":"Vila-real"}},
{"type":"Feature","geometry":{"type":"Polygon","coordinates":[[[-0.10456,39.93326],[-0.10628,39.93429],[-0.10878,39.93188],[-0.10829,39.93149],[-0.10772,39.93105],[-0.10456,39.93326]]]},"properties":{"CUSEC":"1213504001","CMUN":"135","CDIS":"04","CSEC":"001","NMUN":"Vila-real"}},
{"type":"Feature","geometry":{"type":"Polygon","coordinates":[[[-0.10511,39.93588],[-0.10617,39.93739],[-0.10944,39.9353],[-0.10878,39.93188],[-0.10628,39.93429],[-0.10511,39.93588]]]},"properties":{"CUSEC":"1213504002","CMUN":"135","CDIS":"04","CSEC":"002","NMUN":"Vila-real"}},
{"type":"Feature","geometry":{"type":"Polygon","coordinates":[[[-0.10772,39.9404],[-0.10811,39.9405],[-0.10938,39.93694],[-0.10944,39.9353],[-0.10617,39.93739],[-0.10772,39.9404]]]},"properties":{"CUSEC":"1213504003","CMUN":"135","CDIS":"04","CSEC":"003","NMUN":"Vila-real"}},
{"type":"Feature","geometry":{"type":"Polygon","coordinates":[[[-0.11282,39.94297],[-0.11513,39.94321],[-0.11993,39.9437],[-0.15926,39.94779],[-0.16353,39.948],[-0.17229,39.94933],[-0.17261,39.94787],[-0.17228,39.94734],[-0.17364,39.9433],[-0.17495,39.93801],[-0.17146,39.93058],[-0.1696,39.92322],[-0.16817,39.91865],[-0.16824,39.91775],[-0.17062,39.9055],[-0.17096,39.90137],[-0.16972,39.8959],[-0.16837,39.89302],[-0.16054,39.89399],[-0.15786,39.89354],[-0.15257,39.89436],[-0.14775,39.8918],[-0.14413,39.89517],[-0.13424,39.90065],[-0.13198,39.90462],[-0.13041,39.90611],[-0.12746,39.90792],[-0.12384,39.9133],[-0.11627,39.91924],[-0.11138,39.92426],[-0.11297,39.92613],[-0.11162,39.9279],[-0.10879,39.93033],[-0.10829,39.93149],[-0.10878,39.93188],[-0.10944,39.9353],[-0.10938,39.93694],[-0.10811,39.9405],[-0.11282,39.94297]]]},"properties":{"CUSEC":"1213504004","CMUN":"135","CDIS":"04","CSEC":"004","NMUN":"Vila-real"}},
{"type":"Feature","geometry":{"type":"Polygon","coordinates":[[[-0.1042,39.93485],[-0.10511,39.93588],[-0.10628,39.93429],[-0.10456,39.93326],[-0.10341,39.93408],[-0.1042,39.93485]]]},"properties":{"CUSEC":"1213504006","CMUN":"135","CDIS":"04","CSEC":"006","NMUN":"Vila-real"}},
{"type":"Feature","geometry":{"type":"Polygon","coordinates":[[[-0.10282,39.93352],[-0.10341,39.93408],[-0.10456,39.93326],[-0.10772,39.93105],[-0.10598,39.92989],[-0.10289,39.93254],[-0.10282,39.93352]]]},"properties":{"CUSEC":"1213504007","CMUN":"135","CDIS":"04","CSEC":"007","NMUN":"Vila-real"}},
{"type":"Feature","geometry":{"type":"Polygon","coordinates":[[[-0.08991,39.91388],[-0.09682,39.92906],[-0.10087,39.93439],[-0.10282,39.93352],[-0.10289,39.93254],[-0.10598,39.92989],[-0.10772,39.93105],[-0.10829,39.93149],[-0.10879,39.93033],[-0.11162,39.9279],[-0.11297,39.92613],[-0.11138,39.92426],[-0.11627,39.91924],[-0.12384,39.9133],[-0.12746,39.90792],[-0.13041,39.90611],[-0.12741,39.90618],[-0.12364,39.90688],[-0.11798,39.90712],[-0.11596,39.90689],[-0.11387,39.90557],[-0.10936,39.90427],[-0.10323,39.90389],[-0.10119,39.90295],[-0.0991,39.90286],[-0.09628,39.90403],[-0.09624,39.90409],[-0.09474,39.90635],[-0.09084,39.90911],[-0.09223,39.91192],[-0.09012,39.91144],[-0.08991,39.91388]]]},"properties":{"CUSEC":"1213504008","CMUN":"135","CDIS":"04","CSEC":"008","NMUN":"Vila-real"}},
{"type":"Feature","geometry":{"type":"Polygon","coordinates":[[[-0.17304,39.8521],[-0.17203,39.85319],[-0.17649,39.85573],[-0.17437,39.85826],[-0.17177,39.86047],[-0.16971,39.86091],[-0.17441,39.86467],[-0.18227,39.86867],[-0.18553,39.86934],[-0.18753,39.87043],[-0.19036,39.87328],[-0.19432,39.87543],[-0.19634,39.87725],[-0.19884,39.87687],[-0.20101,39.87757],[-0.20511,39.87579],[-0.2094,39.87323],[-0.20596,39.87263],[-0.20504,39.87158],[-0.20231,39.87062],[-0.19885,39.8688],[-0.19703,39.86845],[-0.18934,39.86452],[-0.18998,39.86224],[-0.18322,39.85709],[-0.17823,39.8548],[-0.17304,39.8521]]]},"properties":{"CUSEC":"1213601001","CMUN":"136","CDIS":"01","CSEC":"001","NMUN":"Vilavella, la"}},
{"type":"Feature","geometry":{"type":"Polygon","coordinates":[[[-0.17304,39.8521],[-0.17823,39.8548],[-0.18322,39.85709],[-0.18998,39.86224],[-0.18934,39.86452],[-0.19703,39.86845],[-0.19885,39.8688],[-0.20231,39.87062],[-0.20504,39.87158],[-0.20596,39.87263],[-0.2094,39.87323],[-0.21065,39.87085],[-0.21271,39.86898],[-0.21314,39.86633],[-0.21522,39.86452],[-0.21292,39.86225],[-0.20885,39.86169],[-0.20649,39.86256],[-0.20421,39.86251],[-0.199,39.86051],[-0.19663,39.85857],[-0.19606,39.85727],[-0.19666,39.85201],[-0.1924,39.85154],[-0.18887,39.85047],[-0.18682,39.85179],[-0.18364,39.85281],[-0.17984,39.85277],[-0.17512,39.85092],[-0.17304,39.8521]]]},"properties":{"CUSEC":"1213602001","CMUN":"136","CDIS":"02","CSEC":"001","NMUN":"Vilavella, la"}},
{"type":"Feature","geometry":{"type":"Polygon","coordinates":[[[-0.19048,40.67502],[-0.18874,40.67849],[-0.18711,40.68014],[-0.19009,40.68349],[-0.19253,40.68453],[-0.19453,40.68461],[-0.19877,40.68584],[-0.20253,40.68836],[-0.20843,40.68923],[-0.20882,40.68697],[-0.21511,40.68614],[-0.22078,40.68414],[-0.22412,40.68372],[-0.22629,40.68456],[-0.23018,40.68473],[-0.23288,40.6858],[-0.2344,40.68432],[-0.23503,40.68133],[-0.23103,40.67776],[-0.22322,40.67384],[-0.22165,40.67476],[-0.21649,40.67251],[-0.211,40.67245],[-0.20879,40.67146],[-0.20563,40.67111],[-0.20126,40.67191],[-0.196,40.67143],[-0.1938,40.67003],[-0.1926,40.67027],[-0.19093,40.67309],[-0.19048,40.67502]]]},"properties":{"CUSEC":"1213701001","CMUN":"137","CDIS":"01","CSEC":"001","NMUN":"Villores"}},
{"type":"Feature","geometry":{"type":"Polygon","coordinates":[[[0.46526,40.4711],[0.46386,40.46411],[0.46477,40.46368],[0.46666,40.46528],[0.46963,40.46862],[0.46549,40.47106],[0.46526,40.4711]]]},"properties":{"CUSEC":"1213801001","CMUN":"138","CDIS":"01","CSEC":"001","NMUN":"Vinaròs"}},
{"type":"Feature","geometry":{"type":"Polygon","coordinates":[[[0.47419,40.4704],[0.4737,40.47056],[0.47117,40.46814],[0.4732,40.469],[0.47473,40.46796],[0.47359,40.4668],[0.47661,40.46626],[0.47756,40.46831],[0.47419,40.4704]]]},"properties":{"CUSEC":"1213801002","CMUN":"138","CDIS":"01","CSEC":"002","NMUN":"Vinaròs"}},
{"type":"Feature","geometry":{"type":"Polygon","coordinates":[[[0.47557,40.47213],[0.47556,40.47213],[0.47419,40.4704],[0.47756,40.46831],[0.47936,40.4712],[0.47557,40.47213]]]},"properties":{"CUSEC":"1213801003","CMUN":"138","CDIS":"01","CSEC":"003","NMUN":"Vinaròs"}},
{"type":"Feature","geometry":{"type":"Polygon","coordinates":[[[0.47348,40.47413],[0.47079,40.47048],[0.4737,40.47056],[0.47419,40.4704],[0.47556,40.47213],[0.47348,40.47413]]]},"properties":{"CUSEC":"1213801004","CMUN":"138","CDIS":"01","CSEC":"004","NMUN":"Vinaròs"}},
{"type":"Feature","geometry":{"type":"Polygon","coordinates":[[[0.47788,40.47401],[0.47498,40.47504],[0.47396,40.47695],[0.4731,40.47592],[0.47367,40.47442],[0.47348,40.47413],[0.47556,40.47213],[0.47557,40.47213],[0.47788,40.47401]]]},"properties":{"CUSEC":"1213801005","CMUN":"138","CDIS":"01","CSEC":"005","NMUN":"Vinaròs"}},
{"type":"Feature","geometry":{"type":"Polygon","coordinates":[[[0.48055,40.47265],[0.47788,40.47401],[0.47557,40.47213],[0.47936,40.4712],[0.48055,40.47265]]]},"properties":{"CUSEC":"1213801006","CMUN":"138","CDIS":"01","CSEC":"006","NMUN":"Vinaròs"}},
{"type":"Feature","geometry":{"type":"Polygon","coordinates":[[[0.46932,40.47738],[0.46727,40.47526],[0.46526,40.4711],[0.46549,40.47106],[0.47079,40.47048],[0.47348,40.47413],[0.47367,40.47442],[0.46932,40.47738]]]},"properties":{"CUSEC":"1213801007","CMUN":"138","CDIS":"01","CSEC":"007","NMUN":"Vinaròs"}},
{"type":"Feature","geometry":{"type":"Polygon","coordinates":[[[0.47283,40.48094],[0.47153,40.48202],[0.46788,40.48332],[0.4639,40.486],[0.45885,40.48722],[0.45657,40.48736],[0.4495,40.49002],[0.44392,40.49348],[0.44195,40.49341],[0.43864,40.49208],[0.43611,40.49169],[0.43448,40.49221],[0.4299,40.49566],[0.42255,40.49904],[0.41636,40.50125],[0.4116,40.50189],[0.4085,40.50271],[0.40632,40.50531],[0.4062,40.50894],[0.405,40.50987],[0.40421,40.51192],[0.40159,40.51397],[0.4004,40.5164],[0.39846,40.51893],[0.39802,40.52102],[0.39496,40.52606],[0.39241,40.52808],[0.38644,40.53081],[0.38376,40.53444],[0.3831,40.53663],[0.37673,40.53185],[0.37229,40.52768],[0.3667,40.52318],[0.36367,40.52166],[0.36082,40.51925],[0.35786,40.5177],[0.35454,40.51661],[0.35192,40.51435],[0.3537,40.51184],[0.35751,40.50819],[0.36073,40.50612],[0.36556,40.50106],[0.36721,40.49876],[0.36905,40.49816],[0.3696,40.49693],[0.36825,40.49484],[0.37029,40.49323],[0.37266,40.4937],[0.37481,40.49514],[0.3765,40.49255],[0.37588,40.491],[0.37416,40.48984],[0.37511,40.48953],[0.37897,40.49018],[0.38286,40.49195],[0.39081,40.49052],[0.39426,40.48767],[0.39802,40.48737],[0.39906,40.48618],[0.40024,40.48313],[0.40193,40.4831],[0.40455,40.48116],[0.41078,40.48131],[0.41232,40.4803],[0.41565,40.47945],[0.41787,40.47824],[0.41851,40.47655],[0.42109,40.47604],[0.42281,40.47445],[0.42228,40.47192],[0.42381,40.47085],[0.42623,40.47069],[0.42847,40.46568],[0.43092,40.46458],[0.43287,40.46239],[0.43226,40.45959],[0.43401,40.45633],[0.43712,40.45188],[0.44072,40.44812],[0.44447,40.44882],[0.4478,40.44755],[0.4536,40.44277],[0.4561,40.44495],[0.45715,40.44782],[0.45968,40.44927],[0.46134,40.45421],[0.45808,40.45538],[0.45649,40.45661],[0.46168,40.46036],[0.46477,40.46365],[0.46477,40.46368],[0.46386,40.46411],[0.46526,40.4711],[0.46727,40.47526],[0.46932,40.47738],[0.47237,40.48046],[0.47283,40.48094]]]},"properties":{"CUSEC":"1213801008","CMUN":"138","CDIS":"01","CSEC":"008","NMUN":"Vinaròs"}},
{"type":"Feature","geometry":{"type":"Polygon","coordinates":[[[0.43797,40.57921],[0.43462,40.57909],[0.43068,40.57967],[0.42856,40.58098],[0.42565,40.58352],[0.42422,40.58384],[0.42155,40.58002],[0.4162,40.57434],[0.41409,40.57152],[0.41186,40.56694],[0.41003,40.56407],[0.40625,40.56011],[0.39995,40.55167],[0.39979,40.54994],[0.39341,40.54523],[0.38716,40.54029],[0.3831,40.53663],[0.38376,40.53444],[0.38644,40.53081],[0.39241,40.52808],[0.39496,40.52606],[0.39802,40.52102],[0.39846,40.51893],[0.4004,40.5164],[0.40159,40.51397],[0.40421,40.51192],[0.405,40.50987],[0.4062,40.50894],[0.40632,40.50531],[0.4085,40.50271],[0.4116,40.50189],[0.41636,40.50125],[0.42255,40.49904],[0.4299,40.49566],[0.43448,40.49221],[0.43611,40.49169],[0.43864,40.49208],[0.44195,40.49341],[0.44392,40.49348],[0.4495,40.49002],[0.45657,40.48736],[0.45885,40.48722],[0.4639,40.486],[0.46788,40.48332],[0.47153,40.48202],[0.47283,40.48094],[0.47938,40.47757],[0.48352,40.4751],[0.48561,40.47664],[0.4853,40.47932],[0.48664,40.48031],[0.48858,40.48479],[0.48619,40.48548],[0.48455,40.48669],[0.4795,40.48844],[0.48092,40.49056],[0.48692,40.49789],[0.48961,40.50189],[0.49501,40.50689],[0.49913,40.51199],[0.50409,40.51699],[0.50589,40.51936],[0.5053,40.52195],[0.50594,40.52609],[0.50195,40.52613],[0.49879,40.52784],[0.49328,40.52808],[0.49062,40.52884],[0.48703,40.52919],[0.48351,40.53129],[0.48102,40.5322],[0.47723,40.53203],[0.47412,40.53408],[0.46071,40.53754],[0.45575,40.5406],[0.45058,40.54193],[0.44899,40.54129],[0.44737,40.5423],[0.44624,40.54494],[0.43893,40.54667],[0.43831,40.54706],[0.43583,40.54983],[0.43657,40.55373],[0.43612,40.55881],[0.43449,40.56081],[0.43424,40.56472],[0.43341,40.56538],[0.43752,40.56929],[0.43827,40.57109],[0.43649,40.57189],[0.43812,40.57382],[0.43971,40.5744],[0.43976,40.57611],[0.44394,40.57822],[0.44112,40.57929],[0.43797,40.57921]]]},"properties":{"CUSEC":"1213801009","CMUN":"138","CDIS":"01","CSEC":"009","NMUN":"Vinaròs"}},
{"type":"Feature","geometry":{"type":"Polygon","coordinates":[[[0.47359,40.4668],[0.47179,40.46676],[0.47089,40.46787],[0.46834,40.46545],[0.46666,40.46528],[0.46477,40.46368],[0.46477,40.46365],[0.46918,40.46177],[0.47156,40.46331],[0.47466,40.46619],[0.47661,40.46626],[0.47359,40.4668]]]},"properties":{"CUSEC":"1213801010","CMUN":"138","CDIS":"01","CSEC":"010","NMUN":"Vinaròs"}},
{"type":"Feature","geometry":{"type":"Polygon","coordinates":[[[0.47396,40.47695],[0.47237,40.48046],[0.46932,40.47738],[0.47367,40.47442],[0.4731,40.47592],[0.47396,40.47695]]]},"properties":{"CUSEC":"1213801011","CMUN":"138","CDIS":"01","CSEC":"011","NMUN":"Vinaròs"}},
{"type":"Feature","geometry":{"type":"Polygon","coordinates":[[[0.48352,40.4751],[0.47938,40.47757],[0.47283,40.48094],[0.47237,40.48046],[0.47396,40.47695],[0.47498,40.47504],[0.47788,40.47401],[0.48055,40.47265],[0.48352,40.4751]]]},"properties":{"CUSEC":"1213801012","CMUN":"138","CDIS":"01","CSEC":"012","NMUN":"Vinaròs"}},
{"type":"Feature","geometry":{"type":"Polygon","coordinates":[[[0.47359,40.4668],[0.47473,40.46796],[0.4732,40.469],[0.47117,40.46814],[0.47089,40.46787],[0.47179,40.46676],[0.47359,40.4668]]]},"properties":{"CUSEC":"1213801013","CMUN":"138","CDIS":"01","CSEC":"013","NMUN":"Vinaròs"}},
{"type":"Feature","geometry":{"type":"Polygon","coordinates":[[[0.47079,40.47048],[0.46549,40.47106],[0.46963,40.46862],[0.47089,40.46787],[0.47117,40.46814],[0.4737,40.47056],[0.47079,40.47048]]]},"properties":{"CUSEC":"1213801014","CMUN":"138","CDIS":"01","CSEC":"014","NMUN":"Vinaròs"}},
{"type":"Feature","geometry":{"type":"Polygon","coordinates":[[[0.5155,40.52292],[0.50916,40.5244],[0.50594,40.52609],[0.5053,40.52195],[0.50589,40.51936],[0.50409,40.51699],[0.49913,40.51199],[0.49501,40.50689],[0.48961,40.50189],[0.48692,40.49789],[0.48092,40.49056],[0.4795,40.48844],[0.48455,40.48669],[0.48619,40.48548],[0.48858,40.48479],[0.48999,40.48572],[0.4914,40.48867],[0.49383,40.48928],[0.49448,40.49113],[0.49572,40.49191],[0.49668,40.49434],[0.49956,40.4986],[0.50173,40.49963],[0.5025,40.50181],[0.50559,40.50455],[0.50532,40.50679],[0.50752,40.51057],[0.50941,40.51308],[0.5117,40.5138],[0.51265,40.51705],[0.51474,40.52054],[0.51422,40.52176],[0.5155,40.52292]]]},"properties":{"CUSEC":"1213801015","CMUN":"138","CDIS":"01","CSEC":"015","NMUN":"Vinaròs"}},
{"type":"Feature","geometry":{"type":"Polygon","coordinates":[[[0.47089,40.46787],[0.46963,40.46862],[0.46666,40.46528],[0.46834,40.46545],[0.47089,40.46787]]]},"properties":{"CUSEC":"1213801016","CMUN":"138","CDIS":"01","CSEC":"016","NMUN":"Vinaròs"}},
{"type":"Feature","geometry":{"type":"Polygon","coordinates":[[[0.46918,40.46177],[0.46477,40.46365],[0.46168,40.46036],[0.45649,40.45661],[0.45808,40.45538],[0.46134,40.45421],[0.46396,40.45655],[0.46404,40.45748],[0.46662,40.46027],[0.46918,40.46177]]]},"properties":{"CUSEC":"1213801017","CMUN":"138","CDIS":"01","CSEC":"017","NMUN":"Vinaròs"}},
{"type":"Feature","geometry":{"type":"Polygon","coordinates":[[[-0.2032,40.35105],[-0.20445,40.35335],[-0.2055,40.35345],[-0.20949,40.35215],[-0.21318,40.35244],[-0.21412,40.35426],[-0.21422,40.35717],[-0.21491,40.35794],[-0.21827,40.35848],[-0.21961,40.35917],[-0.21919,40.36122],[-0.21649,40.36014],[-0.21271,40.36443],[-0.21495,40.36585],[-0.21805,40.36874],[-0.22196,40.36857],[-0.2233,40.36905],[-0.22241,40.37147],[-0.2272,40.37184],[-0.22906,40.37097],[-0.23404,40.37071],[-0.23469,40.37287],[-0.23604,40.37426],[-0.23803,40.3745],[-0.24087,40.37352],[-0.24412,40.37508],[-0.24559,40.37339],[-0.24758,40.37565],[-0.24899,40.37515],[-0.25239,40.37548],[-0.25276,40.37246],[-0.25575,40.37317],[-0.25854,40.37129],[-0.25918,40.36859],[-0.26104,40.36769],[-0.26463,40.36787],[-0.26911,40.36963],[-0.27146,40.37208],[-0.274,40.37189],[-0.27423,40.37036],[-0.27603,40.36964],[-0.27603,40.36718],[-0.28005,40.36949],[-0.28226,40.37029],[-0.28388,40.36901],[-0.28339,40.36685],[-0.28925,40.3656],[-0.28974,40.36797],[-0.29505,40.36464],[-0.29641,40.36288],[-0.29903,40.36145],[-0.30411,40.36268],[-0.30692,40.36085],[-0.30733,40.35863],[-0.3087,40.35763],[-0.31188,40.35894],[-0.31444,40.35834],[-0.31627,40.35651],[-0.31888,40.355],[-0.32049,40.35102],[-0.32398,40.34792],[-0.32767,40.3473],[-0.32816,40.34571],[-0.33161,40.34482],[-0.33222,40.34176],[-0.33735,40.34065],[-0.33761,40.3394],[-0.34062,40.33999],[-0.34242,40.33771],[-0.34109,40.33628],[-0.34308,40.3343],[-0.34183,40.33306],[-0.34231,40.3317],[-0.3411,40.3292],[-0.34135,40.32813],[-0.34379,40.32704],[-0.34345,40.32531],[-0.34677,40.32539],[-0.3473,40.3278],[-0.34962,40.32814],[-0.34885,40.32398],[-0.34979,40.32238],[-0.34865,40.32039],[-0.35343,40.3184],[-0.35204,40.31758],[-0.35263,40.31383],[-0.35487,40.31473],[-0.35825,40.31295],[-0.3613,40.3144],[-0.3633,40.31642],[-0.36466,40.31371],[-0.36677,40.31199],[-0.3685,40.31211],[-0.36993,40.31017],[-0.36755,40.307],[-0.37205,40.30416],[-0.37257,40.30859],[-0.37431,40.30792],[-0.37495,40.30616],[-0.37646,40.305],[-0.37856,40.3074],[-0.37899,40.31],[-0.38197,40.30778],[-0.3844,40.30688],[-0.38574,40.30547],[-0.38864,40.30694],[-0.39011,40.30564],[-0.39022,40.30303],[-0.39142,40.3022],[-0.38997,40.29988],[-0.3923,40.2987],[-0.39443,40.3005],[-0.39539,40.29878],[-0.39392,40.29762],[-0.39963,40.29619],[-0.4003,40.29437],[-0.39626,40.29253],[-0.39527,40.29102],[-0.39223,40.28856],[-0.39035,40.288],[-0.38816,40.28549],[-0.38669,40.28236],[-0.38505,40.28007],[-0.38291,40.27852],[-0.38274,40.27648],[-0.38423,40.27541],[-0.38475,40.26894],[-0.38341,40.26701],[-0.38397,40.26446],[-0.38855,40.26161],[-0.38709,40.26012],[-0.38503,40.2599],[-0.38311,40.25799],[-0.3812,40.25701],[-0.38003,40.25448],[-0.37568,40.24659],[-0.37197,40.24437],[-0.37238,40.24072],[-0.37188,40.23832],[-0.35679,40.23022],[-0.34974,40.22271],[-0.3486,40.23101],[-0.34819,40.23188],[-0.34473,40.23478],[-0.33971,40.2351],[-0.3374,40.23609],[-0.33298,40.23436],[-0.33113,40.23545],[-0.32971,40.23736],[-0.32923,40.24017],[-0.32718,40.2431],[-0.32633,40.24576],[-0.32453,40.2482],[-0.32184,40.24888],[-0.31878,40.24867],[-0.31793,40.25051],[-0.31744,40.25497],[-0.31546,40.25544],[-0.31297,40.25776],[-0.3127,40.26329],[-0.31181,40.26552],[-0.3078,40.26639],[-0.3063,40.26603],[-0.3031,40.26736],[-0.29878,40.26825],[-0.29646,40.26821],[-0.29276,40.26721],[-0.29065,40.26616],[-0.28502,40.26538],[-0.28293,40.26472],[-0.27972,40.26123],[-0.27775,40.25998],[-0.25362,40.26357],[-0.24535,40.27181],[-0.2385,40.27587],[-0.23863,40.28459],[-0.23765,40.29156],[-0.2329,40.29729],[-0.23141,40.29978],[-0.22469,40.30546],[-0.21634,40.31374],[-0.21584,40.3157],[-0.20941,40.32071],[-0.20934,40.32245],[-0.20917,40.32368],[-0.20742,40.3253],[-0.20748,40.32641],[-0.20568,40.32744],[-0.20403,40.33012],[-0.20682,40.33043],[-0.20494,40.33283],[-0.20216,40.33405],[-0.20318,40.336],[-0.20051,40.33607],[-0.19954,40.33844],[-0.2031,40.33778],[-0.20334,40.33917],[-0.20594,40.33944],[-0.2025,40.3441],[-0.20386,40.34609],[-0.20591,40.34515],[-0.20622,40.34402],[-0.20924,40.34503],[-0.20591,40.34743],[-0.20431,40.34773],[-0.20448,40.35],[-0.2032,40.35105]]]},"properties":{"CUSEC":"1213901001","CMUN":"139","CDIS":"01","CSEC":"001","NMUN":"Vistabella del Maestrat"}},
{"type":"Feature","geometry":{"type":"Polygon","coordinates":[[[-0.58464,39.92974],[-0.5896,39.93047],[-0.59353,39.93824],[-0.59609,39.9445],[-0.59551,39.94918],[-0.59859,39.95321],[-0.60429,39.95659],[-0.60599,39.95669],[-0.61179,39.95847],[-0.61358,39.95977],[-0.61905,39.96239],[-0.62336,39.96501],[-0.62442,39.96716],[-0.62635,39.96786],[-0.63115,39.96788],[-0.63362,39.96878],[-0.63787,39.9717],[-0.6391,39.97456],[-0.6414,39.97711],[-0.64535,39.97986],[-0.64718,39.98169],[-0.64995,39.97998],[-0.65448,39.97995],[-0.65586,39.96388],[-0.65764,39.96397],[-0.65958,39.96127],[-0.66133,39.96188],[-0.66592,39.96135],[-0.66741,39.9607],[-0.66962,39.96161],[-0.67208,39.96166],[-0.6742,39.9624],[-0.67606,39.95986],[-0.67746,39.95913],[-0.68324,39.95877],[-0.68647,39.95716],[-0.69069,39.95707],[-0.6918,39.95664],[-0.69176,39.95423],[-0.68999,39.95191],[-0.68473,39.94982],[-0.6769,39.94446],[-0.6738,39.94061],[-0.66963,39.93786],[-0.66462,39.93381],[-0.65618,39.92332],[-0.65452,39.92065],[-0.64922,39.91411],[-0.64693,39.91241],[-0.64449,39.90763],[-0.64008,39.90269],[-0.63251,39.89389],[-0.63268,39.89274],[-0.63061,39.8885],[-0.63022,39.88686],[-0.62703,39.88263],[-0.62501,39.88178],[-0.62359,39.88019],[-0.62044,39.87852],[-0.61538,39.87926],[-0.61412,39.88141],[-0.61108,39.88389],[-0.60832,39.88516],[-0.6027,39.88992],[-0.60199,39.89194],[-0.59818,39.89474],[-0.5981,39.90031],[-0.59645,39.90323],[-0.59759,39.90614],[-0.59734,39.9099],[-0.59589,39.91192],[-0.59251,39.91263],[-0.59051,39.91221],[-0.58769,39.91345],[-0.58615,39.91679],[-0.58511,39.92134],[-0.58412,39.92566],[-0.58464,39.92974]]]},"properties":{"CUSEC":"1214001001","CMUN":"140","CDIS":"01","CSEC":"001","NMUN":"Viver"}},
{"type":"Feature","geometry":{"type":"Polygon","coordinates":[[[-0.14453,40.78544],[-0.14531,40.78593],[-0.15351,40.78695],[-0.16496,40.78863],[-0.16679,40.78575],[-0.1705,40.78627],[-0.18264,40.78485],[-0.19718,40.78446],[-0.1943,40.78276],[-0.19447,40.78182],[-0.19802,40.78026],[-0.20132,40.77982],[-0.2019,40.7789],[-0.20079,40.77718],[-0.20244,40.77481],[-0.20557,40.77336],[-0.20576,40.77117],[-0.20754,40.77015],[-0.20855,40.76815],[-0.21045,40.76738],[-0.21088,40.76199],[-0.21279,40.76128],[-0.21283,40.75827],[-0.21594,40.75684],[-0.21699,40.75573],[-0.22248,40.75394],[-0.22403,40.75416],[-0.22525,40.75062],[-0.22704,40.748],[-0.22672,40.74406],[-0.22887,40.74203],[-0.23051,40.73854],[-0.22923,40.73568],[-0.23167,40.73281],[-0.23091,40.73089],[-0.23206,40.7273],[-0.23369,40.72559],[-0.23562,40.72491],[-0.23742,40.72344],[-0.23839,40.72154],[-0.23926,40.71804],[-0.23721,40.71198],[-0.23555,40.709],[-0.23356,40.70855],[-0.232,40.70834],[-0.22999,40.70944],[-0.2273,40.71397],[-0.22521,40.71618],[-0.2232,40.7169],[-0.22181,40.71878],[-0.21806,40.72181],[-0.21608,40.72232],[-0.21408,40.7214],[-0.21166,40.72117],[-0.20947,40.72261],[-0.20707,40.72272],[-0.2033,40.72384],[-0.19948,40.72364],[-0.19435,40.72623],[-0.19261,40.7275],[-0.19002,40.72753],[-0.18881,40.72822],[-0.18378,40.72742],[-0.18171,40.72669],[-0.18015,40.72441],[-0.17865,40.71824],[-0.17631,40.71577],[-0.17368,40.71479],[-0.16929,40.71404],[-0.16659,40.71532],[-0.16318,40.71489],[-0.16096,40.71322],[-0.15906,40.71285],[-0.1493,40.70857],[-0.14335,40.70795],[-0.13998,40.70675],[-0.13729,40.70462],[-0.13626,40.70297],[-0.13206,40.70096],[-0.13171,40.6999],[-0.11553,40.6938],[-0.11073,40.6929],[-0.10935,40.69634],[-0.10551,40.70438],[-0.10439,40.70672],[-0.10267,40.70767],[-0.10247,40.70956],[-0.10406,40.71295],[-0.10398,40.71668],[-0.1049,40.71847],[-0.10255,40.72448],[-0.10249,40.72814],[-0.10363,40.73116],[-0.10262,40.73476],[-0.10172,40.73552],[-0.10204,40.74271],[-0.10377,40.7426],[-0.11034,40.74483],[-0.1129,40.74831],[-0.11581,40.74893],[-0.12192,40.75154],[-0.12684,40.75332],[-0.13154,40.75718],[-0.13314,40.75796],[-0.13563,40.76171],[-0.13563,40.76352],[-0.13852,40.76626],[-0.14224,40.76711],[-0.14384,40.76869],[-0.1444,40.77148],[-0.1454,40.77207],[-0.14718,40.77512],[-0.14574,40.77728],[-0.14471,40.78243],[-0.14453,40.78544]]]},"properties":{"CUSEC":"1214101001","CMUN":"141","CDIS":"01","CSEC":"001","NMUN":"Zorita del Maestrazgo"}},
{"type":"Feature","geometry":{"type":"Polygon","coordinates":[[[-0.40153,40.15782],[-0.40363,40.15928],[-0.40854,40.16078],[-0.41153,40.16288],[-0.41531,40.16416],[-0.42028,40.16467],[-0.42666,40.16456],[-0.4299,40.16474],[-0.43197,40.16636],[-0.43889,40.16784],[-0.44338,40.16676],[-0.44499,40.16679],[-0.4483,40.16809],[-0.45269,40.16524],[-0.45439,40.16331],[-0.4594,40.1621],[-0.46343,40.16246],[-0.46577,40.16224],[-0.4696,40.16107],[-0.47534,40.16055],[-0.48224,40.16156],[-0.49139,40.16079],[-0.48524,40.13978],[-0.48288,40.13249],[-0.48863,40.12329],[-0.49325,40.11691],[-0.50029,40.10766],[-0.49489,40.10692],[-0.48845,40.10521],[-0.4831,40.10236],[-0.47767,40.09993],[-0.47276,40.10014],[-0.46663,40.09627],[-0.46403,40.09389],[-0.46175,40.09351],[-0.45822,40.09048],[-0.45654,40.08798],[-0.4409,40.0988],[-0.40542,40.10114],[-0.40564,40.10129],[-0.40777,40.1026],[-0.40898,40.10433],[-0.41071,40.10456],[-0.41481,40.10745],[-0.41813,40.10785],[-0.4227,40.10932],[-0.42387,40.11108],[-0.42319,40.11218],[-0.42018,40.1144],[-0.41624,40.11621],[-0.41521,40.11822],[-0.41576,40.11963],[-0.41395,40.12131],[-0.41193,40.12221],[-0.40705,40.12116],[-0.40532,40.12163],[-0.4039,40.12304],[-0.40415,40.1255],[-0.40357,40.1294],[-0.40274,40.13026],[-0.40403,40.13283],[-0.40531,40.13402],[-0.40401,40.1364],[-0.40511,40.13761],[-0.40086,40.14192],[-0.39859,40.14271],[-0.39447,40.14189],[-0.3938,40.14427],[-0.39516,40.1464],[-0.39741,40.14864],[-0.39826,40.15205],[-0.39855,40.15648],[-0.40153,40.15782]]]},"properties":{"CUSEC":"1214201001","CMUN":"142","CDIS":"01","CSEC":"001","NMUN":"Zucaina"}},
{"type":"Feature","geometry":{"type":"Polygon","coordinates":[[[-0.09628,39.90403],[-0.0991,39.90286],[-0.10119,39.90295],[-0.10323,39.90389],[-0.10936,39.90427],[-0.11387,39.90557],[-0.11596,39.90689],[-0.11685,39.90448],[-0.1207,39.89827],[-0.1192,39.89779],[-0.11685,39.89966],[-0.11009,39.89899],[-0.11214,39.89533],[-0.10817,39.894],[-0.10454,39.89216],[-0.10209,39.89566],[-0.10467,39.8965],[-0.10337,39.89811],[-0.09754,39.90149],[-0.0955,39.90221],[-0.09628,39.90403]]]},"properties":{"CUSEC":"1290101001","CMUN":"901","CDIS":"01","CSEC":"001","NMUN":"Alqueries, les/Alquerías del Niño Perdido"}},
{"type":"Feature","geometry":{"type":"Polygon","coordinates":[[[-0.11596,39.90689],[-0.11798,39.90712],[-0.12364,39.90688],[-0.12741,39.90618],[-0.13041,39.90611],[-0.13198,39.90462],[-0.13424,39.90065],[-0.14413,39.89517],[-0.14775,39.8918],[-0.15257,39.89436],[-0.15786,39.89354],[-0.16054,39.89399],[-0.16837,39.89302],[-0.16658,39.89028],[-0.16272,39.88822],[-0.15885,39.88509],[-0.15284,39.88299],[-0.15069,39.88252],[-0.14437,39.87691],[-0.14238,39.87187],[-0.13888,39.868],[-0.13735,39.86674],[-0.12996,39.87128],[-0.12761,39.87438],[-0.12395,39.8758],[-0.1195,39.87679],[-0.11202,39.88111],[-0.10919,39.88337],[-0.10937,39.88393],[-0.10809,39.88913],[-0.10454,39.89216],[-0.10817,39.894],[-0.11214,39.89533],[-0.11771,39.89756],[-0.1192,39.89779],[-0.1207,39.89827],[-0.11685,39.90448],[-0.11596,39.90689]]]},"properties":{"CUSEC":"1290101002","CMUN":"901","CDIS":"01","CSEC":"002","NMUN":"Alqueries, les/Alquerías del Niño Perdido"}},
{"type":"Feature","geometry":{"type":"Polygon","coordinates":[[[-0.11214,39.89533],[-0.11009,39.89899],[-0.11685,39.89966],[-0.1192,39.89779],[-0.11771,39.89756],[-0.11214,39.89533]]]},"properties":{"CUSEC":"1290101003","CMUN":"901","CDIS":"01","CSEC":"003","NMUN":"Alqueries, les/Alquerías del Niño Perdido"}},
{"type":"Feature","geometry":{"type":"Polygon","coordinates":[[[-0.10659,40.0839],[-0.11071,40.08481],[-0.11172,40.08441],[-0.11585,40.08441],[-0.11403,40.08725],[-0.11478,40.09031],[-0.11631,40.09138],[-0.1173,40.0936],[-0.11666,40.09531],[-0.11971,40.09984],[-0.12318,40.09763],[-0.12934,40.09708],[-0.13087,40.09669],[-0.13473,40.09737],[-0.1394,40.09492],[-0.14309,40.09391],[-0.14573,40.09589],[-0.14545,40.09377],[-0.14325,40.09022],[-0.1442,40.08882],[-0.14602,40.08888],[-0.14881,40.08802],[-0.15173,40.08713],[-0.15366,40.08601],[-0.15556,40.08344],[-0.15554,40.0807],[-0.15671,40.07962],[-0.16047,40.07759],[-0.1629,40.07556],[-0.16562,40.07157],[-0.16591,40.06947],[-0.16464,40.06634],[-0.16269,40.06503],[-0.15461,40.0619],[-0.15274,40.06043],[-0.15174,40.05865],[-0.15158,40.05659],[-0.15287,40.05487],[-0.15649,40.05352],[-0.15686,40.05225],[-0.15465,40.04949],[-0.14853,40.04949],[-0.14648,40.0503],[-0.14232,40.05371],[-0.14158,40.05539],[-0.13819,40.059],[-0.13555,40.06248],[-0.13321,40.06369],[-0.12911,40.0671],[-0.1257,40.06729],[-0.12304,40.06902],[-0.12306,40.07033],[-0.11861,40.07598],[-0.11387,40.07959],[-0.11237,40.07955],[-0.11125,40.08088],[-0.10659,40.0839]]]},"properties":{"CUSEC":"1290201001","CMUN":"902","CDIS":"01","CSEC":"001","NMUN":"Sant Joan de Moró"}},
{"type":"Feature","geometry":{"type":"Polygon","coordinates":[[[-0.06637,40.07977],[-0.07006,40.08049],[-0.07092,40.08135],[-0.07051,40.08315],[-0.07278,40.08349],[-0.07662,40.08079],[-0.07953,40.08018],[-0.08197,40.08321],[-0.08481,40.08466],[-0.08769,40.08387],[-0.08881,40.083],[-0.09106,40.08393],[-0.09405,40.08381],[-0.09688,40.07944],[-0.09626,40.07688],[-0.09765,40.07607],[-0.10081,40.07723],[-0.10539,40.07728],[-0.10518,40.07853],[-0.1062,40.08121],[-0.10659,40.0839],[-0.11125,40.08088],[-0.11237,40.07955],[-0.11387,40.07959],[-0.11861,40.07598],[-0.12306,40.07033],[-0.12304,40.06902],[-0.1257,40.06729],[-0.12911,40.0671],[-0.13321,40.06369],[-0.13555,40.06248],[-0.13819,40.059],[-0.14158,40.05539],[-0.14232,40.05371],[-0.14648,40.0503],[-0.14853,40.04949],[-0.15465,40.04949],[-0.15588,40.04735],[-0.15759,40.04596],[-0.15871,40.04318],[-0.15874,40.04103],[-0.16061,40.03711],[-0.1604,40.03523],[-0.15796,40.03302],[-0.15791,40.03302],[-0.1536,40.03285],[-0.14842,40.03521],[-0.14495,40.0353],[-0.13787,40.03803],[-0.13329,40.04329],[-0.13056,40.0469],[-0.12625,40.051],[-0.1209,40.05219],[-0.1183,40.05355],[-0.10814,40.05388],[-0.10016,40.05905],[-0.09831,40.05876],[-0.09219,40.06157],[-0.07588,40.07371],[-0.06637,40.07977]]]},"properties":{"CUSEC":"1290201002","CMUN":"902","CDIS":"01","CSEC":"002","NMUN":"Sant Joan de Moró"}},
{"type":"Feature","geometry":{"type":"Polygon","coordinates":[[[0.00198,39.93826],[0.00244,39.94283],[-0.00009,39.94358],[-0.01215,39.94795],[-0.01529,39.94483],[-0.01593,39.94395],[-0.01582,39.94389],[-0.01537,39.94376],[-0.01425,39.94338],[-0.01248,39.94275],[-0.00528,39.93998],[0.00019,39.93843],[0.00198,39.93826]]]},"properties":{"CUSEC":"1200903005","CMUN":"009","CDIS":"03","CSEC":"005","NMUN":"Almassora"}},
{"type":"Feature","geometry":{"type":"Polygon","coordinates":[[[0.13866,40.08848],[0.1379,40.08889],[0.13405,40.09054],[0.12929,40.09067],[0.12943,40.09194],[0.12427,40.0934],[0.12306,40.09228],[0.12056,40.09269],[0.11901,40.09405],[0.11212,40.09771],[0.11052,40.09881],[0.10569,40.09577],[0.10544,40.09013],[0.09636,40.08932],[0.09144,40.08672],[0.08556,40.08327],[0.0842,40.08262],[0.08541,40.0794],[0.08874,40.07507],[0.09395,40.07403],[0.09297,40.07142],[0.08881,40.06813],[0.08854,40.06536],[0.08702,40.06298],[0.08843,40.0594],[0.08967,40.05781],[0.09003,40.05578],[0.09293,40.05593],[0.0945,40.05666],[0.0983,40.05604],[0.10456,40.05706],[0.10559,40.05654],[0.10886,40.05764],[0.11007,40.0592],[0.11422,40.06149],[0.11771,40.06149],[0.12048,40.06238],[0.12261,40.06493],[0.12493,40.06518],[0.12792,40.06933],[0.13202,40.07156],[0.13303,40.07311],[0.13203,40.07521],[0.13286,40.07755],[0.13591,40.08147],[0.13669,40.08294],[0.13824,40.08728],[0.13866,40.08848]]]},"properties":{"CUSEC":"1208501005","CMUN":"085","CDIS":"01","CSEC":"005","NMUN":"Orpesa/Oropesa del Mar"}},
{"type":"Feature","geometry":{"type":"Polygon","coordinates":[[[0.13303,40.07311],[0.13217,40.07528],[0.13393,40.07782],[0.136,40.07909],[0.13665,40.08143],[0.13874,40.08272],[0.14218,40.08317],[0.14285,40.08141],[0.14763,40.08278],[0.14708,40.08458],[0.14788,40.08632],[0.14602,40.08785],[0.14652,40.09037],[0.14009,40.09215],[0.13989,40.09155],[0.13869,40.08846],[0.13866,40.08848],[0.13824,40.08728],[0.13669,40.08294],[0.13591,40.08147],[0.13286,40.07755],[0.13203,40.07521],[0.13303,40.07311]]]},"properties":{"CUSEC":"1208501003","CMUN":"085","CDIS":"01","CSEC":"003","NMUN":"Orpesa/Oropesa del Mar"}},
{"type":"Feature","geometry":{"type":"Polygon","coordinates":[[[0.00198,39.93826],[0.00019,39.93843],[-0.00528,39.93998],[-0.01248,39.94275],[-0.01425,39.94338],[-0.01537,39.94376],[-0.01582,39.94389],[-0.01593,39.94395],[-0.01597,39.94389],[-0.01714,39.94327],[-0.01935,39.94036],[-0.02262,39.93922],[-0.02341,39.93802],[-0.02703,39.93575],[-0.03155,39.92961],[-0.03442,39.92633],[-0.03573,39.92288],[-0.03002,39.92063],[-0.02829,39.92037],[-0.02359,39.91861],[-0.02069,39.91823],[-0.01366,39.91413],[-0.0101,39.91104],[-0.00715,39.91407],[-0.00592,39.91594],[-0.00417,39.92193],[-0.00104,39.92943],[0.00152,39.93612],[0.00198,39.93826]]]},"properties":{"CUSEC":"1200903004","CMUN":"009","CDIS":"03","CSEC":"004","NMUN":"Almassora"}},
{"type":"Feature","geometry":{"type":"Polygon","coordinates":[[[-0.10771,39.94376],[-0.10821,39.94403],[-0.10967,39.94491],[-0.11049,39.94549],[-0.11349,39.94722],[-0.11518,39.94565],[-0.11611,39.94331],[-0.11513,39.94321],[-0.11282,39.94297],[-0.10963,39.94266],[-0.10773,39.94375],[-0.10771,39.94376]]]},"properties":{"CUSEC":"1213503007","CMUN":"135","CDIS":"03","CSEC":"007","NMUN":"Vila-real"}},
{"type":"Feature","geometry":{"type":"Polygon","coordinates":[[[-0.10771,39.94376],[-0.10688,39.94422],[-0.10575,39.94484],[-0.10619,39.94547],[-0.11841,39.96322],[-0.12026,39.96034],[-0.12145,39.95991],[-0.12482,39.96087],[-0.12763,39.96247],[-0.12993,39.96181],[-0.13417,39.96553],[-0.13605,39.96594],[-0.14145,39.96591],[-0.14366,39.96679],[-0.14907,39.9702],[-0.15369,39.97116],[-0.15703,39.97251],[-0.15822,39.97505],[-0.16306,39.97838],[-0.16425,39.97974],[-0.16665,39.9805],[-0.16834,39.97453],[-0.16899,39.9673],[-0.16987,39.96378],[-0.16963,39.96171],[-0.17165,39.95214],[-0.17223,39.9496],[-0.17261,39.94787],[-0.17229,39.94933],[-0.16353,39.948],[-0.15926,39.94779],[-0.11993,39.9437],[-0.11611,39.94331],[-0.11518,39.94565],[-0.11349,39.94722],[-0.11049,39.94549],[-0.10967,39.94491],[-0.10821,39.94403],[-0.10771,39.94376]]]},"properties":{"CUSEC":"1213503009","CMUN":"135","CDIS":"03","CSEC":"009","NMUN":"Vila-real"}}
]}